grid_id,longitude,latitude,Final_Risk
1,127.016521,37.509612,28.8872486398534
2,127.016392,37.509410,50.0135373409667
3,127.016447,37.509066,44.949382661971
4,127.016514,37.508719,35.5964433469494
5,127.016568,37.508442,28.1305943022191
6,127.016853,37.509664,37.8108340615685
7,127.016814,37.509413,35.096836535002
8,127.016816,37.509053,36.4767449561461
9,127.016819,37.508692,39.3765202547339
10,127.016827,37.508335,44.1651301559138
11,127.016883,37.507984,41.3296931839824
12,127.016951,37.507632,36.3118361346867
13,127.017011,37.507318,30.424803880996
14,127.017284,37.509730,43.4144041583903
15,127.017267,37.509415,39.4945143304095
16,127.017269,37.509055,42.2267330042749
17,127.017271,37.508694,31.4158868533301
18,127.017273,37.508334,29.7317448665904
19,127.017276,37.507973,34.6064758234306
20,127.017278,37.507613,41.1152066234007
21,127.017281,37.507252,43.7121584688695
22,127.017318,37.506902,48.0161073133067
23,127.017386,37.506548,43.9617864668913
24,127.017452,37.506208,36.5462600340857
25,127.017501,37.505954,30.4194666442058
26,127.017823,37.509994,34.9911041844017
27,127.017718,37.509776,43.9944522426278
28,127.017719,37.509417,42.3231197319397
29,127.017721,37.509057,37.1898604052835
30,127.017724,37.508696,36.5366661130538
31,127.017726,37.508336,34.7154054503501
32,127.017728,37.507975,43.4922635303922
33,127.017731,37.507615,39.8212453942775
34,127.017733,37.507254,38.4509919684623
35,127.017735,37.506893,42.3822083183191
36,127.017738,37.506533,40.0139376631798
37,127.017740,37.506172,36.9878307288518
38,127.017757,37.505819,42.3970717397368
39,127.017822,37.505465,41.6465144431264
40,127.017889,37.505117,38.0172460689141
41,127.017945,37.504830,34.3942383672895
42,127.018197,37.510052,42.7797985008471
43,127.018169,37.509780,47.121286975264
44,127.018172,37.509419,40.1344654401491
45,127.018174,37.509058,40.3276526191092
46,127.018176,37.508698,40.4766405919531
47,127.018179,37.508337,40.9460279083486
48,127.018181,37.507977,45.0145798520498
49,127.018183,37.507616,41.272446288499
50,127.018186,37.507256,45.4128252648753
51,127.018188,37.506895,45.3869714287533
52,127.018190,37.506535,42.2309133667121
53,127.018193,37.506174,30.4627638213092
54,127.018195,37.505814,32.2842429372195
55,127.018197,37.505453,35.4774301809886
56,127.018199,37.505093,33.8215400756157
57,127.018205,37.504734,45.0428201887138
58,127.018257,37.504384,49.3422775043498
59,127.018325,37.504031,45.2414455150551
60,127.018388,37.503707,41.2036692380147
61,127.018434,37.503466,36.7603641219306
62,127.018824,37.510329,30.4655175865399
63,127.018635,37.510119,47.7419710192644
64,127.018622,37.509781,46.1472880719297
65,127.018624,37.509421,43.5752400213294
66,127.018627,37.509060,41.6709664001505
67,127.018629,37.508700,43.6318016583855
68,127.018631,37.508339,44.1837650268432
69,127.018634,37.507979,45.6075051487433
70,127.018636,37.507618,45.6510224077565
71,127.018638,37.507258,41.770636623966
72,127.018640,37.506897,39.4107731885883
73,127.018643,37.506537,40.2366098262872
74,127.018645,37.506176,33.7891077204621
75,127.018647,37.505816,35.2794088152977
76,127.018650,37.505455,30.1596954747949
77,127.018652,37.505094,30.8633395429751
78,127.018654,37.504734,39.6944603673941
79,127.018657,37.504373,43.9893414995558
80,127.018659,37.504013,57.1452208566197
81,127.018661,37.503652,45.7297688593674
82,127.018693,37.503302,61.7259553340333
83,127.018761,37.502947,69.0392000779763
84,127.018827,37.502604,53.4797186772121
85,127.018878,37.502342,39.0467985464336
86,127.019130,37.510377,35.2396349943361
87,127.019072,37.510144,44.9292582501631
88,127.019075,37.509783,42.1693950602824
89,127.019077,37.509423,40.9310488496354
90,127.019079,37.509062,43.6356693550778
91,127.019081,37.508702,43.8780022888018
92,127.019084,37.508341,40.8422037622847
93,127.019086,37.507981,44.792763406308
94,127.019088,37.507620,41.3404238492645
95,127.019091,37.507260,36.8550628922361
96,127.019093,37.506899,39.2164506893545
97,127.019095,37.506538,37.9920012627919
98,127.019098,37.506178,34.703114196461
99,127.019100,37.505817,35.4206665754559
100,127.019102,37.505457,36.8250768172671
101,127.019105,37.505096,37.1295288360692
102,127.019107,37.504736,46.9826557049611
103,127.019109,37.504375,52.2611216921666
104,127.019112,37.504015,66.3005793451759
105,127.019114,37.503654,53.7481917383914
106,127.019116,37.503294,62.5175110264175
107,127.019118,37.502933,75.9033441608639
108,127.019121,37.502573,59.6539085495276
109,127.019134,37.502218,56.4060464844267
110,127.019196,37.501865,45.8427461874735
111,127.019264,37.501515,40.3037510674599
112,127.019321,37.501219,34.7306272919623
113,127.019546,37.510441,37.1218546103588
114,127.019525,37.510146,38.6151594691149
115,127.019527,37.509785,40.9413080462864
116,127.019529,37.509425,44.7829412453922
117,127.019532,37.509064,45.4452972875413
118,127.019534,37.508703,40.7589144762804
119,127.019536,37.508343,41.2556815078922
120,127.019539,37.507982,42.608112578608
121,127.019541,37.507622,41.4128864814504
122,127.019543,37.507261,35.9229924431213
123,127.019546,37.506901,42.3029322651103
124,127.019548,37.506540,38.5164557533105
125,127.019550,37.506180,35.0891344630986
126,127.019553,37.505819,40.5923159692684
127,127.019555,37.505459,49.2788808286464
128,127.019557,37.505098,50.8952272402892
129,127.019559,37.504738,59.0279452268094
130,127.019562,37.504377,65.0984503532717
131,127.019564,37.504017,64.0162962426068
132,127.019566,37.503656,69.7117592935112
133,127.019569,37.503295,71.0093117624756
134,127.019571,37.502935,76.988576710233
135,127.019573,37.502574,64.5142045830901
136,127.019576,37.502214,51.5013291124557
137,127.019578,37.501853,55.7779545986455
138,127.019580,37.501493,52.9041653695549
139,127.019584,37.501133,38.4516188394133
140,127.019632,37.500783,42.6875772346702
141,127.019700,37.500430,38.9101685937799
142,127.019764,37.500098,31.8536983228533
143,127.019811,37.499855,25.3250604585971
144,127.020126,37.510711,27.6810302406441
145,127.019983,37.510500,40.322201169
146,127.019977,37.510147,42.3961085430498
147,127.019980,37.509787,41.1896915620924
148,127.019982,37.509426,39.1253167187012
149,127.019984,37.509066,47.404767245566
150,127.019987,37.508705,43.9327038449118
151,127.019989,37.508345,44.4294708765237
152,127.019991,37.507984,39.9310902415884
153,127.019994,37.507624,40.805726776147
154,127.019996,37.507263,38.6276129485638
155,127.019998,37.506903,42.8824938019908
156,127.020000,37.506542,38.6820447638477
157,127.020003,37.506182,37.6557641264266
158,127.020005,37.505821,40.3715306218853
159,127.020007,37.505461,49.0856936496862
160,127.020010,37.505100,50.2052730297171
161,127.020012,37.504739,59.2487305741924
162,127.020014,37.504379,66.671545953376
163,127.020017,37.504018,63.8195868674248
164,127.020019,37.503658,72.3887816305309
165,127.020021,37.503297,74.9282516785249
166,127.020024,37.502937,68.4607426675623
167,127.020026,37.502576,64.2822732456909
168,127.020028,37.502216,63.2581488606037
169,127.020030,37.501855,54.8672150406904
170,127.020033,37.501495,57.4302649909076
171,127.020035,37.501134,56.5236231095815
172,127.020037,37.500774,49.2805322071182
173,127.020040,37.500413,48.4304537388461
174,127.020042,37.500053,42.9941673439187
175,127.020068,37.499702,49.9392739739386
176,127.020135,37.499347,49.138927089675
177,127.020202,37.499001,47.4685626977285
178,127.020254,37.498731,40.3362897193175
179,127.020464,37.510763,44.583669163728
180,127.020428,37.510510,41.9717068613573
181,127.020430,37.510149,45.724511698514
182,127.020432,37.509789,40.0111193255741
183,127.020435,37.509428,38.2476119771691
184,127.020437,37.509068,35.9017676612241
185,127.020439,37.508707,34.635563532732
186,127.020442,37.508347,37.0502940431309
187,127.020444,37.507986,39.3615033404511
188,127.020446,37.507626,35.172854068813
189,127.020448,37.507265,37.9519578482988
190,127.020451,37.506904,38.65536028049
191,127.020453,37.506544,40.4004181483352
192,127.020455,37.506183,50.083331976242
193,127.020458,37.505823,50.552500839431
194,127.020460,37.505462,59.7167674104593
195,127.020462,37.505102,57.5799813697966
196,127.020465,37.504741,64.5011475183968
197,127.020467,37.504381,70.8472776535635
198,127.020469,37.504020,69.9213190655543
199,127.020471,37.503660,66.7184023560541
200,127.020474,37.503299,79.1404163913606
201,127.020476,37.502939,67.0754986742763
202,127.020478,37.502578,70.3485347265831
203,127.020481,37.502218,60.6903092772777
204,127.020483,37.501857,59.4207935298251
205,127.020485,37.501496,66.3954578204239
206,127.020488,37.501136,58.9886281083149
207,127.020490,37.500775,60.1871873605397
208,127.020492,37.500415,50.9692932387062
209,127.020495,37.500054,47.828940754076
210,127.020497,37.499694,47.6126354087639
211,127.020499,37.499333,49.3237218509827
212,127.020501,37.498973,49.3750902520256
213,127.020511,37.498617,54.2882195909183
214,127.020571,37.498265,47.8506275304888
215,127.020638,37.497914,43.4558228189254
216,127.020697,37.497607,34.7258118416396
217,127.020897,37.510830,49.22256609072
218,127.020880,37.510512,49.1478893042779
219,127.020883,37.510151,43.3089106686404
220,127.020885,37.509791,41.0803834212951
221,127.020887,37.509430,44.3592696523656
222,127.020889,37.509070,42.3446033574952
223,127.020892,37.508709,39.8172570268854
224,127.020894,37.508348,39.7896588584625
225,127.020896,37.507988,36.0160165048778
226,127.020899,37.507627,33.6499369685069
227,127.020901,37.507267,34.9176835542004
228,127.020903,37.506906,45.5752052974686
229,127.020906,37.506546,49.8073701814441
230,127.020908,37.506185,51.2410268061207
231,127.020910,37.505825,49.6679312060164
232,127.020913,37.505464,60.1295334394782
233,127.020915,37.505104,62.6981258883137
234,127.020917,37.504743,63.9146615866081
235,127.020919,37.504383,62.015870344944
236,127.020922,37.504022,71.4644200986667
237,127.020924,37.503662,69.7085503791122
238,127.020926,37.503301,77.6596611299117
239,127.020929,37.502940,67.2104361115263
240,127.020931,37.502580,73.1992386592918
241,127.020933,37.502219,59.9132510183044
242,127.020936,37.501859,59.5672925202646
243,127.020938,37.501498,61.1972378703287
244,127.020940,37.501138,63.0896818441676
245,127.020942,37.500777,56.1635246741146
246,127.020945,37.500417,53.2538840490205
247,127.020947,37.500056,52.5441331711114
248,127.020949,37.499696,57.0958185344357
249,127.020952,37.499335,48.7335735023023
250,127.020954,37.498975,54.5518221367782
251,127.020956,37.498614,52.0955851471417
252,127.020959,37.498254,40.3927967933751
253,127.020961,37.497893,38.9297231975727
254,127.020964,37.497533,43.2002667034918
255,127.021006,37.497183,40.8811732192775
256,127.021074,37.496829,41.5195173928176
257,127.021139,37.496492,35.9710543879302
258,127.021187,37.496243,35.9546022095234
259,127.021428,37.511093,37.3575085607826
260,127.021332,37.510873,59.9995218731434
261,127.021333,37.510513,53.1595188215876
262,127.021335,37.510153,45.1919230224115
263,127.021337,37.509792,42.6742107805862
264,127.021340,37.509432,43.7780084661283
265,127.021342,37.509071,46.4826289715708
266,127.021344,37.508711,47.3788671732012
267,127.021347,37.508350,44.5223475148295
268,127.021349,37.507990,41.9066250310331
269,127.021351,37.507629,52.959436435447
270,127.021354,37.507269,52.8739559013521
271,127.021356,37.506908,54.518267857456
272,127.021358,37.506548,53.9241955844365
273,127.021360,37.506187,56.7406733456687
274,127.021363,37.505827,58.1481799352357
275,127.021365,37.505466,65.4686456484805
276,127.021367,37.505105,60.5435724309562
277,127.021370,37.504745,63.548588217354
278,127.021372,37.504384,58.5574141160898
279,127.021374,37.504024,62.8468540003858
280,127.021377,37.503663,68.2680372432266
281,127.021379,37.503303,69.9076722801597
282,127.021381,37.502942,73.5729343865042
283,127.021383,37.502582,64.8830335295179
284,127.021386,37.502221,60.5197304231804
285,127.021388,37.501861,66.7156284607208
286,127.021390,37.501500,68.0680877655958
287,127.021393,37.501140,66.3945772915726
288,127.021395,37.500779,60.91159282807
289,127.021397,37.500419,60.4397495921071
290,127.021400,37.500058,66.6619322779925
291,127.021402,37.499697,68.923841828368
292,127.021404,37.499337,60.2991244955417
293,127.021406,37.498976,51.8854709440425
294,127.021409,37.498616,53.3205757020324
295,127.021411,37.498255,46.5034428049761
296,127.021413,37.497895,63.7227071709674
297,127.021416,37.497534,61.3327875378979
298,127.021418,37.497174,50.7089192922948
299,127.021420,37.496813,47.0134979262636
300,127.021423,37.496453,50.1498089619116
301,127.021443,37.496101,65.8025513883205
302,127.021509,37.495746,63.6737155129311
303,127.021576,37.495399,50.3033177681291
304,127.021630,37.495119,42.5186681940173
305,127.021809,37.511152,45.6649925158076
306,127.021783,37.510876,55.3630956222555
307,127.021785,37.510515,65.557318938291
308,127.021788,37.510155,67.921301697754
309,127.021790,37.509794,64.1430154698628
310,127.021792,37.509434,58.615550514715
311,127.021795,37.509073,55.1933776302776
312,127.021797,37.508713,53.3798616114506
313,127.021799,37.508352,55.685290067515
314,127.021802,37.507992,57.2037238723986
315,127.021804,37.507631,55.4057485416337
316,127.021806,37.507271,58.0522218806053
317,127.021808,37.506910,58.6990278548781
318,127.021811,37.506549,61.7391921521746
319,127.021813,37.506189,62.1284675694541
320,127.021815,37.505828,61.466111527305
321,127.021818,37.505468,67.0132176097223
322,127.021820,37.505107,68.1162419422187
323,127.021822,37.504747,64.8623047062491
324,127.021825,37.504386,55.9268600605756
325,127.021827,37.504026,51.0132938152698
326,127.021829,37.503665,65.8048198239021
327,127.021831,37.503305,55.29018739561
328,127.021834,37.502944,57.7079826447365
329,127.021836,37.502584,61.4924539148931
330,127.021838,37.502223,73.2319061984658
331,127.021841,37.501863,72.9426715630419
332,127.021843,37.501502,69.1243783881956
333,127.021845,37.501141,72.611554950313
334,127.021848,37.500781,63.9562734656534
335,127.021850,37.500420,67.3536252590033
336,127.021852,37.500060,63.9440471653026
337,127.021854,37.499699,64.9450492188976
338,127.021857,37.499339,61.8986841037154
339,127.021859,37.498978,58.0769402671315
340,127.021861,37.498618,54.5332287189864
341,127.021864,37.498257,46.8383609887234
342,127.021866,37.497897,53.4961802928523
343,127.021868,37.497536,59.7980018376063
344,127.021871,37.497176,52.8812108530843
345,127.021873,37.496815,56.8010420042559
346,127.021875,37.496455,51.5556754410928
347,127.021877,37.496094,67.0658460947527
348,127.021880,37.495733,57.7822711408686
349,127.021882,37.495373,57.5005541367599
350,127.021889,37.495016,52.6450114731497
351,127.021945,37.494664,53.9684128382088
352,127.022013,37.494312,49.0809288916081
353,127.022074,37.493996,43.3883233134939
354,127.022429,37.511428,30.3900254911566
355,127.022248,37.511218,57.563303233857
356,127.022236,37.510878,61.2128150618739
357,127.022238,37.510517,51.6615319107664
358,127.022240,37.510157,53.2671111716165
359,127.022243,37.509796,60.5015864104881
360,127.022245,37.509436,69.562265678709
361,127.022247,37.509075,70.969772268276
362,127.022250,37.508714,60.8796456142694
363,127.022252,37.508354,53.1393407644046
364,127.022254,37.507993,49.649908493171
365,127.022256,37.507633,54.9175011850772
366,127.022259,37.507272,62.9873422989549
367,127.022261,37.506912,63.1793246272666
368,127.022263,37.506551,58.5087769135728
369,127.022266,37.506191,62.3973129922712
370,127.022268,37.505830,61.9005459606593
371,127.022270,37.505470,59.0110280349201
372,127.022272,37.505109,64.1013276341037
373,127.022275,37.504749,57.2417149702288
374,127.022277,37.504388,53.7452940359286
375,127.022279,37.504028,54.9178885140913
376,127.022282,37.503667,60.6854688080606
377,127.022284,37.503306,54.0754310785901
378,127.022286,37.502946,63.8182462853232
379,127.022289,37.502585,62.3555433589104
380,127.022291,37.502225,63.7834025642242
381,127.022293,37.501864,60.1819508116413
382,127.022295,37.501504,66.3535470166117
383,127.022298,37.501143,77.4886930299658
384,127.022300,37.500783,73.1261012827834
385,127.022302,37.500422,62.6172529890987
386,127.022305,37.500062,66.0346281363708
387,127.022307,37.499701,63.562438524524
388,127.022309,37.499341,62.1273337665341
389,127.022312,37.498980,56.1503130011626
390,127.022314,37.498620,63.795005654301
391,127.022316,37.498259,56.9648446530921
392,127.022318,37.497898,59.5282981131819
393,127.022321,37.497538,64.0738676129393
394,127.022323,37.497177,55.200991939296
395,127.022325,37.496817,65.6371956330989
396,127.022328,37.496456,61.4395648391846
397,127.022330,37.496096,55.7267439756479
398,127.022332,37.495735,64.3036805895193
399,127.022334,37.495375,70.4721989118434
400,127.022337,37.495014,64.5472961139156
401,127.022339,37.494654,53.9860545500987
402,127.022341,37.494293,53.162647503128
403,127.022344,37.493933,47.1003894863263
404,127.022380,37.493583,51.8044076156414
405,127.022448,37.493228,49.2378392493095
406,127.022514,37.492888,44.3834478461597
407,127.022563,37.492632,24.935661320145
408,127.022739,37.511476,31.8704309897602
409,127.022686,37.511240,54.4401226847338
410,127.022688,37.510880,55.3741640413851
411,127.022691,37.510519,52.2575456260536
412,127.022693,37.510158,59.3393635842702
413,127.022695,37.509798,58.0338440953089
414,127.022697,37.509437,55.9777043660652
415,127.022700,37.509077,61.2765527032587
416,127.022702,37.508716,64.9403627713486
417,127.022704,37.508356,70.9026577700482
418,127.022707,37.507995,70.6904897329325
419,127.022709,37.507635,66.9263720340613
420,127.022711,37.507274,59.8620037926895
421,127.022714,37.506914,62.1571267045104
422,127.022716,37.506553,68.8210980458555
423,127.022718,37.506193,64.484214974098
424,127.022720,37.505832,63.3250919003369
425,127.022723,37.505472,56.8550989763194
426,127.022725,37.505111,60.5541257111361
427,127.022727,37.504750,59.5722626852333
428,127.022730,37.504390,55.7858108735695
429,127.022732,37.504029,63.8312231018561
430,127.022734,37.503669,56.5872500238659
431,127.022737,37.503308,52.4464837820204
432,127.022739,37.502948,56.5179070335678
433,127.022741,37.502587,62.0486867081605
434,127.022743,37.502227,55.6564338555039
435,127.022746,37.501866,54.6353016238573
436,127.022748,37.501506,63.6887502888058
437,127.022750,37.501145,68.7833926688534
438,127.022753,37.500785,73.4642698064675
439,127.022755,37.500424,73.2198283284338
440,127.022757,37.500064,67.8415244072826
441,127.022759,37.499703,71.6206206781115
442,127.022762,37.499342,68.8608038358233
443,127.022764,37.498982,61.2551763343254
444,127.022766,37.498621,62.565980107809
445,127.022769,37.498261,58.2390152092334
446,127.022771,37.497900,68.8661247409355
447,127.022773,37.497540,64.7466629320882
448,127.022776,37.497179,59.4196488220099
449,127.022778,37.496819,62.7214446462802
450,127.022780,37.496458,77.1155692854277
451,127.022782,37.496098,73.1690312009555
452,127.022785,37.495737,69.3886795009681
453,127.022787,37.495377,71.6232589770711
454,127.022789,37.495016,74.3493989402875
455,127.022792,37.494655,65.7922191035416
456,127.022794,37.494295,54.4421509304076
457,127.022796,37.493934,46.6492052673414
458,127.022798,37.493574,51.2163941580826
459,127.022801,37.493213,47.0328720147564
460,127.022803,37.492853,46.0393379515326
461,127.022819,37.492499,36.4942776989609
462,127.022883,37.492146,36.8371827921362
463,127.022951,37.491797,33.8113686520947
464,127.023007,37.491508,26.05388528002
465,127.023159,37.511541,37.1264637751525
466,127.023139,37.511242,47.7225614425021
467,127.023141,37.510881,47.4826976017514
468,127.023143,37.510521,51.1120520844456
469,127.023145,37.510160,51.3773995741962
470,127.023148,37.509800,56.1317500661683
471,127.023150,37.509439,59.5157213743034
472,127.023152,37.509079,53.9033975882263
473,127.023155,37.508718,57.1220611533805
474,127.023157,37.508358,57.0531749589266
475,127.023159,37.507997,64.4199003169797
476,127.023162,37.507637,73.0442749501741
477,127.023164,37.507276,75.8144005007352
478,127.023166,37.506915,77.4436770591294
479,127.023168,37.506555,67.2937865831772
480,127.023171,37.506194,64.3187898357961
481,127.023173,37.505834,61.6693656671994
482,127.023175,37.505473,65.5028202384487
483,127.023178,37.505113,76.3724858824817
484,127.023180,37.504752,59.2993647869441
485,127.023182,37.504392,58.478953141193
486,127.023184,37.504031,69.5186574167591
487,127.023187,37.503671,55.4440284275021
488,127.023189,37.503310,60.5899366333533
489,127.023191,37.502950,61.103100265077
490,127.023194,37.502589,59.69559367551
491,127.023196,37.502229,58.7677781705842
492,127.023198,37.501868,51.2758568365253
493,127.023201,37.501507,64.8612934793489
494,127.023203,37.501147,75.2715274590625
495,127.023205,37.500786,70.9820941614694
496,127.023207,37.500426,62.1548391104501
497,127.023210,37.500065,68.8345032132338
498,127.023212,37.499705,80.3081520814457
499,127.023214,37.499344,76.2582657157255
500,127.023217,37.498984,70.0456054760628
501,127.023219,37.498623,67.3374627743986
502,127.023221,37.498263,62.1768829198208
503,127.023223,37.497902,75.3273713033124
504,127.023226,37.497542,59.2150853688802
505,127.023228,37.497181,73.0820512639002
506,127.023230,37.496821,68.3551797690322
507,127.023233,37.496460,79.8832405630971
508,127.023235,37.496099,69.8786148091267
509,127.023237,37.495739,57.8413896202984
510,127.023239,37.495378,75.3723987951218
511,127.023242,37.495018,73.8918554001765
512,127.023244,37.494657,70.1542253551829
513,127.023246,37.494297,49.9810632201136
514,127.023249,37.493936,47.9461520176299
515,127.023251,37.493576,62.0899053511113
516,127.023253,37.493215,60.2226665697999
517,127.023256,37.492855,58.9255526539244
518,127.023258,37.492494,40.3577579311742
519,127.023260,37.492134,43.7099540018007
520,127.023262,37.491773,42.1687710532791
521,127.023268,37.491414,43.5175926413986
522,127.023319,37.491064,52.0993805248358
523,127.023387,37.490711,50.1195622750138
524,127.023450,37.490385,38.7800201490115
525,127.023496,37.490144,32.4368701261999
526,127.023732,37.511810,25.9063883654082
527,127.023595,37.511598,40.5886139663817
528,127.023591,37.511244,46.0074669183547
529,127.023593,37.510883,45.1954738262284
530,127.023596,37.510523,52.0601442173625
531,127.023598,37.510162,51.7653105039972
532,127.023600,37.509802,42.6499931319363
533,127.023603,37.509441,47.6999382138078
534,127.023605,37.509081,52.9823343725945
535,127.023607,37.508720,55.8102643957519
536,127.023610,37.508359,61.540515766325
537,127.023612,37.507999,64.2436260389713
538,127.023614,37.507638,63.4027060092946
539,127.023616,37.507278,67.4452327203693
540,127.023619,37.506917,69.6329104947724
541,127.023621,37.506557,74.8690502668579
542,127.023623,37.506196,71.7757005418134
543,127.023626,37.505836,66.7804320572716
544,127.023628,37.505475,69.1636047482825
545,127.023630,37.505115,61.8765976652845
546,127.023632,37.504754,53.2128516368412
547,127.023635,37.504394,57.8544792935761
548,127.023637,37.504033,62.325382578083
549,127.023639,37.503673,52.8179227830033
550,127.023642,37.503312,51.7272986382269
551,127.023644,37.502951,51.3868801876729
552,127.023646,37.502591,55.9846283242781
553,127.023648,37.502230,65.4170535147429
554,127.023651,37.501870,60.7529630512757
555,127.023653,37.501509,62.3380934491985
556,127.023655,37.501149,56.3391939303416
557,127.023658,37.500788,53.6324500605077
558,127.023660,37.500428,62.6290772276284
559,127.023662,37.500067,68.7693453152614
560,127.023665,37.499707,72.4160540765646
561,127.023667,37.499346,64.4125852339287
562,127.023669,37.498986,80.8715065441545
563,127.023671,37.498625,69.3330405665249
564,127.023674,37.498264,71.9250536516717
565,127.023676,37.497904,75.8362160756342
566,127.023678,37.497543,60.5235489714416
567,127.023681,37.497183,66.2868479564376
568,127.023683,37.496822,78.4172773053436
569,127.023685,37.496462,81.2427034146654
570,127.023687,37.496101,62.5446546074871
571,127.023690,37.495741,60.2461787984627
572,127.023692,37.495380,66.6202650847916
573,127.023694,37.495020,59.3771388747105
574,127.023697,37.494659,68.6832099083025
575,127.023699,37.494299,71.648919165715
576,127.023701,37.493938,58.7591243927789
577,127.023703,37.493578,61.7392367417417
578,127.023706,37.493217,55.6259744065839
579,127.023708,37.492856,59.6277088279019
580,127.023710,37.492496,56.4086446945504
581,127.023713,37.492135,47.110605803631
582,127.023715,37.491775,54.1539061150993
583,127.023717,37.491414,54.8014336860152
584,127.023719,37.491054,62.1185444979473
585,127.023722,37.490693,54.5076659849028
586,127.023724,37.490333,56.7819546736472
587,127.023754,37.489982,48.2230224640887
588,127.023822,37.489628,46.4291415166014
589,127.023888,37.489284,34.6684277429219
590,127.023939,37.489020,27.6841283464252
591,127.024076,37.511863,34.9033912712679
592,127.024042,37.511606,40.28503411373
593,127.024044,37.511246,37.1208566861866
594,127.024046,37.510885,43.6388304045309
595,127.024048,37.510524,46.6785013749004
596,127.024051,37.510164,47.2010461255564
597,127.024053,37.509803,43.5883308583143
598,127.024055,37.509443,47.8379290559222
599,127.024058,37.509082,56.4597035938777
600,127.024060,37.508722,55.2066268866702
601,127.024062,37.508361,64.5005641800169
602,127.024064,37.508001,59.9383117650016
603,127.024067,37.507640,65.9693356726227
604,127.024069,37.507280,66.7899210706636
605,127.024071,37.506919,66.8730936524841
606,127.024074,37.506559,58.8621125815861
607,127.024076,37.506198,64.6277749202868
608,127.024078,37.505838,67.9671532994556
609,127.024080,37.505477,75.5111834855454
610,127.024083,37.505116,75.3997001924969
611,127.024085,37.504756,68.2098030804825
612,127.024087,37.504395,70.7539699370783
613,127.024090,37.504035,56.3753241887566
614,127.024092,37.503674,57.0404425517043
615,127.024094,37.503314,62.7665660073799
616,127.024096,37.502953,52.1307803413066
617,127.024099,37.502593,57.678012194306
618,127.024101,37.502232,51.5627729664559
619,127.024103,37.501872,53.8534209455551
620,127.024106,37.501511,64.6563395967207
621,127.024108,37.501151,62.824763509719
622,127.024110,37.500790,67.3763379351032
623,127.024112,37.500430,77.2561064917561
624,127.024115,37.500069,67.9138020941521
625,127.024117,37.499708,60.7144306652625
626,127.024119,37.499348,76.9697518663402
627,127.024122,37.498987,80.8991047125774
628,127.024124,37.498627,70.4645654718631
629,127.024126,37.498266,64.8599225354138
630,127.024128,37.497906,68.6330941172618
631,127.024131,37.497545,70.1001134141818
632,127.024133,37.497185,76.1669922518296
633,127.024135,37.496824,80.5975326107513
634,127.024138,37.496464,72.1629060035371
635,127.024140,37.496103,71.134729379447
636,127.024142,37.495743,74.4316373678243
637,127.024144,37.495382,63.4188775477372
638,127.024147,37.495022,61.9472907342603
639,127.024149,37.494661,63.7155395921837
640,127.024151,37.494300,75.2437254531331
641,127.024154,37.493940,54.0157616202648
642,127.024156,37.493579,53.5737010847903
643,127.024158,37.493219,56.0951432697729
644,127.024160,37.492858,59.7381015015934
645,127.024163,37.492498,60.8795479790573
646,127.024165,37.492137,53.3589378572186
647,127.024167,37.491777,50.3066147143025
648,127.024170,37.491416,49.8613615383193
649,127.024172,37.491056,54.1150756553114
650,127.024174,37.490695,54.7560495007088
651,127.024177,37.490335,50.48957227323
652,127.024179,37.489974,50.1384420752838
653,127.024181,37.489613,45.9435204750056
654,127.024183,37.489253,39.6876599089375
655,127.024196,37.488898,41.814390578941
656,127.024257,37.488545,42.3165709464484
657,127.024325,37.488195,43.6904517754259
658,127.024383,37.487896,29.8387150947309
659,127.024510,37.511930,36.1695640015715
660,127.024494,37.511608,34.5697423991947
661,127.024496,37.511247,36.2337152732099
662,127.024499,37.510887,30.4970099457616
663,127.024501,37.510526,38.7903390139557
664,127.024503,37.510166,41.9878224981293
665,127.024506,37.509805,42.9971101330322
666,127.024508,37.509445,48.6849391243537
667,127.024510,37.509084,54.1804968367291
668,127.024512,37.508724,58.6873159602925
669,127.024515,37.508363,59.4681996879337
670,127.024517,37.508003,65.6805875845558
671,127.024519,37.507642,68.0545975440636
672,127.024522,37.507281,63.3383303888838
673,127.024524,37.506921,59.7459214555733
674,127.024526,37.506560,62.409114534774
675,127.024528,37.506200,60.2751552066333
676,127.024531,37.505839,61.5863579073957
677,127.024533,37.505479,58.8608325020662
678,127.024535,37.505118,65.263607576175
679,127.024538,37.504758,69.153943054901
680,127.024540,37.504397,72.0814870921996
681,127.024542,37.504037,71.3409240621192
682,127.024544,37.503676,63.6334619043102
683,127.024547,37.503316,60.5100629019804
684,127.024549,37.502955,52.2524498959303
685,127.024551,37.502595,51.2424636542998
686,127.024554,37.502234,59.4530687647135
687,127.024556,37.501873,51.2848830776907
688,127.024558,37.501513,62.6946420523896
689,127.024560,37.501152,59.3346974149726
690,127.024563,37.500792,58.1138888691949
691,127.024565,37.500431,69.8242405287045
692,127.024567,37.500071,60.6694501133934
693,127.024570,37.499710,60.6689970976564
694,127.024572,37.499350,62.876850571487
695,127.024574,37.498989,67.6402470467608
696,127.024576,37.498629,67.5644969339356
697,127.024579,37.498268,67.4145911622158
698,127.024581,37.497908,70.003155677354
699,127.024583,37.497547,70.1009806403051
700,127.024586,37.497187,72.9925508169299
701,127.024588,37.496826,75.4903472200994
702,127.024590,37.496465,74.3379299587179
703,127.024592,37.496105,82.0930152855479
704,127.024595,37.495744,75.3112554069719
705,127.024597,37.495384,62.5251684153768
706,127.024599,37.495023,55.4645709266224
707,127.024602,37.494663,73.1854080008811
708,127.024604,37.494302,59.6211730864944
709,127.024606,37.493942,61.2783127434325
710,127.024608,37.493581,72.3788655031605
711,127.024611,37.493221,53.4785169629931
712,127.024613,37.492860,54.1684711735652
713,127.024615,37.492500,49.2058766981387
714,127.024618,37.492139,55.4567526193183
715,127.024620,37.491779,53.182316654418
716,127.024622,37.491418,60.1152972908156
717,127.024624,37.491057,52.1488085777539
718,127.024627,37.490697,58.7682795559954
719,127.024629,37.490336,57.2848979160407
720,127.024631,37.489976,53.2387526627745
721,127.024634,37.489615,49.3198127467252
722,127.024636,37.489255,46.4008051098835
723,127.024638,37.488894,45.5589517463824
724,127.024640,37.488534,43.4927730676646
725,127.024643,37.488173,39.8147544375364
726,127.024646,37.487814,50.1953778223758
727,127.024667,37.487529,47.6496739173889
728,127.025034,37.512192,18.2931683113826
729,127.024945,37.511970,29.4014706684991
730,127.024947,37.511610,31.7612232952588
731,127.024949,37.511249,27.3118741837957
732,127.024951,37.510889,29.6199257250144
733,127.024954,37.510528,33.5407986570857
734,127.024956,37.510168,36.0915787422258
735,127.024958,37.509807,37.9840077666609
736,127.024960,37.509447,47.6883516562655
737,127.024963,37.509086,45.4253018455891
738,127.024965,37.508725,55.3324698595947
739,127.024967,37.508365,53.9366204780499
740,127.024970,37.508004,60.3580682966301
741,127.024972,37.507644,60.7399334627816
742,127.024974,37.507283,56.5507068359491
743,127.024976,37.506923,54.414642034496
744,127.024979,37.506562,56.2664484018962
745,127.024981,37.506202,42.9003608220617
746,127.024983,37.505841,44.3906619168974
747,127.024986,37.505481,54.5229038693018
748,127.024988,37.505120,55.5751564655931
749,127.024990,37.504760,55.6573497234302
750,127.024992,37.504399,56.6528051645962
751,127.024995,37.504039,58.5212520899077
752,127.024997,37.503678,60.2956176376144
753,127.024999,37.503317,59.2820585737926
754,127.025002,37.502957,57.7775613138829
755,127.025004,37.502596,55.2661279874006
756,127.025006,37.502236,52.9412100894768
757,127.025008,37.501875,55.9502826137214
758,127.025011,37.501515,58.0435877335867
759,127.025013,37.501154,55.095434383799
760,127.025015,37.500794,55.7786810059937
761,127.025018,37.500433,57.3602864010988
762,127.025020,37.500073,53.3800433384749
763,127.025022,37.499712,56.5622382801923
764,127.025024,37.499352,53.3608507431379
765,127.025027,37.498991,62.0705668496773
766,127.025029,37.498630,56.3725264631058
767,127.025031,37.498270,57.1734877919367
768,127.025033,37.497909,59.7364169241594
769,127.025036,37.497549,60.5250699105087
770,127.025038,37.497188,68.3551863557352
771,127.025040,37.496828,61.2212219793187
772,127.025043,37.496467,65.1192695393247
773,127.025045,37.496107,64.0705391392552
774,127.025047,37.495746,59.5253215222897
775,127.025049,37.495386,62.5529850370063
776,127.025052,37.495025,64.2076371175442
777,127.025054,37.494665,63.973108022719
778,127.025056,37.494304,57.0739400090617
779,127.025059,37.493944,57.8774992303979
780,127.025061,37.493583,64.3799808845105
781,127.025063,37.493222,54.5894292624907
782,127.025065,37.492862,51.9124069254711
783,127.025068,37.492501,49.8873822813839
784,127.025070,37.492141,53.861518534279
785,127.025072,37.491780,53.9660100354758
786,127.025075,37.491420,56.9948312327893
787,127.025077,37.491059,58.5285713541015
788,127.025079,37.490699,57.5969974437477
789,127.025081,37.490338,51.8634962199934
790,127.025084,37.489978,49.3287880397319
791,127.025086,37.489617,48.883695148744
792,127.025088,37.489257,46.5062312341471
793,127.025091,37.488896,42.4758080250492
794,127.025093,37.488536,40.0032398678676
795,127.025095,37.488175,42.0128755097179
796,127.025097,37.487814,44.0581983179029
797,127.025041,37.487580,37.99031496938
798,127.025422,37.512252,30.7827379324727
799,127.025397,37.511972,37.3891908615105
800,127.025399,37.511612,37.969843017748
801,127.025402,37.511251,39.6027224720356
802,127.025404,37.510890,38.9836205347764
803,127.025406,37.510530,40.9043494348464
804,127.025408,37.510169,46.2816099104495
805,127.025411,37.509809,49.7773738384544
806,127.025413,37.509448,55.3559489625765
807,127.025415,37.509088,51.0782328570297
808,127.025418,37.508727,59.5150474997997
809,127.025420,37.508367,63.7110597194348
810,127.025422,37.508006,62.1617541120594
811,127.025424,37.507646,57.2047797696826
812,127.025427,37.507285,58.8238069126909
813,127.025429,37.506925,59.2640057205437
814,127.025431,37.506564,52.9099958517546
815,127.025434,37.506204,44.8995979963724
816,127.025436,37.505843,47.6594148386607
817,127.025438,37.505482,51.8715221774141
818,127.025440,37.505122,52.2173683847265
819,127.025443,37.504761,68.9080090012816
820,127.025445,37.504401,59.6850390387558
821,127.025447,37.504040,59.5509803543592
822,127.025449,37.503680,56.5478044200156
823,127.025452,37.503319,61.7359047029925
824,127.025454,37.502959,67.6132864146258
825,127.025456,37.502598,72.7189475728591
826,127.025459,37.502238,68.2094367215577
827,127.025461,37.501877,62.5701148680537
828,127.025463,37.501517,54.41045343868
829,127.025465,37.501156,58.6699500436037
830,127.025468,37.500796,62.10499520047
831,127.025470,37.500435,62.5464036696764
832,127.025472,37.500074,52.8042518630746
833,127.025475,37.499714,52.225350625841
834,127.025477,37.499353,57.2758154472285
835,127.025479,37.498993,63.3809536061789
836,127.025481,37.498632,70.2082677952961
837,127.025484,37.498272,69.458052242779
838,127.025486,37.497911,70.2642891302406
839,127.025488,37.497551,67.1046695798713
840,127.025491,37.497190,78.3654207102679
841,127.025493,37.496830,66.8678906714959
842,127.025495,37.496469,73.9837927034996
843,127.025497,37.496109,65.9456812999974
844,127.025500,37.495748,59.7381870177273
845,127.025502,37.495388,63.2283739304682
846,127.025504,37.495027,56.0642746313105
847,127.025507,37.494666,76.7840451600201
848,127.025509,37.494306,72.6346731346375
849,127.025511,37.493945,71.7970813200008
850,127.025513,37.493585,63.8631556781142
851,127.025516,37.493224,54.2709149406928
852,127.025518,37.492864,55.87160870922
853,127.025520,37.492503,54.3739993766806
854,127.025522,37.492143,65.1372850616047
855,127.025525,37.491782,66.1050576501876
856,127.025527,37.491422,60.6865893614695
857,127.025529,37.491061,57.3936537726978
858,127.025532,37.490701,56.9205626318454
859,127.025534,37.490340,60.4107764895033
860,127.025536,37.489979,58.4238304702926
861,127.025538,37.489619,49.2612385538956
862,127.025541,37.489258,51.017707534745
863,127.025543,37.488898,48.6027585711395
864,127.025545,37.488537,47.9484920136576
865,127.025548,37.488177,46.4055949711036
866,127.025534,37.487838,57.0954168242909
867,127.025348,37.487628,33.7090766676115
868,127.026035,37.512527,25.1304703211635
869,127.025861,37.512317,41.3857915222412
870,127.025850,37.511974,40.9791108124167
871,127.025852,37.511613,41.3665757896941
872,127.025854,37.511253,41.852929761796
873,127.025856,37.510892,45.3151575239118
874,127.025859,37.510532,43.5591538765017
875,127.025861,37.510171,48.8799368726382
876,127.025863,37.509811,56.1959024842422
877,127.025866,37.509450,54.3750670718993
878,127.025868,37.509090,54.0198130786236
879,127.025870,37.508729,61.2524263312292
880,127.025872,37.508369,52.8601515538082
881,127.025875,37.508008,57.5280421877019
882,127.025877,37.507647,65.1784096841834
883,127.025879,37.507287,58.7557366567406
884,127.025882,37.506926,60.1095116208821
885,127.025884,37.506566,56.4422883757059
886,127.025886,37.506205,53.1229484291853
887,127.025888,37.505845,45.5775024597222
888,127.025891,37.505484,43.9925060531999
889,127.025893,37.505124,47.3269995516355
890,127.025895,37.504763,62.4330196470011
891,127.025897,37.504403,57.5576056765145
892,127.025900,37.504042,58.565021105636
893,127.025902,37.503682,57.1205955541689
894,127.025904,37.503321,65.3192640022163
895,127.025907,37.502961,66.0626503279022
896,127.025909,37.502600,59.8254642643308
897,127.025911,37.502239,55.6009480356957
898,127.025913,37.501879,64.7083436152469
899,127.025916,37.501518,69.3603197411441
900,127.025918,37.501158,66.2200168974578
901,127.025920,37.500797,59.5426237926549
902,127.025923,37.500437,56.4951544216839
903,127.025925,37.500076,56.5573649127047
904,127.025927,37.499716,55.8869652646976
905,127.025929,37.499355,58.619183938563
906,127.025932,37.498995,61.0634803429195
907,127.025934,37.498634,67.5419139387711
908,127.025936,37.498274,68.6284395864592
909,127.025939,37.497913,67.3018143575973
910,127.025941,37.497553,83.5682552654243
911,127.025943,37.497192,82.4628489970071
912,127.025945,37.496831,65.3857112799753
913,127.025948,37.496471,62.0430602222763
914,127.025950,37.496110,59.3037971559675
915,127.025952,37.495750,66.8311331089389
916,127.025954,37.495389,61.1653735704476
917,127.025957,37.495029,59.2917295176662
918,127.025959,37.494668,60.5916833252268
919,127.025961,37.494308,64.4979598994329
920,127.025964,37.493947,53.3425004331163
921,127.025966,37.493587,68.14496946029
922,127.025968,37.493226,69.055018017304
923,127.025970,37.492866,67.178342564548
924,127.025973,37.492505,61.0581459544275
925,127.025975,37.492145,60.1920361446529
926,127.025977,37.491784,69.1706852247855
927,127.025980,37.491423,54.1336755760565
928,127.025982,37.491063,63.9338139702452
929,127.025984,37.490702,62.4096262690227
930,127.025986,37.490342,57.4806241871321
931,127.025989,37.489981,63.2125301307393
932,127.025991,37.489621,56.4198585024885
933,127.025993,37.489260,50.7233424776577
934,127.025995,37.488900,51.9824721105173
935,127.025998,37.488539,45.8057497327735
936,127.026000,37.488179,56.230910305688
937,127.025972,37.487906,50.7527831003491
938,127.026349,37.512575,34.6126637560417
939,127.026300,37.512336,41.1816319126877
940,127.026302,37.511976,42.7087890713239
941,127.026304,37.511615,39.1497159641291
942,127.026307,37.511255,42.1220896263559
943,127.026309,37.510894,51.9742764177984
944,127.026311,37.510534,48.29078644813
945,127.026314,37.510173,49.7979333806775
946,127.026316,37.509812,52.5743598514714
947,127.026318,37.509452,60.7018163967908
948,127.026320,37.509091,50.6008867540159
949,127.026323,37.508731,62.6905332064639
950,127.026325,37.508370,56.7580176149011
951,127.026327,37.508010,73.9553902468682
952,127.026330,37.507649,55.9454831005582
953,127.026332,37.507289,60.2468073424875
954,127.026334,37.506928,51.937299434281
955,127.026336,37.506568,56.342866485932
956,127.026339,37.506207,50.8770064504239
957,127.026341,37.505847,52.477700218951
958,127.026343,37.505486,38.2125086359701
959,127.026345,37.505126,47.4983109175163
960,127.026348,37.504765,47.3293430159092
961,127.026350,37.504404,44.9774911721231
962,127.026352,37.504044,54.3735435983651
963,127.026355,37.503683,55.3825151448494
964,127.026357,37.503323,50.8758265720403
965,127.026359,37.502962,57.5793795920072
966,127.026361,37.502602,53.4849550691886
967,127.026364,37.502241,51.9868524732671
968,127.026366,37.501881,53.2011718838739
969,127.026368,37.501520,55.5238764973603
970,127.026371,37.501160,58.1994209495537
971,127.026373,37.500799,66.6756019009515
972,127.026375,37.500439,68.6814306563502
973,127.026377,37.500078,57.8966569060835
974,127.026380,37.499718,56.3182223111636
975,127.026382,37.499357,69.3268552345733
976,127.026384,37.498996,68.3134201527754
977,127.026386,37.498636,67.1958035582519
978,127.026389,37.498275,66.9773976796547
979,127.026391,37.497915,69.8408963139056
980,127.026393,37.497554,81.5979808628525
981,127.026396,37.497194,75.00424619609
982,127.026398,37.496833,66.0736497707446
983,127.026400,37.496473,68.6347104593204
984,127.026402,37.496112,64.2947536244844
985,127.026405,37.495752,65.2610614958898
986,127.026407,37.495391,56.0156750742242
987,127.026409,37.495031,55.8712033303177
988,127.026412,37.494670,69.8530616612091
989,127.026414,37.494310,72.1778387089007
990,127.026416,37.493949,59.9831123295541
991,127.026418,37.493588,54.5612753737694
992,127.026421,37.493228,58.0436756055061
993,127.026423,37.492867,70.5526902935154
994,127.026425,37.492507,71.5194355401169
995,127.026427,37.492146,77.0461136171369
996,127.026430,37.491786,68.7083380519433
997,127.026432,37.491425,60.0861975917583
998,127.026434,37.491065,62.4762186401468
999,127.026437,37.490704,66.3922739635944
1000,127.026439,37.490344,59.7954362510235
1001,127.026441,37.489983,57.4308776537198
1002,127.026443,37.489623,54.8642479903917
1003,127.026446,37.489262,49.5707697067415
1004,127.026448,37.488902,54.1416795503471
1005,127.026450,37.488541,53.9279923501621
1006,127.026451,37.488182,63.5527741538688
1007,127.026346,37.487964,41.2859257334123
1008,127.026772,37.512641,43.0232767186489
1009,127.026753,37.512338,40.9810122553556
1010,127.026755,37.511978,49.642265942266
1011,127.026757,37.511617,43.2166178060403
1012,127.026759,37.511256,49.6277716728844
1013,127.026762,37.510896,44.5695152304655
1014,127.026764,37.510535,55.2809293709102
1015,127.026766,37.510175,54.0058798270011
1016,127.026768,37.509814,57.960269053503
1017,127.026771,37.509454,54.8912682055151
1018,127.026773,37.509093,61.2388469427781
1019,127.026775,37.508733,60.2477163336093
1020,127.026778,37.508372,53.9277357647693
1021,127.026780,37.508012,56.1937909860419
1022,127.026782,37.507651,54.5169817090307
1023,127.026784,37.507291,60.6914960324657
1024,127.026787,37.506930,53.2753323534736
1025,127.026789,37.506570,47.5808402818243
1026,127.026791,37.506209,46.9483651914532
1027,127.026793,37.505848,46.9207670230303
1028,127.026796,37.505488,41.893471334126
1029,127.026798,37.505127,47.4423748885669
1030,127.026800,37.504767,43.0018798946825
1031,127.026803,37.504406,38.9952269182047
1032,127.026805,37.504046,40.2925592872867
1033,127.026807,37.503685,40.5108007670778
1034,127.026809,37.503325,44.4800217581645
1035,127.026812,37.502964,49.3484570922326
1036,127.026814,37.502604,46.4782475762529
1037,127.026816,37.502243,47.6390669880467
1038,127.026819,37.501883,48.5938568928314
1039,127.026821,37.501522,48.5777441605202
1040,127.026823,37.501161,44.8029498905823
1041,127.026825,37.500801,45.0583653165629
1042,127.026828,37.500440,55.8974249304442
1043,127.026830,37.500080,56.8864326440046
1044,127.026832,37.499719,68.7757387205402
1045,127.026834,37.499359,73.7533046328911
1046,127.026837,37.498998,69.5779147698289
1047,127.026839,37.498638,65.72807950144
1048,127.026841,37.498277,69.138745413659
1049,127.026844,37.497917,74.6312178362257
1050,127.026846,37.497556,78.5965083162704
1051,127.026848,37.497196,68.281818649584
1052,127.026850,37.496835,79.6177700680733
1053,127.026853,37.496475,72.788343207351
1054,127.026855,37.496114,65.6092972211799
1055,127.026857,37.495753,64.0513908996167
1056,127.026859,37.495393,59.8452110185951
1057,127.026862,37.495032,62.2686796572559
1058,127.026864,37.494672,61.210191557296
1059,127.026866,37.494311,65.781564296693
1060,127.026869,37.493951,70.1625897488149
1061,127.026871,37.493590,56.1191861665768
1062,127.026873,37.493230,57.36000689698
1063,127.026875,37.492869,55.7663575208963
1064,127.026878,37.492509,65.0587432794739
1065,127.026880,37.492148,76.1050550410704
1066,127.026882,37.491788,69.4916833303162
1067,127.026884,37.491427,77.3630513340357
1068,127.026887,37.491067,67.9069683026997
1069,127.026889,37.490706,59.660126368386
1070,127.026891,37.490345,65.1795383064045
1071,127.026894,37.489985,55.934360457891
1072,127.026896,37.489624,56.1275476368511
1073,127.026898,37.489264,53.8494559710843
1074,127.026900,37.488903,61.5354366502538
1075,127.026903,37.488543,60.876584092788
1076,127.026885,37.488228,63.4323654368688
1077,127.027337,37.512908,30.93184321912
1078,127.027208,37.512695,43.9792315203257
1079,127.027205,37.512340,45.1659527625097
1080,127.027207,37.511979,50.184029764393
1081,127.027210,37.511619,51.0278459134016
1082,127.027212,37.511258,50.2536407195193
1083,127.027214,37.510898,55.0386365555092
1084,127.027216,37.510537,54.7920486596238
1085,127.027219,37.510177,56.8243816707369
1086,127.027221,37.509816,55.3203555399973
1087,127.027223,37.509456,55.9545027550207
1088,127.027226,37.509095,57.1688221656275
1089,127.027228,37.508735,56.8275836409995
1090,127.027230,37.508374,62.5551849815013
1091,127.027232,37.508013,62.3148247133392
1092,127.027235,37.507653,59.0156453875203
1093,127.027237,37.507292,62.0361703030122
1094,127.027239,37.506932,51.0954396769439
1095,127.027241,37.506571,50.228445840585
1096,127.027244,37.506211,44.3959959261133
1097,127.027246,37.505850,49.4775811121455
1098,127.027248,37.505490,36.7466166845893
1099,127.027251,37.505129,44.9137117522551
1100,127.027253,37.504769,46.0360532602175
1101,127.027255,37.504408,40.4367264695049
1102,127.027257,37.504048,36.0899057162976
1103,127.027260,37.503687,38.8634124161941
1104,127.027262,37.503327,43.9642309434783
1105,127.027264,37.502966,46.7600166884405
1106,127.027267,37.502605,46.9808020358236
1107,127.027269,37.502245,46.9768268238648
1108,127.027271,37.501884,39.8177552123221
1109,127.027273,37.501524,42.0563562479763
1110,127.027276,37.501163,42.7161437859423
1111,127.027278,37.500803,45.079487652543
1112,127.027280,37.500442,46.9897522054835
1113,127.027282,37.500082,48.3682603126879
1114,127.027285,37.499721,52.9012841996267
1115,127.027287,37.499361,62.6809314175591
1116,127.027289,37.499000,73.5239564268897
1117,127.027292,37.498640,75.5249328641519
1118,127.027294,37.498279,76.7012377534744
1119,127.027296,37.497918,75.3493644071663
1120,127.027298,37.497558,76.6361066710969
1121,127.027301,37.497197,69.0269432076235
1122,127.027303,37.496837,69.2200985016394
1123,127.027305,37.496476,67.8663136574435
1124,127.027307,37.496116,70.9884288854509
1125,127.027310,37.495755,58.4459076582314
1126,127.027312,37.495395,56.2002883545914
1127,127.027314,37.495034,58.8277671932185
1128,127.027317,37.494674,66.6874465964845
1129,127.027319,37.494313,73.8791178102852
1130,127.027321,37.493953,61.9624417692656
1131,127.027323,37.493592,57.4401878397153
1132,127.027326,37.493232,59.2305387150357
1133,127.027328,37.492871,57.6850412833543
1134,127.027330,37.492510,59.2267998473626
1135,127.027332,37.492150,72.6266920094257
1136,127.027335,37.491789,63.2418368608195
1137,127.027337,37.491429,66.075337634727
1138,127.027339,37.491068,73.2674988185583
1139,127.027341,37.490708,64.9431003159058
1140,127.027344,37.490347,68.3648346472544
1141,127.027346,37.489987,58.6630904671546
1142,127.027348,37.489626,64.65189301492
1143,127.027351,37.489266,64.6036327290348
1144,127.027353,37.488905,61.042378383126
1145,127.027355,37.488545,59.8837053891839
1146,127.027316,37.488295,52.8028946848934
1147,127.027688,37.512963,39.2633886836979
1148,127.027655,37.512702,42.7697677212068
1149,127.027658,37.512342,42.9353567317441
1150,127.027660,37.511981,51.378439923047
1151,127.027662,37.511621,49.766019082419
1152,127.027665,37.511260,57.2993991295588
1153,127.027667,37.510900,61.1078733075185
1154,127.027669,37.510539,56.2813748837476
1155,127.027671,37.510178,56.5447056846722
1156,127.027674,37.509818,55.5634928854947
1157,127.027676,37.509457,45.8265495685265
1158,127.027678,37.509097,46.0749330843325
1159,127.027680,37.508736,49.6686477333101
1160,127.027683,37.508376,51.4073323439517
1161,127.027685,37.508015,47.9597987574522
1162,127.027687,37.507655,52.3811789017807
1163,127.027690,37.507294,50.2811528908099
1164,127.027692,37.506934,51.3688245592853
1165,127.027694,37.506573,42.2968123753525
1166,127.027696,37.506213,42.4873501403191
1167,127.027699,37.505852,42.8737244982394
1168,127.027701,37.505492,41.1372592764707
1169,127.027703,37.505131,39.2586210382072
1170,127.027705,37.504770,34.7794329986089
1171,127.027708,37.504410,37.0805006239211
1172,127.027710,37.504049,25.9012763337948
1173,127.027712,37.503689,29.0705557559753
1174,127.027714,37.503328,37.5564104142404
1175,127.027717,37.502968,42.7811638848073
1176,127.027719,37.502607,43.8574924532997
1177,127.027721,37.502247,30.2828926665382
1178,127.027724,37.501886,40.5622290113082
1179,127.027726,37.501526,31.8045189370361
1180,127.027728,37.501165,31.1114616806557
1181,127.027730,37.500805,36.239517761922
1182,127.027733,37.500444,34.7125393232027
1183,127.027735,37.500084,41.3230203529223
1184,127.027737,37.499723,52.8418446859939
1185,127.027739,37.499362,53.7900780086039
1186,127.027742,37.499002,57.1688692541318
1187,127.027744,37.498641,66.276264833683
1188,127.027746,37.498281,73.0730502478868
1189,127.027749,37.497920,73.268855571974
1190,127.027751,37.497560,73.4118609577845
1191,127.027753,37.497199,70.3534788065407
1192,127.027755,37.496839,59.1138781169613
1193,127.027758,37.496478,60.4575676367416
1194,127.027760,37.496118,69.6753558899844
1195,127.027762,37.495757,65.4418226405583
1196,127.027764,37.495397,63.2306654237125
1197,127.027767,37.495036,66.4436309807138
1198,127.027769,37.494675,56.5358502598786
1199,127.027771,37.494315,61.3664564810046
1200,127.027774,37.493954,62.6366821690479
1201,127.027776,37.493594,66.5607752027876
1202,127.027778,37.493233,59.0529380714899
1203,127.027780,37.492873,54.8304183027889
1204,127.027783,37.492512,61.1288749368536
1205,127.027785,37.492152,61.2392676105451
1206,127.027787,37.491791,58.1208496202916
1207,127.027789,37.491431,64.7465879871458
1208,127.027792,37.491070,57.9948043034844
1209,127.027794,37.490710,58.3646571454902
1210,127.027796,37.490349,53.33917564075
1211,127.027799,37.489989,59.241735136968
1212,127.027801,37.489628,72.8200340010262
1213,127.027803,37.489267,67.7177523454525
1214,127.027805,37.488907,59.2864026656586
1215,127.027798,37.488557,64.0551794319636
1216,127.027645,37.488346,44.3409016651909
1217,127.028124,37.513030,43.0114536580119
1218,127.028108,37.512704,46.6887076372561
1219,127.028110,37.512343,45.6951735740323
1220,127.028113,37.511983,50.9920655651266
1221,127.028115,37.511622,51.6462167313968
1222,127.028117,37.511262,59.0656819086232
1223,127.028119,37.510901,61.8806220233592
1224,127.028122,37.510541,54.0424010452724
1225,127.028124,37.510180,55.8547514741001
1226,127.028126,37.509820,48.9563846424096
1227,127.028128,37.509459,44.5570338210739
1228,127.028131,37.509099,47.3720470002079
1229,127.028133,37.508738,51.1313506597229
1230,127.028135,37.508378,52.5664554177128
1231,127.028138,37.508017,48.953332820676
1232,127.028140,37.507657,52.8779459333926
1233,127.028142,37.507296,57.4290785123365
1234,127.028144,37.506935,51.8931897593201
1235,127.028147,37.506575,51.6637374607258
1236,127.028149,37.506214,36.7193329399366
1237,127.028151,37.505854,39.4239534453791
1238,127.028153,37.505493,43.0415328976496
1239,127.028156,37.505133,36.6367950380334
1240,127.028158,37.504772,32.1300088300122
1241,127.028160,37.504412,34.2654874447871
1242,127.028163,37.504051,27.3639792602076
1243,127.028165,37.503691,25.7035792083837
1244,127.028167,37.503330,40.6750034460261
1245,127.028169,37.502970,32.5862937467475
1246,127.028172,37.502609,35.1805215784984
1247,127.028174,37.502249,37.5136127933334
1248,127.028176,37.501888,32.0067968002146
1249,127.028178,37.501527,28.7963185789419
1250,127.028181,37.501167,27.5512979541039
1251,127.028183,37.500806,31.5202309616091
1252,127.028185,37.500446,37.003187302302
1253,127.028187,37.500085,33.4187981939617
1254,127.028190,37.499725,44.1096774743469
1255,127.028192,37.499364,56.4946985140464
1256,127.028194,37.499004,54.1495229060214
1257,127.028197,37.498643,67.9321549390559
1258,127.028199,37.498283,73.1006484163096
1259,127.028201,37.497922,66.0657336136017
1260,127.028203,37.497562,63.7249038413528
1261,127.028206,37.497201,68.9735703853966
1262,127.028208,37.496841,73.8513000547806
1263,127.028210,37.496480,72.4903690691184
1264,127.028212,37.496119,68.1850547951487
1265,127.028215,37.495759,61.5193605282873
1266,127.028217,37.495398,65.1384612411131
1267,127.028219,37.495038,69.5657462087213
1268,127.028221,37.494677,64.8527945513982
1269,127.028224,37.494317,62.442785049497
1270,127.028226,37.493956,56.8134686318198
1271,127.028228,37.493596,57.536174128505
1272,127.028231,37.493235,58.4181801977636
1273,127.028233,37.492875,63.3858505138824
1274,127.028235,37.492514,68.6907730847234
1275,127.028237,37.492154,60.380202193214
1276,127.028240,37.491793,50.1725771145014
1277,127.028242,37.491432,60.2204883657931
1278,127.028244,37.491072,53.7722845347834
1279,127.028246,37.490711,52.2378637556103
1280,127.028249,37.490351,60.8182792833512
1281,127.028251,37.489990,56.8647704563784
1282,127.028253,37.489630,58.6345754316646
1283,127.028255,37.489269,53.1735175865934
1284,127.028258,37.488909,67.0690861609115
1285,127.028235,37.488619,59.5707679180835
1286,127.028640,37.513290,33.931548602295
1287,127.028558,37.513066,48.7748335707909
1288,127.028561,37.512706,46.7488141665609
1289,127.028563,37.512345,44.1029121941859
1290,127.028565,37.511985,55.944990582576
1291,127.028567,37.511624,51.5440641118799
1292,127.028570,37.511264,50.7962651810666
1293,127.028572,37.510903,53.2251224554868
1294,127.028574,37.510543,50.6660113790125
1295,127.028577,37.510182,41.8199016613981
1296,127.028579,37.509822,40.5269980067674
1297,127.028581,37.509461,38.5206513058232
1298,127.028583,37.509100,39.265801853241
1299,127.028586,37.508740,36.5482660211288
1300,127.028588,37.508379,41.1259274923782
1301,127.028590,37.508019,44.9438384531321
1302,127.028592,37.507658,48.0312271272501
1303,127.028595,37.507298,49.1423396371989
1304,127.028597,37.506937,59.5364724113315
1305,127.028599,37.506577,53.5098611088379
1306,127.028601,37.506216,48.2579257899358
1307,127.028604,37.505856,41.0988541783931
1308,127.028606,37.505495,36.0900845559094
1309,127.028608,37.505135,24.0277221696024
1310,127.028611,37.504774,30.0241209386531
1311,127.028613,37.504414,26.1175683943514
1312,127.028615,37.504053,27.5624308522316
1313,127.028617,37.503692,23.060434147997
1314,127.028620,37.503332,25.0101861670208
1315,127.028622,37.502971,23.470548969052
1316,127.028624,37.502611,20.7659284636095
1317,127.028626,37.502250,23.4130390667401
1318,127.028629,37.501890,21.4811672771383
1319,127.028631,37.501529,23.8212241651245
1320,127.028633,37.501169,19.5094174626325
1321,127.028635,37.500808,26.3811230572927
1322,127.028638,37.500448,29.7557124042766
1323,127.028640,37.500087,29.5891337029458
1324,127.028642,37.499727,37.8661017047871
1325,127.028645,37.499366,38.6112522522049
1326,127.028647,37.499006,44.3713923346638
1327,127.028649,37.498645,48.357765196932
1328,127.028651,37.498284,65.395202125598
1329,127.028654,37.497924,55.9254258139803
1330,127.028656,37.497563,51.8412328652433
1331,127.028658,37.497203,52.8361935256736
1332,127.028660,37.496842,50.7698195585592
1333,127.028663,37.496482,56.6862935948614
1334,127.028665,37.496121,62.6750961426269
1335,127.028667,37.495761,73.304488514771
1336,127.028669,37.495400,72.1612365373321
1337,127.028672,37.495040,64.6338082466093
1338,127.028674,37.494679,64.1218948793477
1339,127.028676,37.494319,63.5166195842084
1340,127.028679,37.493958,65.8834695377069
1341,127.028681,37.493598,62.056372577363
1342,127.028683,37.493237,56.5070255933509
1343,127.028685,37.492876,60.5915545199375
1344,127.028688,37.492516,65.3009514049575
1345,127.028690,37.492155,57.4732392342453
1346,127.028692,37.491795,62.3992988492116
1347,127.028694,37.491434,63.4253959836105
1348,127.028697,37.491074,50.0605195189383
1349,127.028699,37.490713,54.8150404698488
1350,127.028701,37.490353,56.1830066590371
1351,127.028703,37.489992,60.5151416345732
1352,127.028706,37.489632,60.7635251503792
1353,127.028708,37.489271,50.3930368508449
1354,127.028710,37.488911,53.6633105823532
1355,127.028643,37.488682,49.1451990303487
1356,127.029035,37.513351,43.7160807009606
1357,127.029011,37.513068,41.96288535418
1358,127.029013,37.512708,51.761918179608
1359,127.029016,37.512347,46.7942478634891
1360,127.029018,37.511987,53.8742557847094
1361,127.029020,37.511626,53.4750637353313
1362,127.029022,37.511265,48.5171241741858
1363,127.029025,37.510905,52.8222199949489
1364,127.029027,37.510544,46.2897722008706
1365,127.029029,37.510184,45.2070588484445
1366,127.029031,37.509823,42.0218270979422
1367,127.029034,37.509463,35.7055868390695
1368,127.029036,37.509102,36.533531891756
1369,127.029038,37.508742,33.9641880947646
1370,127.029040,37.508381,40.2953146536208
1371,127.029043,37.508021,43.8124807133808
1372,127.029045,37.507660,43.2312757727629
1373,127.029047,37.507300,45.5460712405748
1374,127.029049,37.506939,58.791790655271
1375,127.029052,37.506579,57.0098123081721
1376,127.029054,37.506218,40.8422887766236
1377,127.029056,37.505857,53.727111233888
1378,127.029059,37.505497,31.0457495341662
1379,127.029061,37.505136,27.9279560376716
1380,127.029063,37.504776,25.4247742920942
1381,127.029065,37.504415,22.4706862381918
1382,127.029068,37.504055,19.2373314685836
1383,127.029070,37.503694,24.4496715959971
1384,127.029072,37.503334,22.367909786566
1385,127.029074,37.502973,20.6987369605125
1386,127.029077,37.502613,31.1860409612079
1387,127.029079,37.502252,20.6373014871858
1388,127.029081,37.501892,22.0300275997876
1389,127.029083,37.501531,26.4036752838309
1390,127.029086,37.501171,24.9364427144032
1391,127.029088,37.500810,29.8475877316817
1392,127.029090,37.500449,32.131068033208
1393,127.029093,37.500089,26.7897235259835
1394,127.029095,37.499728,41.2751888036163
1395,127.029097,37.499368,31.1742591608413
1396,127.029099,37.499007,42.1880339834478
1397,127.029102,37.498647,55.5981999693767
1398,127.029104,37.498286,64.2362478640997
1399,127.029106,37.497926,55.1826253175391
1400,127.029108,37.497565,46.5455341143176
1401,127.029111,37.497205,50.1179793440263
1402,127.029113,37.496844,47.7341172134455
1403,127.029115,37.496484,42.5685083287935
1404,127.029117,37.496123,43.7552295709775
1405,127.029120,37.495763,59.598398354929
1406,127.029122,37.495402,63.601223395604
1407,127.029124,37.495041,74.6303688528578
1408,127.029126,37.494681,71.7496810754306
1409,127.029129,37.494320,66.7531564526207
1410,127.029131,37.493960,61.1947192531733
1411,127.029133,37.493599,60.385048282081
1412,127.029136,37.493239,67.5465130623862
1413,127.029138,37.492878,68.6780379677244
1414,127.029140,37.492518,57.9444044145617
1415,127.029142,37.492157,62.0666991709576
1416,127.029145,37.491797,55.1377103425982
1417,127.029147,37.491436,54.3818720548171
1418,127.029149,37.491076,61.6760782135766
1419,127.029151,37.490715,56.7195660758542
1420,127.029154,37.490354,62.2835444846776
1421,127.029156,37.489994,52.179624251388
1422,127.029158,37.489633,54.30468321995
1423,127.029160,37.489273,52.2414604222341
1424,127.029145,37.488941,60.2862172909011
1425,127.028945,37.488729,43.4478123567211
1426,127.029641,37.513625,36.9684183589782
1427,127.029474,37.513416,53.1074519431392
1428,127.029464,37.513070,42.9859853113613
1429,127.029466,37.512709,47.1396586464978
1430,127.029468,37.512349,41.3716414461154
1431,127.029470,37.511988,43.1620453670807
1432,127.029473,37.511628,47.3845651357817
1433,127.029475,37.511267,35.6409207679423
1434,127.029477,37.510907,37.185325933591
1435,127.029479,37.510546,39.4890779410537
1436,127.029482,37.510186,38.386528160401
1437,127.029484,37.509825,30.1873268174042
1438,127.029486,37.509465,29.9465743617183
1439,127.029488,37.509104,30.3329487196387
1440,127.029491,37.508744,33.5939742885291
1441,127.029493,37.508383,36.4641838045088
1442,127.029495,37.508022,41.9018553711051
1443,127.029498,37.507662,39.6150634326459
1444,127.029500,37.507301,45.8413730541603
1445,127.029502,37.506941,53.3505345468862
1446,127.029504,37.506580,53.8779681011891
1447,127.029507,37.506220,42.3842413160564
1448,127.029509,37.505859,46.051275520078
1449,127.029511,37.505499,34.2196481940621
1450,127.029513,37.505138,27.2933074552097
1451,127.029516,37.504778,23.5135731119778
1452,127.029518,37.504417,14.2044871451685
1453,127.029520,37.504057,15.6245913263109
1454,127.029522,37.503696,20.370384029014
1455,127.029525,37.503336,23.6589285487649
1456,127.029527,37.502975,19.6557195359723
1457,127.029529,37.502614,28.5699279365633
1458,127.029531,37.502254,21.5851717621951
1459,127.029534,37.501893,18.8668613991444
1460,127.029536,37.501533,18.3976197122291
1461,127.029538,37.501172,18.855327950792
1462,127.029541,37.500812,28.7102009459552
1463,127.029543,37.500451,19.2652805462873
1464,127.029545,37.500091,22.1023212724162
1465,127.029547,37.499730,33.9187312330264
1466,127.029550,37.499370,36.4577627279316
1467,127.029552,37.499009,41.9815351745132
1468,127.029554,37.498649,61.6285089963798
1469,127.029556,37.498288,64.0352690641081
1470,127.029559,37.497928,50.5450358799798
1471,127.029561,37.497567,45.3973337008838
1472,127.029563,37.497206,37.4936089408758
1473,127.029565,37.496846,46.0176421354673
1474,127.029568,37.496485,44.0601201428684
1475,127.029570,37.496125,47.1511150062313
1476,127.029572,37.495764,53.7336007675767
1477,127.029574,37.495404,52.6444545076265
1478,127.029577,37.495043,65.6455266321604
1479,127.029579,37.494683,63.5671518178558
1480,127.029581,37.494322,66.9456882719613
1481,127.029583,37.493962,73.211864749083
1482,127.029586,37.493601,72.8309484279748
1483,127.029588,37.493241,67.9950742597618
1484,127.029590,37.492880,70.6444984283585
1485,127.029593,37.492520,56.628767725617
1486,127.029595,37.492159,58.1327586780609
1487,127.029597,37.491798,61.2262740513388
1488,127.029599,37.491438,57.6706416144775
1489,127.029602,37.491077,58.7415700204804
1490,127.029604,37.490717,60.2671052659136
1491,127.029606,37.490356,61.1098307955652
1492,127.029608,37.489996,59.3916300968245
1493,127.029611,37.489635,58.5084887072922
1494,127.029613,37.489275,53.9127880108676
1495,127.029583,37.489009,54.7093942457029
1496,127.029959,37.513674,44.8338963594997
1497,127.029914,37.513432,55.9559582339214
1498,127.029916,37.513072,53.2493667095928
1499,127.029918,37.512711,34.9172499411388
1500,127.029921,37.512351,39.3881532256457
1501,127.029923,37.511990,40.404178329761
1502,127.029925,37.511630,37.1899731012489
1503,127.029927,37.511269,29.1275942172559
1504,127.029930,37.510909,32.8798528567352
1505,127.029932,37.510548,33.6689294647422
1506,127.029934,37.510187,31.1916579122557
1507,127.029937,37.509827,31.3525220093541
1508,127.029939,37.509466,26.9689974720743
1509,127.029941,37.509106,32.0582064519009
1510,127.029943,37.508745,35.6264992946873
1511,127.029946,37.508385,31.2695108800936
1512,127.029948,37.508024,42.1707604442426
1513,127.029950,37.507664,41.6722275442231
1514,127.029952,37.507303,43.7826980128925
1515,127.029955,37.506943,48.6530684964139
1516,127.029957,37.506582,45.0349397183818
1517,127.029959,37.506222,49.2156845742339
1518,127.029961,37.505861,40.5533818856706
1519,127.029964,37.505501,33.1163222357953
1520,127.029966,37.505140,22.1467405963873
1521,127.029968,37.504779,19.4074469581064
1522,127.029970,37.504419,22.500138159502
1523,127.029973,37.504058,16.2349170210946
1524,127.029975,37.503698,17.3523151624115
1525,127.029977,37.503337,21.3523068981043
1526,127.029979,37.502977,22.9349565649741
1527,127.029982,37.502616,32.8978953656346
1528,127.029984,37.502256,17.097874366471
1529,127.029986,37.501895,19.3472343195392
1530,127.029989,37.501535,19.103570777145
1531,127.029991,37.501174,19.1620853196541
1532,127.029993,37.500814,27.5081679785325
1533,127.029995,37.500453,27.1382456061518
1534,127.029998,37.500093,28.0264528269998
1535,127.030000,37.499732,28.8094324873597
1536,127.030002,37.499371,31.790034677031
1537,127.030004,37.499011,42.9889775485516
1538,127.030007,37.498650,56.7200477316894
1539,127.030009,37.498290,49.3609883354351
1540,127.030011,37.497929,42.2637725255253
1541,127.030013,37.497569,43.2991523391877
1542,127.030016,37.497208,46.0319287374607
1543,127.030018,37.496848,41.0464113661063
1544,127.030020,37.496487,34.9021963006738
1545,127.030022,37.496127,35.7952332864381
1546,127.030025,37.495766,52.7663541535365
1547,127.030027,37.495406,56.6172800412823
1548,127.030029,37.495045,52.4316867269483
1549,127.030031,37.494685,56.0606684600383
1550,127.030034,37.494324,56.0578831493243
1551,127.030036,37.493963,70.4061454185092
1552,127.030038,37.493603,62.5363946998265
1553,127.030040,37.493242,73.9889012312778
1554,127.030043,37.492882,76.8003922141901
1555,127.030045,37.492521,69.2956716721005
1556,127.030047,37.492161,63.4033534872118
1557,127.030050,37.491800,57.9440580878747
1558,127.030052,37.491440,57.2458191222112
1559,127.030054,37.491079,61.2145552126167
1560,127.030056,37.490719,64.4235787318458
1561,127.030059,37.490358,60.9596792682885
1562,127.030061,37.489998,58.0475214266308
1563,127.030063,37.489637,60.0345895530783
1564,127.030062,37.489280,59.1988203032791
1565,127.029943,37.489065,46.1965607798797
1566,127.030386,37.513740,49.6553573154362
1567,127.030367,37.513434,46.8732315292746
1568,127.030369,37.513074,54.8253684384056
1569,127.030371,37.512713,34.8720529401724
1570,127.030373,37.512353,35.0652401191325
1571,127.030376,37.511992,31.8205059113255
1572,127.030378,37.511631,32.5517481479286
1573,127.030380,37.511271,30.8930181508706
1574,127.030382,37.510910,27.8839439799502
1575,127.030385,37.510550,26.7281639413107
1576,127.030387,37.510189,23.394091382771
1577,127.030389,37.509829,25.2657539385066
1578,127.030391,37.509468,28.1352716273288
1579,127.030394,37.509108,29.9402985648323
1580,127.030396,37.508747,35.2582782003666
1581,127.030398,37.508387,36.1010037300182
1582,127.030400,37.508026,37.250225103112
1583,127.030403,37.507666,43.4971394545217
1584,127.030405,37.507305,41.3975513055027
1585,127.030407,37.506944,39.5580814852561
1586,127.030409,37.506584,32.9539487083874
1587,127.030412,37.506223,45.4807650538211
1588,127.030414,37.505863,36.8977346743047
1589,127.030416,37.505502,23.2200372961221
1590,127.030418,37.505142,19.7002894294509
1591,127.030421,37.504781,19.4284749522259
1592,127.030423,37.504421,20.1429259320883
1593,127.030425,37.504060,19.2736928533708
1594,127.030428,37.503700,13.5747803006488
1595,127.030430,37.503339,20.4558860992156
1596,127.030432,37.502979,23.2744954582179
1597,127.030434,37.502618,23.1917009529492
1598,127.030437,37.502258,23.7723745159714
1599,127.030439,37.501897,27.7328209112583
1600,127.030441,37.501536,20.9196546705929
1601,127.030443,37.501176,17.0122713677059
1602,127.030446,37.500815,25.9950233981983
1603,127.030448,37.500455,23.9004918915777
1604,127.030450,37.500094,23.6021946767725
1605,127.030452,37.499734,29.1305284867467
1606,127.030455,37.499373,31.3383819605773
1607,127.030457,37.499013,50.1081630946787
1608,127.030459,37.498652,50.4956280719561
1609,127.030461,37.498292,44.6565269058711
1610,127.030464,37.497931,41.1527675308429
1611,127.030466,37.497571,36.4064965141616
1612,127.030468,37.497210,44.7163436935691
1613,127.030470,37.496850,45.1061356683628
1614,127.030473,37.496489,41.4968014869111
1615,127.030475,37.496128,41.4968014869111
1616,127.030477,37.495768,44.1738154432572
1617,127.030479,37.495407,54.2906161823544
1618,127.030482,37.495047,54.9418356174582
1619,127.030484,37.494686,60.9328953916934
1620,127.030486,37.494326,63.2907332272139
1621,127.030488,37.493965,60.7519681797834
1622,127.030491,37.493605,63.9868488284859
1623,127.030493,37.493244,66.7909274505686
1624,127.030495,37.492884,57.8491208815547
1625,127.030497,37.492523,59.7579955634708
1626,127.030500,37.492163,71.5837015060726
1627,127.030502,37.491802,70.6904797415285
1628,127.030504,37.491442,66.003976112273
1629,127.030507,37.491081,59.4221422699011
1630,127.030509,37.490720,58.3599421121057
1631,127.030511,37.490360,56.8418227489649
1632,127.030513,37.489999,62.8984159318001
1633,127.030516,37.489639,53.51503866802
1634,127.030497,37.489331,60.4632284544173
1635,127.030719,37.513767,45.4855414964756
1636,127.030796,37.513425,50.9028603359756
1637,127.030821,37.513075,49.2962104565491
1638,127.030824,37.512715,33.2513110062373
1639,127.030826,37.512354,34.3000414063068
1640,127.030828,37.511994,24.4878616455692
1641,127.030830,37.511633,23.576031468257
1642,127.030833,37.511273,21.3666488219806
1643,127.030835,37.510912,25.3540380260708
1644,127.030837,37.510552,12.7424528811034
1645,127.030839,37.510191,12.0272058521684
1646,127.030842,37.509831,21.0816872621514
1647,127.030844,37.509470,26.4159037233702
1648,127.030846,37.509109,27.6302231339771
1649,127.030848,37.508749,33.1838196886121
1650,127.030851,37.508388,37.0347455763579
1651,127.030853,37.508028,43.3033829130742
1652,127.030855,37.507667,41.3685139462549
1653,127.030857,37.507307,39.529710943056
1654,127.030860,37.506946,33.0406444599409
1655,127.030862,37.506586,29.1313360169772
1656,127.030864,37.506225,38.5029035228482
1657,127.030867,37.505865,26.5693487741468
1658,127.030869,37.505504,21.102098010865
1659,127.030871,37.505144,17.0727654211241
1660,127.030873,37.504783,13.2355045795008
1661,127.030876,37.504423,16.2773122805347
1662,127.030878,37.504062,11.5452094354398
1663,127.030880,37.503701,21.826510212393
1664,127.030882,37.503341,14.9342168233779
1665,127.030885,37.502980,21.0106495984689
1666,127.030887,37.502620,17.698869387723
1667,127.030889,37.502259,26.2648253376224
1668,127.030891,37.501899,22.774856878088
1669,127.030894,37.501538,19.375312319294
1670,127.030896,37.501178,25.9193484469124
1671,127.030898,37.500817,21.6516548420549
1672,127.030900,37.500457,37.5325886180848
1673,127.030903,37.500096,23.7370394188377
1674,127.030905,37.499736,31.968024362044
1675,127.030907,37.499375,37.2780186892536
1676,127.030909,37.499015,55.0142605233968
1677,127.030912,37.498654,45.2327818295956
1678,127.030914,37.498293,38.0901934904316
1679,127.030916,37.497933,35.9867449225604
1680,127.030918,37.497572,38.2707034267154
1681,127.030921,37.497212,46.1675028102317
1682,127.030923,37.496851,40.5278599408422
1683,127.030925,37.496491,38.5356798761582
1684,127.030927,37.496130,31.994913959935
1685,127.030930,37.495770,46.0738970459466
1686,127.030932,37.495409,51.0270779691661
1687,127.030934,37.495049,58.8426752042033
1688,127.030936,37.494688,55.6846144664431
1689,127.030939,37.494328,52.1390591112423
1690,127.030941,37.493967,52.7766982842189
1691,127.030943,37.493607,57.5340910117586
1692,127.030945,37.493246,68.3055834473489
1693,127.030948,37.492885,60.2709942400684
1694,127.030950,37.492525,54.7210340314291
1695,127.030952,37.492164,56.5139366502867
1696,127.030954,37.491804,59.7570175287296
1697,127.030957,37.491443,65.3379030722611
1698,127.030959,37.491083,69.3002642587873
1699,127.030961,37.490722,68.5720274327805
1700,127.030963,37.490362,66.9298255383399
1701,127.030966,37.490001,62.3898126661453
1702,127.030968,37.489641,54.8003163498526
1703,127.030923,37.489398,49.3138928626921
1704,127.031059,37.513283,34.3163611138232
1705,127.031118,37.513035,38.9103507814556
1706,127.031198,37.512699,36.5742372069993
1707,127.031269,37.512350,36.8224022695987
1708,127.031281,37.511996,26.586414711741
1709,127.031283,37.511635,21.3692702604592
1710,127.031285,37.511274,24.6945218756067
1711,127.031288,37.510914,20.209710280285
1712,127.031290,37.510553,19.823895293448
1713,127.031292,37.510193,20.6124207637503
1714,127.031294,37.509832,22.8494992136617
1715,127.031297,37.509472,23.6271779934198
1716,127.031299,37.509111,19.9014252563307
1717,127.031301,37.508751,41.3804757102082
1718,127.031303,37.508390,33.2953029816606
1719,127.031306,37.508030,38.7040010882197
1720,127.031308,37.507669,40.1632699310018
1721,127.031310,37.507309,40.778492440457
1722,127.031312,37.506948,31.8371480703401
1723,127.031315,37.506588,41.5098791408629
1724,127.031317,37.506227,31.8393657945647
1725,127.031319,37.505866,30.4483113834044
1726,127.031321,37.505506,11.1404699294437
1727,127.031324,37.505145,18.4815827299304
1728,127.031326,37.504785,7.97947344078425
1729,127.031328,37.504424,11.297262826047
1730,127.031330,37.504064,6.52365350171449
1731,127.031333,37.503703,12.5961243675748
1732,127.031335,37.503343,19.6516151157184
1733,127.031337,37.502982,29.9901080598891
1734,127.031339,37.502622,23.3941458068202
1735,127.031342,37.502261,28.3866075080861
1736,127.031344,37.501901,19.5701925429354
1737,127.031346,37.501540,23.7888347348897
1738,127.031348,37.501180,27.104322063444
1739,127.031351,37.500819,24.3275849130418
1740,127.031353,37.500458,24.4919079052564
1741,127.031355,37.500098,22.2878078968266
1742,127.031357,37.499737,28.2700882465843
1743,127.031360,37.499377,34.5900688154244
1744,127.031362,37.499016,54.5555113064207
1745,127.031364,37.498656,40.9404310694309
1746,127.031366,37.498295,42.8779295787854
1747,127.031369,37.497935,44.7905573561084
1748,127.031371,37.497574,38.6559772852243
1749,127.031373,37.497214,42.9904948878184
1750,127.031375,37.496853,40.0895512240926
1751,127.031378,37.496493,40.3936989218781
1752,127.031380,37.496132,42.0771871956739
1753,127.031382,37.495772,45.4695739389768
1754,127.031384,37.495411,54.2313021045541
1755,127.031387,37.495050,51.5869750541122
1756,127.031389,37.494690,59.5231595691443
1757,127.031391,37.494329,63.7452887790246
1758,127.031393,37.493969,59.966130384983
1759,127.031396,37.493608,60.5709801576327
1760,127.031398,37.493248,61.9582231632925
1761,127.031400,37.492887,63.8589745882496
1762,127.031402,37.492527,61.7102647990581
1763,127.031405,37.492166,65.5601000674469
1764,127.031407,37.491806,56.9369848658722
1765,127.031409,37.491445,54.8029824892478
1766,127.031411,37.491085,55.1923622577644
1767,127.031414,37.490724,60.3425353058316
1768,127.031416,37.490363,66.2624500124674
1769,127.031418,37.490003,68.8977441236914
1770,127.031408,37.489657,65.9725567240724
1771,127.031242,37.489447,41.4075637425527
1772,127.031534,37.512238,18.6360055208588
1773,127.031598,37.511967,19.9146484560129
1774,127.031680,37.511622,24.715857595444
1775,127.031736,37.511275,24.9362787308182
1776,127.031740,37.510916,31.264123615094
1777,127.031742,37.510555,24.6091553321317
1778,127.031745,37.510195,20.6738064847836
1779,127.031747,37.509834,25.1512883062948
1780,127.031749,37.509474,23.6214982100496
1781,127.031751,37.509113,27.0988674313328
1782,127.031754,37.508753,35.8912025148531
1783,127.031756,37.508392,37.9733017559425
1784,127.031758,37.508031,37.0170175631191
1785,127.031760,37.507671,39.7438360744949
1786,127.031763,37.507310,37.1673479120351
1787,127.031765,37.506950,32.7098764003624
1788,127.031767,37.506589,42.8948119857575
1789,127.031769,37.506229,33.1743451795707
1790,127.031772,37.505868,36.0445546955505
1791,127.031774,37.505508,29.9266716688687
1792,127.031776,37.505147,21.1393081203759
1793,127.031778,37.504787,8.99609084949768
1794,127.031781,37.504426,15.1982165147614
1795,127.031783,37.504066,18.4687086994763
1796,127.031785,37.503705,11.2931849095268
1797,127.031787,37.503345,17.1308609957589
1798,127.031790,37.502984,23.0025285719428
1799,127.031792,37.502623,19.9391318770028
1800,127.031794,37.502263,18.1773970292808
1801,127.031796,37.501902,25.696335449678
1802,127.031799,37.501542,29.1315974130751
1803,127.031801,37.501181,30.0747345232941
1804,127.031803,37.500821,22.2390079999668
1805,127.031805,37.500460,30.0362998665707
1806,127.031808,37.500100,26.6052828559586
1807,127.031810,37.499739,29.7477917498445
1808,127.031812,37.499379,45.4898937409037
1809,127.031814,37.499018,47.1719751596292
1810,127.031817,37.498658,34.6184430141667
1811,127.031819,37.498297,35.5339768866136
1812,127.031821,37.497937,43.0505504994974
1813,127.031823,37.497576,51.3044879152499
1814,127.031826,37.497215,54.2493031699432
1815,127.031828,37.496855,48.8550577958785
1816,127.031830,37.496494,44.6660163187439
1817,127.031832,37.496134,43.4957472549667
1818,127.031835,37.495773,54.0620638505311
1819,127.031837,37.495413,55.6786287153804
1820,127.031839,37.495052,56.1933089099291
1821,127.031841,37.494692,54.8410713516121
1822,127.031844,37.494331,53.8845075379081
1823,127.031846,37.493971,57.6081237371999
1824,127.031848,37.493610,67.6367666335103
1825,127.031850,37.493250,65.9747397082513
1826,127.031853,37.492889,61.1967343748709
1827,127.031855,37.492528,60.4797963179242
1828,127.031857,37.492168,51.4412869328269
1829,127.031859,37.491807,57.2165612126157
1830,127.031862,37.491447,55.8537800260619
1831,127.031864,37.491086,63.2411490486834
1832,127.031866,37.490726,49.1451248821357
1833,127.031868,37.490365,53.2123294641652
1834,127.031871,37.490005,54.5735318373293
1835,127.031846,37.489722,54.6839245110208
1836,127.032009,37.511192,15.5053509924215
1837,127.032080,37.510894,24.5577686883335
1838,127.032163,37.510544,27.3244122903179
1839,127.032197,37.510196,26.1658420009373
1840,127.032199,37.509836,23.219416516693
1841,127.032202,37.509475,24.7806212838107
1842,127.032204,37.509115,28.2855886735167
1843,127.032206,37.508754,38.9657451998093
1844,127.032208,37.508394,40.1535570613502
1845,127.032211,37.508033,42.6194457529642
1846,127.032213,37.507673,46.4048902606415
1847,127.032215,37.507312,44.7667398245597
1848,127.032217,37.506952,44.9181624395085
1849,127.032220,37.506591,40.6692559397361
1850,127.032222,37.506231,32.9811580006105
1851,127.032224,37.505870,36.1273492008191
1852,127.032226,37.505510,34.1491914375697
1853,127.032229,37.505149,13.2738301198544
1854,127.032231,37.504788,16.3372036499844
1855,127.032233,37.504428,11.1412857565977
1856,127.032235,37.504067,12.2315226359049
1857,127.032238,37.503707,10.548034362109
1858,127.032240,37.503346,12.9247934054646
1859,127.032242,37.502986,22.5885560455995
1860,127.032244,37.502625,21.2086476244554
1861,127.032247,37.502265,26.7474974266123
1862,127.032249,37.501904,26.7726640181704
1863,127.032251,37.501544,28.3623708934561
1864,127.032253,37.501183,30.2403235338314
1865,127.032256,37.500823,29.2324906009723
1866,127.032258,37.500462,41.8594619415806
1867,127.032260,37.500102,25.0045890874314
1868,127.032262,37.499741,32.1323802242286
1869,127.032265,37.499380,47.2285783515453
1870,127.032267,37.499020,44.3845601489181
1871,127.032269,37.498659,41.7663686356933
1872,127.032271,37.498299,42.3231263186426
1873,127.032274,37.497938,37.4868664680913
1874,127.032276,37.497578,51.7736567784389
1875,127.032278,37.497217,47.7637335905658
1876,127.032280,37.496857,54.7610658383753
1877,127.032283,37.496496,54.4633661088672
1878,127.032285,37.496136,49.1128436310497
1879,127.032287,37.495775,59.6404160681751
1880,127.032289,37.495415,53.3327843994354
1881,127.032292,37.495054,56.7176741099639
1882,127.032294,37.494693,58.0976552255123
1883,127.032296,37.494333,60.1252157977013
1884,127.032298,37.493972,58.0256184597649
1885,127.032301,37.493612,64.6356106678595
1886,127.032303,37.493251,66.8026847609378
1887,127.032305,37.492891,65.8056285014923
1888,127.032307,37.492530,59.5138604231234
1889,127.032310,37.492170,63.7776682178554
1890,127.032312,37.491809,53.2976212965664
1891,127.032314,37.491449,56.6265287419026
1892,127.032316,37.491088,52.3674706900677
1893,127.032319,37.490728,61.0234832939914
1894,127.032321,37.490367,52.1800512425024
1895,127.032323,37.490007,55.567065900553
1896,127.032240,37.489783,44.1966205103255
1897,127.032427,37.510387,9.38615559982471
1898,127.032484,37.510146,14.6982470081588
1899,127.032562,37.509818,22.1521886417955
1900,127.032639,37.509469,26.8724817110089
1901,127.032657,37.509117,30.7749694486515
1902,127.032659,37.508756,26.453421495054
1903,127.032661,37.508396,34.2095974412409
1904,127.032663,37.508035,42.6387415531028
1905,127.032666,37.507675,50.6072525726703
1906,127.032668,37.507314,42.5381248220569
1907,127.032670,37.506953,50.1363048149624
1908,127.032672,37.506593,30.0525917099217
1909,127.032675,37.506232,29.5583346965807
1910,127.032677,37.505872,27.8637004327687
1911,127.032679,37.505511,26.9198316709576
1912,127.032681,37.505151,25.6667681019118
1913,127.032683,37.504790,15.6352823779983
1914,127.032686,37.504430,23.8337073684865
1915,127.032688,37.504069,12.7148447212765
1916,127.032690,37.503709,19.7115265494936
1917,127.032692,37.503348,24.5907771579447
1918,127.032695,37.502988,18.8883178734313
1919,127.032697,37.502627,22.5312761052518
1920,127.032699,37.502267,23.3870989292692
1921,127.032701,37.501906,31.3684545852114
1922,127.032704,37.501545,32.05175084835
1923,127.032706,37.501185,30.0034308629474
1924,127.032708,37.500824,36.3903509500579
1925,127.032710,37.500464,30.7351741095557
1926,127.032713,37.500103,27.4071141937787
1927,127.032715,37.499743,48.7740922320115
1928,127.032717,37.499382,50.8715530321506
1929,127.032719,37.499022,41.2099581351345
1930,127.032722,37.498661,37.3049265298999
1931,127.032724,37.498301,34.6478317331608
1932,127.032726,37.497940,49.9843005339392
1933,127.032728,37.497580,52.6751665914258
1934,127.032731,37.497219,45.5458840742074
1935,127.032733,37.496858,49.6119750469644
1936,127.032735,37.496498,52.9414716148968
1937,127.032737,37.496137,52.0859283937874
1938,127.032740,37.495777,61.5942871706125
1939,127.032742,37.495416,64.1196288079095
1940,127.032744,37.495056,54.159529898934
1941,127.032746,37.494695,54.9057727123846
1942,127.032749,37.494335,59.3678368107441
1943,127.032751,37.493974,64.0038433846479
1944,127.032753,37.493614,59.21190114886
1945,127.032755,37.493253,63.9577616059401
1946,127.032758,37.492893,59.1245599357139
1947,127.032760,37.492532,48.5550692286401
1948,127.032762,37.492172,46.0021294229202
1949,127.032764,37.491811,43.9188021028275
1950,127.032767,37.491450,46.1915632658018
1951,127.032769,37.491090,40.0171085926873
1952,127.032771,37.490729,45.544277330875
1953,127.032773,37.490369,42.9383224270233
1954,127.032757,37.490044,52.1746725525746
1955,127.032902,37.509342,10.4604636198367
1956,127.032963,37.509083,24.3258901581398
1957,127.033044,37.508742,36.7857729379558
1958,127.033109,37.508394,46.1525382489019
1959,127.033116,37.508037,39.6405239348084
1960,127.033118,37.507676,47.2356967411199
1961,127.033120,37.507316,45.0321611731227
1962,127.033123,37.506955,41.2609863951576
1963,127.033125,37.506595,33.0177597096839
1964,127.033127,37.506234,29.1848367088974
1965,127.033129,37.505874,24.2348689649695
1966,127.033132,37.505513,27.7488673430011
1967,127.033134,37.505153,24.713068816484
1968,127.033136,37.504792,24.0834479511241
1969,127.033138,37.504432,25.4559421366516
1970,127.033141,37.504071,26.5742140907947
1971,127.033143,37.503710,17.276830559495
1972,127.033145,37.503350,21.2433788244835
1973,127.033147,37.502989,16.8516506825944
1974,127.033150,37.502629,27.570886020689
1975,127.033152,37.502268,33.0843052329755
1976,127.033154,37.501908,33.307053365866
1977,127.033156,37.501547,37.6756865062131
1978,127.033159,37.501187,36.8288682399596
1979,127.033161,37.500826,36.4579777128922
1980,127.033163,37.500466,36.1283752118559
1981,127.033165,37.500105,29.1971918420544
1982,127.033167,37.499745,53.2315737530607
1983,127.033170,37.499384,42.1095118786391
1984,127.033172,37.499023,45.5298360795385
1985,127.033174,37.498663,44.5133166634706
1986,127.033176,37.498302,44.3746236273886
1987,127.033179,37.497942,43.8305626885803
1988,127.033181,37.497581,45.8751622534464
1989,127.033183,37.497221,50.7682631690675
1990,127.033185,37.496860,52.0343398928622
1991,127.033188,37.496500,54.5389464596484
1992,127.033190,37.496139,59.561813112613
1993,127.033192,37.495779,58.5421520497675
1994,127.033194,37.495418,57.6773133334221
1995,127.033197,37.495058,61.9695931094032
1996,127.033199,37.494697,62.9220575998025
1997,127.033201,37.494337,61.6096774858214
1998,127.033203,37.493976,68.2822132031385
1999,127.033206,37.493615,58.0523411686858
2000,127.033208,37.493255,57.9080576397174
2001,127.033210,37.492894,55.6726059974639
2002,127.033212,37.492534,42.7577078808582
2003,127.033215,37.492173,44.4548860122622
2004,127.033217,37.491813,39.0991037219472
2005,127.033219,37.491452,40.7914311818905
2006,127.033221,37.491092,43.3369071110499
2007,127.033224,37.490731,54.4628695521337
2008,127.033226,37.490371,50.5193848725259
2009,127.033192,37.490112,47.0216149119057
2010,127.033377,37.508296,30.0076097215157
2011,127.033444,37.508012,40.8033607130808
2012,127.033527,37.507664,44.0960624304591
2013,127.033573,37.507317,50.5709956864149
2014,127.033575,37.506957,38.9884949730095
2015,127.033577,37.506597,32.9985521649431
2016,127.033580,37.506236,33.532314275533
2017,127.033582,37.505875,30.6246109948984
2018,127.033584,37.505515,26.0412000350093
2019,127.033586,37.505154,28.8010168772975
2020,127.033589,37.504794,23.5176804937668
2021,127.033591,37.504433,17.6540047490655
2022,127.033593,37.504073,30.3244039468537
2023,127.033595,37.503712,19.9535317387466
2024,127.033598,37.503352,19.4198292784772
2025,127.033600,37.502991,18.0336767628523
2026,127.033602,37.502631,28.5873230904096
2027,127.033604,37.502270,35.1016409605926
2028,127.033607,37.501910,34.3712708901399
2029,127.033609,37.501549,36.5360836429378
2030,127.033611,37.501188,38.0197284370157
2031,127.033613,37.500828,40.0635700670229
2032,127.033616,37.500467,44.4965068245137
2033,127.033618,37.500107,37.0724323531714
2034,127.033620,37.499746,55.2917382058849
2035,127.033622,37.499386,42.7621697418963
2036,127.033624,37.499025,47.390094238295
2037,127.033627,37.498665,38.2310245181197
2038,127.033629,37.498304,39.9198661200571
2039,127.033631,37.497944,53.5167038665084
2040,127.033633,37.497583,42.0441275677652
2041,127.033636,37.497223,43.4740953173887
2042,127.033638,37.496862,54.2592130860167
2043,127.033640,37.496502,47.6025318689422
2044,127.033642,37.496141,47.6189840473489
2045,127.033645,37.495780,50.6230665351665
2046,127.033647,37.495420,50.8577601933642
2047,127.033649,37.495059,48.1174538743743
2048,127.033651,37.494699,53.8840194731975
2049,127.033654,37.494338,60.1419070814171
2050,127.033656,37.493978,63.6604997383837
2051,127.033658,37.493617,65.2789139779082
2052,127.033660,37.493257,61.6658770205702
2053,127.033663,37.492896,69.8349348737434
2054,127.033665,37.492536,57.0216198213002
2055,127.033667,37.492175,48.5239278146444
2056,127.033669,37.491815,45.6721133275754
2057,127.033672,37.491454,43.6877775775465
2058,127.033674,37.491094,47.4762879883595
2059,127.033676,37.490733,46.6608478320636
2060,127.033672,37.490378,49.3974256900055
2061,127.033539,37.490166,36.9495395758218
2062,127.033852,37.507251,31.2124627091651
2063,127.033926,37.506937,37.9150542904704
2064,127.034007,37.506587,41.9849699056787
2065,127.034032,37.506238,36.4969261975634
2066,127.034034,37.505877,33.534026580083
2067,127.034037,37.505517,27.6671915619266
2068,127.034039,37.505156,30.7305882568666
2069,127.034041,37.504796,27.5753178991697
2070,127.034043,37.504435,24.3479591942174
2071,127.034046,37.504075,19.2883920325592
2072,127.034048,37.503714,22.0960504970749
2073,127.034050,37.503353,19.8208235344788
2074,127.034052,37.502993,18.5426590605977
2075,127.034055,37.502632,21.8544392713436
2076,127.034057,37.502272,31.8805080438208
2077,127.034059,37.501911,33.4555664294326
2078,127.034061,37.501551,38.5641104042697
2079,127.034064,37.501190,40.9246259059156
2080,127.034066,37.500830,50.2525541703708
2081,127.034068,37.500469,48.5728259486787
2082,127.034070,37.500109,50.3749949446089
2083,127.034073,37.499748,53.4005635437201
2084,127.034075,37.499388,51.1099155646209
2085,127.034077,37.499027,38.9731443567
2086,127.034079,37.498667,43.7613173514668
2087,127.034081,37.498306,43.2127764105876
2088,127.034084,37.497945,59.6637341234899
2089,127.034086,37.497585,43.2119243087626
2090,127.034088,37.497224,42.2957763549392
2091,127.034090,37.496864,40.5547416933209
2092,127.034093,37.496503,41.103362026657
2093,127.034095,37.496143,43.0628319846816
2094,127.034097,37.495782,48.5335727550244
2095,127.034099,37.495422,49.4997271030319
2096,127.034102,37.495061,52.8706358083414
2097,127.034104,37.494701,52.0477421243224
2098,127.034106,37.494340,61.552852694642
2099,127.034108,37.493980,55.816010773579
2100,127.034111,37.493619,56.7868813328636
2101,127.034113,37.493259,57.2944569228334
2102,127.034115,37.492898,59.9162829230072
2103,127.034117,37.492537,61.8169389575332
2104,127.034120,37.492177,56.6273926746743
2105,127.034122,37.491816,50.2329802487327
2106,127.034124,37.491456,40.0101909138042
2107,127.034126,37.491095,48.3897632160847
2108,127.034129,37.490735,46.3688974163006
2109,127.034108,37.490435,46.3145732456053
2110,127.034269,37.506446,23.44299253354
2111,127.034328,37.506197,30.5357218182208
2112,127.034408,37.505861,32.2015146413745
2113,127.034480,37.505513,33.3576985415627
2114,127.034491,37.505158,31.1370273762744
2115,127.034494,37.504797,21.5945106691055
2116,127.034496,37.504437,24.1271722001586
2117,127.034498,37.504076,20.270200670358
2118,127.034500,37.503716,25.8418265880863
2119,127.034503,37.503355,19.4664147624365
2120,127.034505,37.502995,23.5522744090429
2121,127.034507,37.502634,22.0895714826302
2122,127.034509,37.502274,30.8105992729914
2123,127.034512,37.501913,24.9469698758826
2124,127.034514,37.501553,32.5205883798281
2125,127.034516,37.501192,37.0216754152882
2126,127.034518,37.500832,44.6317476770165
2127,127.034521,37.500471,44.1372963443021
2128,127.034523,37.500110,54.0626223517957
2129,127.034525,37.499750,50.8715369363113
2130,127.034527,37.499389,44.4036699291248
2131,127.034530,37.499029,43.9125032704537
2132,127.034532,37.498668,43.4709325756876
2133,127.034534,37.498308,47.0822991843712
2134,127.034536,37.497947,41.3973445834078
2135,127.034538,37.497587,38.4942989620753
2136,127.034541,37.497226,45.3601327962927
2137,127.034543,37.496866,36.2814013679302
2138,127.034545,37.496505,38.127570876879
2139,127.034547,37.496145,38.596739740068
2140,127.034550,37.495784,46.0981388944924
2141,127.034552,37.495424,55.3272915909578
2142,127.034554,37.495063,55.0872092970007
2143,127.034556,37.494702,53.963138745602
2144,127.034559,37.494342,60.5767156068348
2145,127.034561,37.493981,59.6045412487174
2146,127.034563,37.493621,58.2008770576015
2147,127.034565,37.493260,56.4279992747754
2148,127.034568,37.492900,63.106756033113
2149,127.034570,37.492539,49.4807248380917
2150,127.034572,37.492179,57.8566597278333
2151,127.034574,37.491818,54.779094990629
2152,127.034577,37.491458,55.1151866268362
2153,127.034579,37.491097,51.3299495458754
2154,127.034581,37.490737,45.7671395201626
2155,127.034528,37.490500,38.8441432702405
2156,127.034744,37.505400,19.191482208482
2157,127.034809,37.505129,28.1332887774959
2158,127.034891,37.504784,25.1977067539892
2159,127.034947,37.504437,26.1413999419402
2160,127.034951,37.504078,22.1770940833397
2161,127.034953,37.503718,23.0531719058644
2162,127.034955,37.503357,25.9996075108348
2163,127.034957,37.502997,22.9457733567106
2164,127.034960,37.502636,24.0772982620488
2165,127.034962,37.502275,26.9730951487033
2166,127.034964,37.501915,30.4100485101059
2167,127.034966,37.501554,27.9402275314519
2168,127.034969,37.501194,39.5509526329767
2169,127.034971,37.500833,36.7663293268155
2170,127.034973,37.500473,53.5797517705647
2171,127.034975,37.500112,52.3059946973823
2172,127.034978,37.499752,54.093434503967
2173,127.034980,37.499391,48.3530154720074
2174,127.034982,37.499031,41.741952730641
2175,127.034984,37.498670,43.9809265691162
2176,127.034987,37.498310,46.9344667786655
2177,127.034989,37.497949,43.4499178842961
2178,127.034991,37.497588,38.9278613586013
2179,127.034993,37.497228,40.863776243861
2180,127.034995,37.496867,37.6365102340935
2181,127.034998,37.496507,38.9055162514066
2182,127.035000,37.496146,35.290156188009
2183,127.035002,37.495786,45.747420773501
2184,127.035004,37.495425,51.5148568917989
2185,127.035007,37.495065,55.8602211669646
2186,127.035009,37.494704,58.120093818864
2187,127.035011,37.494344,56.5042835955221
2188,127.035013,37.493983,56.0495592314486
2189,127.035016,37.493623,51.7880646627218
2190,127.035018,37.493262,50.8250746575188
2191,127.035020,37.492902,59.6564885528412
2192,127.035022,37.492541,54.4157295077962
2193,127.035025,37.492180,60.1285503713329
2194,127.035027,37.491820,57.1332273550168
2195,127.035029,37.491459,54.5981020284511
2196,127.035031,37.491099,52.9189162423019
2197,127.035019,37.490758,52.1720445453657
2198,127.034838,37.490548,30.9214548597461
2199,127.035219,37.504355,10.686425625126
2200,127.035290,37.504056,20.6618162585597
2201,127.035373,37.503706,28.8898552008185
2202,127.035408,37.503359,25.4465518763444
2203,127.035410,37.502998,23.1176379892395
2204,127.035412,37.502638,22.510478283936
2205,127.035414,37.502277,29.607689199391
2206,127.035417,37.501917,28.532232797049
2207,127.035419,37.501556,31.6687655792551
2208,127.035421,37.501196,36.3680030497519
2209,127.035423,37.500835,37.9029649572531
2210,127.035426,37.500475,53.5962968029654
2211,127.035428,37.500114,45.8060302598333
2212,127.035430,37.499753,36.5298021093779
2213,127.035432,37.499393,33.3284145723236
2214,127.035435,37.499032,31.7219476956791
2215,127.035437,37.498672,43.3426270964928
2216,127.035439,37.498311,46.1405610353046
2217,127.035441,37.497951,35.09469507515
2218,127.035443,37.497590,38.2065505741784
2219,127.035446,37.497230,40.8104930515788
2220,127.035448,37.496869,36.1305794860576
2221,127.035450,37.496509,44.4229916871845
2222,127.035452,37.496148,44.2022063398015
2223,127.035455,37.495788,49.8628410698212
2224,127.035457,37.495427,51.8509998156257
2225,127.035459,37.495067,54.8171110292669
2226,127.035461,37.494706,57.5154690861238
2227,127.035464,37.494345,58.6453489410489
2228,127.035466,37.493985,58.7964752097153
2229,127.035468,37.493624,58.2649092872432
2230,127.035470,37.493264,52.2012726675032
2231,127.035473,37.492903,61.639846268129
2232,127.035475,37.492543,56.7315246757781
2233,127.035477,37.492182,51.1419141773907
2234,127.035479,37.491822,54.0067831812014
2235,127.035481,37.491461,50.7666728289476
2236,127.035484,37.491101,39.352562903551
2237,127.035457,37.490825,42.6928366316527
2238,127.035637,37.503549,10.0967868772629
2239,127.035695,37.503308,14.3402982838951
2240,127.035772,37.502981,20.428089237695
2241,127.035849,37.502631,20.1245093850433
2242,127.035867,37.502279,22.2511108108066
2243,127.035869,37.501918,27.2196532930759
2244,127.035871,37.501558,30.2155395854165
2245,127.035874,37.501197,35.6704823873801
2246,127.035876,37.500837,34.0648733570445
2247,127.035878,37.500476,53.4461089374728
2248,127.035880,37.500116,47.6433457805256
2249,127.035883,37.499755,38.8619185828232
2250,127.035885,37.499395,31.3000204349534
2251,127.035887,37.499034,36.2444677332431
2252,127.035889,37.498674,31.6503540835869
2253,127.035892,37.498313,28.5000701467765
2254,127.035894,37.497953,26.9311185708936
2255,127.035896,37.497592,36.0533721982965
2256,127.035898,37.497232,36.1138081187479
2257,127.035900,37.496871,37.3935714067993
2258,127.035903,37.496510,37.0018862882227
2259,127.035905,37.496150,35.1252108354667
2260,127.035907,37.495789,50.7742972843921
2261,127.035909,37.495429,51.2041409070575
2262,127.035912,37.495068,54.6555138267679
2263,127.035914,37.494708,58.087954011913
2264,127.035916,37.494347,52.7120290670348
2265,127.035918,37.493987,56.5328698080627
2266,127.035921,37.493626,53.1336756897665
2267,127.035923,37.493266,55.4781961130663
2268,127.035925,37.492905,59.065958008041
2269,127.035927,37.492545,53.0648045740384
2270,127.035929,37.492184,50.1530885788211
2271,127.035932,37.491823,47.0799308906393
2272,127.035934,37.491463,49.5655120276753
2273,127.035935,37.491103,47.0989249222008
2274,127.035836,37.490884,34.5046821716788
2275,127.036112,37.502504,7.31895923682587
2276,127.036173,37.502245,17.8362760292958
2277,127.036255,37.501904,29.1614206789096
2278,127.036319,37.501556,31.4861459522261
2279,127.036326,37.501199,33.4074325767037
2280,127.036328,37.500839,40.6884337785363
2281,127.036331,37.500478,47.5565530733827
2282,127.036333,37.500118,34.5230697896402
2283,127.036335,37.499757,36.2124944142265
2284,127.036337,37.499397,43.0469445868694
2285,127.036340,37.499036,30.4764505328606
2286,127.036342,37.498675,31.2363815572436
2287,127.036344,37.498315,34.709658041925
2288,127.036346,37.497954,28.8353921920725
2289,127.036349,37.497594,27.9835610287987
2290,127.036351,37.497233,34.5959088554894
2291,127.036353,37.496873,37.0071970488789
2292,127.036355,37.496512,40.2860683305457
2293,127.036357,37.496152,37.7781572002851
2294,127.036360,37.495791,43.515978989174
2295,127.036362,37.495431,50.3761958543711
2296,127.036364,37.495070,53.9931577846187
2297,127.036366,37.494710,51.1608137377695
2298,127.036369,37.494349,54.5335081829451
2299,127.036371,37.493988,52.0032479904882
2300,127.036373,37.493628,52.3609269739258
2301,127.036375,37.493267,52.8563701128924
2302,127.036377,37.492907,44.0138102275539
2303,127.036380,37.492546,47.4347782157704
2304,127.036382,37.492186,51.808978684194
2305,127.036384,37.491825,53.2343224489421
2306,127.036386,37.491465,50.0070827224415
2307,127.036369,37.491147,48.1192346286408
2308,127.036587,37.501458,18.9769815209259
2309,127.036654,37.501174,27.2194072172998
2310,127.036737,37.500826,38.2906865199233
2311,127.036783,37.500480,43.1530316403421
2312,127.036785,37.500119,35.3866545011487
2313,127.036788,37.499759,35.5598745538335
2314,127.036790,37.499398,31.3274591889005
2315,127.036792,37.499038,34.301398491111
2316,127.036794,37.498677,22.3385738725452
2317,127.036797,37.498317,28.7133188118452
2318,127.036799,37.497956,31.8043153218838
2319,127.036801,37.497596,29.2443270099097
2320,127.036803,37.497235,25.5843375320351
2321,127.036805,37.496875,24.3940051605792
2322,127.036808,37.496514,36.800943955769
2323,127.036810,37.496153,40.5266966928582
2324,127.036812,37.495793,49.4398209135005
2325,127.036814,37.495432,53.6910294699814
2326,127.036817,37.495072,56.4248500106968
2327,127.036819,37.494711,47.8381786210733
2328,127.036821,37.494351,51.2425639712736
2329,127.036823,37.493990,52.1505149251632
2330,127.036826,37.493630,49.895480128752
2331,127.036828,37.493269,51.6747378848067
2332,127.036830,37.492909,46.3647435575971
2333,127.036832,37.492548,38.1044195363407
2334,127.036834,37.492188,34.8330551854754
2335,127.036837,37.491827,40.8485439746239
2336,127.036839,37.491467,47.216819475317
2337,127.036801,37.491214,42.0168535462451
2338,127.037062,37.500413,21.9252423859801
2339,127.037136,37.500100,28.9375752106371
2340,127.037217,37.499750,40.1620081577821
2341,127.037242,37.499400,34.4392916980134
2342,127.037245,37.499040,28.7741321177113
2343,127.037247,37.498679,26.1799042859604
2344,127.037249,37.498318,31.4473064546026
2345,127.037251,37.497958,33.5162985668441
2346,127.037254,37.497597,32.8356022060774
2347,127.037256,37.497237,33.0567532828229
2348,127.037258,37.496876,35.9114061442233
2349,127.037260,37.496516,39.1209344355921
2350,127.037262,37.496155,42.5983036568752
2351,127.037265,37.495795,54.5178839033109
2352,127.037267,37.495434,49.7868700308972
2353,127.037269,37.495074,57.129584698234
2354,127.037271,37.494713,53.372592782615
2355,127.037274,37.494353,53.5332119503728
2356,127.037276,37.493992,49.7748912020813
2357,127.037278,37.493631,51.7149964591549
2358,127.037280,37.493271,40.6353978847944
2359,127.037282,37.492910,42.4016806638589
2360,127.037285,37.492550,38.4725247526941
2361,127.037287,37.492189,36.5258724861272
2362,127.037289,37.491829,40.5390774121256
2363,127.037283,37.491477,51.6820545031839
2364,127.037135,37.491266,32.9428981440467
2365,127.037480,37.499608,12.3883551281303
2366,127.037539,37.499359,25.160928288675
2367,127.037618,37.499024,29.6987086345361
2368,127.037690,37.498675,31.7411435567678
2369,127.037702,37.498320,41.3070003697136
2370,127.037704,37.497960,29.3192437221201
2371,127.037706,37.497599,40.5426869784717
2372,127.037708,37.497239,33.1825801464235
2373,127.037710,37.496878,38.1566220730701
2374,127.037713,37.496518,39.0158955767977
2375,127.037715,37.496157,40.6993838505935
2376,127.037717,37.495796,50.3185021903927
2377,127.037719,37.495436,52.4870304236997
2378,127.037722,37.495075,48.8046044859048
2379,127.037724,37.494715,52.9031413626274
2380,127.037726,37.494354,52.5215312102524
2381,127.037728,37.493994,48.7912471834726
2382,127.037730,37.493633,51.9769804307357
2383,127.037733,37.493273,51.557551514256
2384,127.037735,37.492912,46.0543700080862
2385,127.037737,37.492552,36.6392523276597
2386,127.037739,37.492191,36.9141433925315
2387,127.037742,37.491831,43.9659485589735
2388,127.037720,37.491538,47.1114380519701
2389,127.037954,37.498562,17.1846504775344
2390,127.038019,37.498292,28.6046951070457
2391,127.038101,37.497946,34.4199702158696
2392,127.038157,37.497600,38.9730800429692
2393,127.038161,37.497240,34.563360733718
2394,127.038163,37.496880,40.3772932383584
2395,127.038165,37.496519,38.5764564798017
2396,127.038167,37.496159,36.616986521777
2397,127.038170,37.495798,48.0951648857092
2398,127.038172,37.495438,56.4033042003538
2399,127.038174,37.495077,44.8141122360063
2400,127.038176,37.494717,52.8695733117941
2401,127.038179,37.494356,48.3113458790036
2402,127.038181,37.493996,52.0186606622631
2403,127.038183,37.493635,50.8186864688841
2404,127.038185,37.493274,48.6260520251075
2405,127.038187,37.492914,55.6911831413654
2406,127.038190,37.492553,53.0527034098744
2407,127.038192,37.492193,42.7059341188855
2408,127.038194,37.491832,44.8745548724828
2409,127.038131,37.491602,38.3445942212661
2410,127.038429,37.497517,25.1286630631632
2411,127.038500,37.497218,34.8393424179469
2412,127.038583,37.496869,39.1243023001719
2413,127.038618,37.496521,44.2064828380697
2414,127.038620,37.496161,40.5911227746721
2415,127.038622,37.495800,50.2063155434564
2416,127.038624,37.495439,46.9232241204904
2417,127.038627,37.495079,47.7258282312237
2418,127.038629,37.494718,52.4423478342558
2419,127.038631,37.494358,48.918505584307
2420,127.038633,37.493997,52.5010824766472
2421,127.038635,37.493637,49.7832090200096
2422,127.038638,37.493276,52.4619789826816
2423,127.038640,37.492916,52.130800961607
2424,127.038642,37.492555,49.1087867638808
2425,127.038644,37.492195,42.5981628836725
2426,127.038630,37.491860,44.1489099083361
2427,127.038435,37.491649,26.3834413041418
2428,127.038847,37.496711,25.4673264789325
2429,127.038904,37.496470,31.2905400161607
2430,127.038982,37.496143,38.4384656376873
2431,127.039059,37.495793,54.4425251697656
2432,127.039077,37.495441,47.1437910146669
2433,127.039079,37.495081,50.554968174379
2434,127.039081,37.494720,50.6217425311717
2435,127.039084,37.494360,50.3397020314822
2436,127.039086,37.493999,53.4937427270448
2437,127.039088,37.493639,52.1972841707889
2438,127.039090,37.493278,50.7091676080188
2439,127.039092,37.492917,55.1524727241028
2440,127.039095,37.492557,55.6402318866267
2441,127.039097,37.492196,54.0671362865224
2442,127.039068,37.491928,46.8145491916162
2443,127.039322,37.495666,34.0622591822206
2444,127.039383,37.495408,42.0105316880108
2445,127.039464,37.495066,50.0599487684195
2446,127.039529,37.494719,54.3266046882154
2447,127.039536,37.494361,49.1564165196046
2448,127.039538,37.494001,47.4509983340259
2449,127.039540,37.493640,45.0540290745973
2450,127.039543,37.493280,54.5761268176464
2451,127.039545,37.492919,54.1897524597261
2452,127.039547,37.492559,47.8920742480564
2453,127.039546,37.492201,54.6260273432397
2454,127.039433,37.491985,38.708646332585
2455,127.039797,37.494620,35.9021546045042
2456,127.039864,37.494336,45.2570582403594
2457,127.039947,37.493988,47.9466781689544
2458,127.039993,37.493642,45.9081208234695
2459,127.039995,37.493282,51.7287658565145
2460,127.039997,37.492921,49.1345380247635
2461,127.040000,37.492560,46.847767622411
2462,127.039981,37.492250,51.49816822827
2463,127.040271,37.493575,38.1006741114516
2464,127.040346,37.493262,46.3471230140524
2465,127.040427,37.492912,49.8796885721814
2466,127.040452,37.492562,54.354469433435
2467,127.040409,37.492317,42.5839598276789
2468,127.040689,37.492770,34.2591252448299
2469,127.040747,37.492522,32.7731256526152
2470,127.040732,37.492367,32.3503352833641
