grid_id,height_mean,slope_mean,L3_CODE,L3_NAME,land_risk,part_area,land_risk_value,FLDLV_FREQ,floodLevel,F_SHIM,F_AREA,F_YR,station_id,station_name,exit_no,freq_score,is_station_zone,height_norm,slope_norm,floodLevel_score,city_flood_risk,F_SHIM_level,past_flood_risk,final_score
1,23.26246452,2.875273228,154,도로,1,57.416,0.036,0,0,0,0,0,0,없음,,0,거짓,0.586,0.22,0,0,0,0,17
2,23.24890292,2.886377928,154,도로,1,1283.237,0.802,0,0,0.7,31706.9,2022,0,없음,,0,거짓,0.586,0.219,0,0,2,0.2,24
3,23.26246452,2.875273228,154,도로,1,988.941,0.618,0,0,0.7,31706.9,2022,0,없음,,0,거짓,0.586,0.22,0,0,2,0.2,28
4,27.28588734,1.064684089,154,도로,1,513.198,0.321,0,0,0.7,31706.9,2022,0,없음,,0,거짓,0.498,0.405,0,0,2,0.2,24
5,27.33323479,1.043377161,154,도로,1,79.67,0.05,0,0,0.7,31706.9,2022,0,없음,,0,거짓,0.497,0.409,0,0,2,0.2,19
6,22.84639955,2.932187986,154,도로,1,553.558,0.346,0,0,0,0,0,0,없음,,0,거짓,0.596,0.216,0,0,0,0,20
7,23.26246452,2.875273228,154,도로,1,418.092,0.261,0,0,0,0,0,0,없음,,0,거짓,0.586,0.22,0,0,0,0,19
8,23.26246452,2.875273228,154,도로,1,498.368,0.311,0,0,0.7,31706.9,2022,0,없음,,0,거짓,0.586,0.22,0,0,2,0.2,19
9,27.30080092,1.057972793,111,단독주거시설,1,3.718,0.002,0,0,0.7,31706.9,2022,0,없음,,0,거짓,0.497,0.406,0,0,2,0.2,21
10,27.33323479,1.043377161,423,기타초지,0.4,0.987,0,0,0,0.7,31706.9,2022,0,없음,,0,거짓,0.497,0.409,0,0,2,0.2,22
11,26.30080079,2.019458801,423,기타초지,0.4,11.258,0.003,0,0,0.7,31706.9,2022,0,없음,,0,거짓,0.518,0.286,0,0,2,0.2,19
12,25.86436844,2.432069778,154,도로,1,607.807,0.38,0,0,0.7,31706.9,2022,0,없음,,0,거짓,0.527,0.251,0,0,2,0.2,20
13,25.05475629,2.286820217,154,도로,1,212.169,0.133,0,0,0.7,31706.9,2022,0,없음,,0,거짓,0.545,0.263,0,0,2,0.2,19
14,22.24816495,2.767013593,154,도로,1,835.174,0.522,0,0,0,0,0,0,없음,,0,거짓,0.61,0.227,0,0,0,0,19
15,26.01083006,2.687654711,154,도로,1,813.743,0.509,0,0,0,0,0,0,없음,,0,거짓,0.524,0.233,0,0,0,0,17
16,26.01083006,2.687654711,154,도로,1,973.224,0.608,0,0,0,0,0,0,없음,,0,거짓,0.524,0.233,0,0,0,0,18
17,30.18035798,1.044784167,154,도로,1,321.647,0.201,0,0,0,0,0,0,없음,,0,거짓,0.442,0.408,0,0,0,0,19
18,30.21384551,1.031589467,154,도로,1,308.891,0.193,0,0,0,0,0,0,없음,,0,거짓,0.441,0.411,0,0,0,0,18
19,25.11448363,2.021875016,154,도로,1,441.592,0.276,0,0,0,0,0,0,없음,,0,거짓,0.543,0.286,0,0,0,0,18
20,23.34169116,2.366147656,423,기타초지,0.4,115.164,0.029,0,0,0.7,31706.9,2022,0,없음,,0,거짓,0.584,0.256,0,0,2,0.2,19
21,22.26108871,1.872100014,154,도로,1,794.161,0.496,0,0,0.7,31706.9,2022,0,없음,,0,거짓,0.61,0.3,0,0,2,0.2,22
22,20.96178411,1.284826592,154,도로,1,905.165,0.566,0,0,0.7,31706.9,2022,0,없음,,0,거짓,0.643,0.37,0,0,2,0.2,25
23,20.70607395,1.581304125,154,도로,1,684.037,0.428,0,0,0.7,31706.9,2022,0,없음,,0,거짓,0.65,0.331,0,0,2,0.2,23
24,20.8588829,3.352384329,154,도로,1,378.353,0.236,0,0,0.7,31706.9,2022,0,없음,,0,거짓,0.646,0.191,0,0,2,0.2,19
25,20.8588829,3.352384329,154,도로,1,22.878,0.014,0,0,0.7,31706.9,2022,0,없음,,0,거짓,0.646,0.191,0,0,2,0.2,17
26,19.82612991,2.72548604,154,도로,1,187.416,0.117,0,0,0,0,0,0,없음,,0,거짓,0.674,0.23,0,0,0,0,20
27,21.68234745,2.692601298,154,도로,1,830.663,0.519,0,0,0,0,0,0,없음,,0,거짓,0.624,0.232,0,0,0,0,20
28,27.42996979,2.590776443,154,도로,1,1044.846,0.653,0,0,0,0,0,0,없음,,0,거짓,0.495,0.239,0,0,0,0,17
29,27.42996979,2.590776443,154,도로,1,746.651,0.467,0,0,0,0,0,0,없음,,0,거짓,0.495,0.239,0,0,0,0,16
30,31.66723946,1.037974119,154,도로,1,768.055,0.48,0,0,0.3,191.6,2010,0,없음,,0,거짓,0.415,0.41,0,0,1,0.1,18
31,31.70127106,1.025502801,423,기타초지,0.4,29.402,0.007,0,0,0.2,179.72,2022,0,없음,,0,거짓,0.415,0.412,0,0,1,0.1,19
32,24.53161669,1.995046516,154,도로,1,922.521,0.577,0,0,0,0,0,0,없음,,0,거짓,0.556,0.288,0,0,0,0,18
33,22.0390873,2.332108259,154,도로,1,589.457,0.368,0,0,0,0,0,0,없음,,0,거짓,0.615,0.259,0,0,0,0,19
34,21.36346982,1.755656715,154,도로,1,224.605,0.14,0,0,0,0,0,0,없음,,0,거짓,0.633,0.312,0,0,0,0,20
35,20.66597176,1.16053617,154,도로,1,544.702,0.34,0,0,0,0,0,0,없음,,0,거짓,0.651,0.389,0,0,0,0,23
36,20.71266252,1.69103466,154,도로,1,255.663,0.16,0,0,0,0,0,0,없음,,0,거짓,0.65,0.319,0,0,0,0,21
37,20.8588829,3.352384329,154,도로,1,402.791,0.252,0,0,0.7,31706.9,2022,0,없음,,0,거짓,0.646,0.191,0,0,2,0.2,20
38,20.8588829,3.352384329,154,도로,1,716.249,0.448,0,0,0.7,31706.9,2022,0,없음,,0,거짓,0.646,0.191,0,0,2,0.2,21
39,20.44735301,3.78658319,154,도로,1,663.524,0.415,0,0,0.7,31706.9,2022,0,없음,,0,거짓,0.657,0.169,0,0,2,0.2,20
40,20.4432869,3.790873289,154,도로,1,454.905,0.284,0,0,0.7,31706.9,2022,0,없음,,0,거짓,0.657,0.168,0,0,2,0.2,20
41,18.84619255,3.226546822,154,도로,1,108.647,0.068,0,0,0.7,31706.9,2022,0,없음,,0,거짓,0.702,0.199,0,0,2,0.2,19
42,20.69115831,2.467337099,154,도로,1,683.829,0.427,0,0,0,0,0,0,없음,,0,거짓,0.65,0.248,0,0,0,0,21
43,22.01477702,2.410847588,154,도로,1,1014.404,0.634,0,0,0,0,0,0,없음,,0,거짓,0.616,0.253,0,0,0,0,19
44,26.66531727,2.08311667,154,도로,1,848.281,0.53,0,0,0,0,0,0,없음,,0,거짓,0.51,0.28,0,0,0,0,17
45,26.66531727,2.08311667,154,도로,1,858.832,0.537,0,0,0,0,0,0,없음,,0,거짓,0.51,0.28,0,0,0,0,17
46,28.94705625,1.058544624,154,도로,1,877.083,0.548,0,0,0.3,191.6,2010,0,없음,,0,거짓,0.465,0.406,0,0,1,0.1,20
47,28.96538202,1.050315783,423,기타초지,0.4,21.494,0.005,0,0,0.2,179.72,2022,0,없음,,0,거짓,0.465,0.408,0,0,1,0.1,20
48,23.9009906,1.677923166,154,도로,1,949.429,0.593,0,0,0,0,0,0,없음,,0,거짓,0.571,0.32,0,0,0,0,19
49,22.1403556,1.896110789,154,도로,1,646.024,0.404,0,0,0,0,0,0,없음,,0,거짓,0.613,0.298,0,0,0,0,20
50,22.08893951,1.916672433,154,도로,1,886.448,0.554,0,0,0,0,0,0,없음,,0,거짓,0.614,0.295,0,0,0,0,20
51,22.03585826,1.937899988,154,도로,1,880.848,0.551,0,0,0.5,165.3,2011,0,없음,,0,거짓,0.616,0.293,0,0,2,0.2,20
52,22.91264182,2.156157602,154,도로,1,767.32,0.48,0,0,0,0,0,0,없음,,0,거짓,0.594,0.274,0,0,0,0,20
53,25.65844431,2.839669849,154,도로,1,280.304,0.175,0,0,0,0,0,0,없음,,0,거짓,0.532,0.222,0,0,0,0,16
54,25.65844431,2.839669849,154,도로,1,211.169,0.132,0,0,0,0,0,0,없음,,0,거짓,0.532,0.222,0,0,0,0,16
55,24.41641337,4.030250684,154,도로,1,45.252,0.028,0,0,0,0,0,0,없음,,0,거짓,0.559,0.157,0,0,0,0,17
56,24.40643801,4.039812823,154,도로,1,247.122,0.154,0,0,0.7,31706.9,2022,0,없음,,0,거짓,0.559,0.157,0,0,2,0.2,17
57,18.54890124,3.108012151,154,도로,1,699.806,0.437,0,0,0.7,31706.9,2022,0,없음,,0,거짓,0.711,0.205,0,0,2,0.2,22
58,16.52899904,2.914179904,154,도로,1,783.763,0.49,0,0,0.7,31706.9,2022,0,없음,,0,거짓,0.774,0.217,0,0,2,0.2,24
59,16.68203372,2.601006755,154,도로,1,541.213,0.338,0,0,0.7,31706.9,2022,0,없음,,0,거짓,0.769,0.239,0,0,2,0.2,24
60,16.75137329,1.815001965,154,도로,1,257.395,0.161,0,0,0.7,31706.9,2022,0,없음,,0,거짓,0.767,0.306,0,0,2,0.2,23
61,16.75137329,1.815001965,154,도로,1,0.41,0,0,0,0.7,31706.9,2022,0,없음,,0,거짓,0.767,0.306,0,0,2,0.2,21
62,21.54454231,2.212663174,154,도로,1,5.837,0.004,0,0,0,0,0,0,없음,,0,거짓,0.628,0.269,0,0,0,0,18
63,21.54454231,2.212663174,154,도로,1,1008.072,0.63,0,0,0,0,0,0,없음,,0,거짓,0.628,0.269,0,0,0,0,21
64,22.5170362,2.004111314,154,도로,1,960.269,0.6,0,0,0.2,179.37,2022,0,없음,,0,거짓,0.604,0.287,0,0,1,0.1,20
65,25.56257248,1.350994349,154,도로,1,923.426,0.577,0,0,0,0,0,0,없음,,0,거짓,0.534,0.361,0,0,0,0,20
66,25.56257248,1.350994349,154,도로,1,812.458,0.508,0,0,0,0,0,0,없음,,0,거짓,0.534,0.361,0,0,0,0,20
67,25.02413986,1.08821041,154,도로,1,867.818,0.542,0,0,0,0,0,0,없음,,0,거짓,0.545,0.401,0,0,0,0,21
68,25.01981544,1.086099863,154,도로,1,899.884,0.562,0,0,0.2,160.71,2022,0,없음,,0,거짓,0.545,0.401,0,0,1,0.1,20
69,22.99153223,1.22058324,154,도로,1,882.403,0.552,0,0,0.2,160.71,2022,0,없음,,0,거짓,0.592,0.38,0,0,1,0.1,21
70,22.28639984,1.267336369,154,도로,1,849.961,0.531,0,0,0,0,0,0,없음,,0,거짓,0.609,0.373,0,0,0,0,22
71,23.13517674,2.148881498,154,도로,1,753.107,0.471,0,0,0.3,201.9,2010,0,없음,,0,거짓,0.589,0.274,0,0,1,0.1,19
72,24.01144218,3.058976412,154,도로,1,720.899,0.451,0,0,0,0,0,0,없음,,0,거짓,0.568,0.208,0,0,0,0,17
73,26.08534534,2.826935367,154,도로,1,869.861,0.544,0,0,0,0,0,0,없음,,0,거짓,0.522,0.223,0,0,0,0,17
74,32.58013916,2.100257874,154,도로,1,752.799,0.47,0,0,0,0,0,0,없음,,0,거짓,0.4,0.278,0,0,0,0,15
75,32.58013916,2.100257874,154,도로,1,838.408,0.524,0,0,0,0,0,0,없음,,0,거짓,0.4,0.278,0,0,0,0,15
76,30.14148847,4.380507549,154,도로,1,545.485,0.341,0,0,0.5,1986.05,2022,0,없음,,0,거짓,0.443,0.142,0,0,2,0.2,14
77,30.12190247,4.398821354,411,자연초지,0.4,355.872,0.089,0,0,0.5,1986.05,2022,0,없음,,0,거짓,0.443,0.141,0,0,2,0.2,14
78,20.20053528,3.6726724,411,자연초지,0.4,527.809,0.132,0,0,0.5,1986.05,2022,0,없음,,0,거짓,0.664,0.174,0,0,2,0.2,18
79,16.75137329,3.420226812,154,도로,1,178.379,0.111,30,1,0,0,0,0,없음,,0.2,거짓,0.767,0.188,0.1,0.15,0,0,23
80,16.75137329,2.630404017,154,도로,1,901.009,0.563,30,1,0.7,31706.9,2022,0,없음,,0.2,거짓,0.767,0.237,0.1,0.15,2,0.2,33
81,16.75137329,1.815001965,154,도로,1,520.754,0.325,0,0,0.7,31706.9,2022,0,없음,,0,거짓,0.767,0.306,0,0,2,0.2,26
82,15.6846391,1.708631262,154,도로,1,921.429,0.576,30,2,0.7,31706.9,2022,0,없음,,0.2,거짓,0.803,0.317,0.2,0.2,2,0.2,38
83,11.68480682,1.309783101,154,도로,1,905.471,0.566,30,1,0.7,31706.9,2022,0,없음,,0.2,거짓,0.966,0.366,0.1,0.15,2,0.2,43
84,11.68480682,1.309783101,154,도로,1,431.608,0.27,0,0,0,0,0,0,없음,,0,거짓,0.966,0.366,0,0,0,0,32
85,15.63869471,1.822227358,154,도로,1,39.447,0.025,0,0,0,0,0,0,없음,,0,거짓,0.805,0.305,0,0,0,0,23
86,23.29265422,2.165577678,154,도로,1,386.308,0.241,0,0,0,0,0,0,없음,,0,거짓,0.585,0.273,0,0,0,0,22
87,22.59906454,2.184259556,154,도로,1,907.495,0.567,0,0,0,0,0,0,없음,,0,거짓,0.602,0.271,0,0,0,0,19
88,23.2476758,1.992115062,131,상업·업무시설,1,11.66,0.007,0,0,0.2,179.37,2022,0,없음,,0,거짓,0.586,0.288,0,0,1,0.1,19
89,25.27891645,1.390380659,154,도로,1,760.566,0.475,0,0,0.2,103.89,2022,0,없음,,0,거짓,0.54,0.355,0,0,1,0.1,21
90,25.27891645,1.390380659,154,도로,1,916.365,0.573,0,0,0,0,0,0,없음,,0,거짓,0.54,0.355,0,0,0,0,20
91,25.09964527,1.155434468,154,도로,1,892.731,0.558,0,0,0,0,0,0,없음,,0,거짓,0.544,0.39,0,0,0,0,20
92,25.09820545,1.1535475,111,단독주거시설,1,16.832,0.011,0,0,0.2,160.71,2022,0,없음,,0,거짓,0.544,0.39,0,0,1,0.1,20
93,23.60682959,1.255101606,154,도로,1,875.894,0.547,0,0,0,0,0,0,없음,,0,거짓,0.578,0.374,0,0,0,0,21
94,23.08835297,1.290406877,154,도로,1,649.337,0.406,0,0,0,0,0,0,없음,,0,거짓,0.59,0.369,0,0,0,0,21
95,23.94664189,1.974587223,154,도로,1,501.858,0.314,0,0,0,0,0,0,없음,,0,거짓,0.57,0.29,0,0,0,0,18
96,24.83272742,2.680925483,112,공동주거시설,1,93.621,0.059,30,1,0,0,0,0,없음,,0.2,거짓,0.55,0.233,0.1,0.15,0,0,19
97,26.61040539,2.610476571,154,도로,1,754.701,0.472,0,0,0,0,0,0,없음,,0,거짓,0.511,0.238,0,0,0,0,18
98,32.17751777,2.389853369,154,도로,1,810.379,0.506,0,0,0.5,238,2012,0,없음,,0,거짓,0.406,0.254,0,0,2,0.2,15
99,32.17751777,2.389853369,154,도로,1,851.234,0.532,0,0,0.2,213.97,2022,0,없음,,0,거짓,0.406,0.254,0,0,1,0.1,15
100,28.5092143,4.69859859,154,도로,1,868.891,0.543,0,0,0.5,1986.05,2022,0,없음,,0,거짓,0.473,0.129,0,0,2,0.2,15
101,28.47975236,4.717141257,154,도로,1,884.601,0.553,0,0,0.5,1986.05,2022,0,없음,,0,거짓,0.474,0.128,0,0,2,0.2,14
102,19.09455457,3.77640139,154,도로,1,879.28,0.55,0,0,0.5,1986.05,2022,0,없음,,0,거짓,0.695,0.169,0,0,2,0.2,19
103,15.83179181,3.4493533,154,도로,1,551.737,0.345,50,2,0.5,2019.63,2022,0,없음,,0.6,거짓,0.798,0.186,0.2,0.4,2,0.2,30
104,15.83179181,2.599904243,154,도로,1,1323.924,0.827,50,1,0.7,31706.9,2022,0,없음,,0.6,거짓,0.798,0.239,0.1,0.35,2,0.2,40
105,15.83179181,1.722944868,423,기타초지,0.4,1002.847,0.251,30,1,0.7,31706.9,2022,0,없음,,0.2,거짓,0.798,0.315,0.1,0.15,2,0.2,33
106,14.80289607,1.606887343,423,기타초지,0.4,561.865,0.14,30,2,0.7,31706.9,2022,0,없음,,0.2,거짓,0.835,0.328,0.2,0.2,2,0.2,39
107,11.58072746,1.243432717,154,도로,1,1283.145,0.802,30,1,0.7,31706.9,2022,0,없음,,0.2,거짓,0.971,0.376,0.1,0.15,2,0.2,48
108,11.58072746,1.243432717,423,기타초지,0.4,416.911,0.104,0,0,0,0,0,0,없음,,0,거짓,0.971,0.376,0,0,0,0,32
109,15.63083643,1.82593317,423,기타초지,0.4,289.751,0.072,0,0,0,0,0,0,없음,,0,거짓,0.805,0.305,0,0,0,0,27
110,15.61163056,1.826032069,154,도로,1,980.935,0.613,30,1,0,0,0,0,없음,,0.2,거짓,0.806,0.305,0.1,0.15,0,0,34
111,16.65874849,1.428237044,154,도로,1,605.587,0.378,30,1,0,0,0,0,없음,,0.2,거짓,0.77,0.35,0.1,0.15,0,0,37
112,16.53817114,1.240227662,154,도로,1,142.109,0.089,30,1,0,0,0,0,없음,,0.2,거짓,0.774,0.377,0.1,0.15,0,0,32
113,27.62462842,2.038374882,154,도로,1,716.879,0.448,0,0,0,0,0,0,없음,,0,거짓,0.491,0.284,0,0,0,0,18
114,28.1570034,2.03455615,154,도로,1,830.261,0.519,0,0,0,0,0,0,없음,,0,거짓,0.48,0.284,0,0,0,0,17
115,27.09856685,1.928887913,154,도로,1,906.015,0.566,0,0,0,0,0,0,없음,,0,거짓,0.501,0.294,0,0,0,0,17
116,23.78388596,1.597969174,154,도로,1,923.897,0.577,0,0,0,0,0,0,없음,,0,거짓,0.573,0.329,0,0,0,0,20
117,23.78388596,1.597969174,154,도로,1,961.048,0.601,0,0,0,0,0,0,없음,,0,거짓,0.573,0.329,0,0,0,0,20
118,25.49760219,1.509743929,154,도로,1,774.815,0.484,0,0,0,0,0,0,없음,,0,거짓,0.535,0.34,0,0,0,0,20
119,25.51136589,1.509035349,154,도로,1,802.569,0.502,0,0,0,0,0,0,없음,,0,거짓,0.535,0.34,0,0,0,0,20
120,26.84980067,1.437033249,154,도로,1,945.982,0.591,0,0,0.2,225.67,2022,0,없음,,0,거짓,0.506,0.349,0,0,1,0.1,19
121,27.31510735,1.412001729,154,도로,1,896.064,0.56,0,0,0.2,225.67,2022,0,없음,,0,거짓,0.497,0.352,0,0,1,0.1,19
122,28.22353012,1.055956117,154,도로,1,577.003,0.361,0,0,0,0,0,0,없음,,0,거짓,0.479,0.407,0,0,0,0,19
123,29.16137314,0.688379586,154,도로,1,928.746,0.58,0,0,0,0,0,0,없음,,0,거짓,0.461,0.486,0,0,0,0,21
124,29.37777398,1.469614184,154,도로,1,831.34,0.52,0,0,0,0,0,0,없음,,0,거짓,0.457,0.345,0,0,0,0,18
125,30.05547142,3.91618824,154,도로,1,813.039,0.508,0,0,0.5,238,2012,0,없음,,0,거짓,0.444,0.162,0,0,2,0.2,14
126,30.05547142,3.91618824,154,도로,1,795.784,0.497,50,1,0.2,152.69,2022,0,없음,,0.6,거짓,0.444,0.162,0.1,0.35,1,0.1,22
127,19.90619037,6.375121382,154,도로,1,811.591,0.507,50,1,0.5,1986.05,2022,0,없음,,0.6,거짓,0.672,0.072,0.1,0.35,2,0.2,24
128,19.82467651,6.394870281,154,도로,1,900.82,0.563,30,1,0.5,1986.05,2022,0,없음,,0.2,거짓,0.674,0.071,0.1,0.15,2,0.2,24
129,13.26539995,4.323112846,154,도로,1,767.337,0.48,50,1,0.5,1986.05,2022,0,없음,,0.6,거짓,0.896,0.144,0.1,0.35,2,0.2,30
130,10.98506832,3.60286665,423,기타초지,0.4,183.643,0.046,100,2,0.5,2019.63,2022,0,없음,,1,거짓,1,0.178,0.2,0.6,2,0.2,36
131,10.98506832,2.439152887,154,도로,1,684.498,0.428,30,2,0.5,2019.63,2022,0,없음,,0.2,거짓,1,0.251,0.2,0.2,2,0.2,39
132,10.98506832,1.237751007,154,도로,1,943.508,0.59,30,1,0.5,493.21,2022,0,없음,,0.2,거짓,1,0.377,0.1,0.15,2,0.2,42
133,10.9964683,1.154486263,423,기타초지,0.4,111.437,0.028,30,1,0.7,31706.9,2022,0,없음,,0.2,거짓,0.999,0.39,0.1,0.15,2,0.2,43
134,11.03216934,0.893728018,154,도로,1,1320.996,0.826,30,1,0.5,613.58,2022,0,없음,,0.2,거짓,0.998,0.438,0.1,0.15,2,0.2,45
135,11.03216934,0.893728018,423,기타초지,0.4,449.855,0.112,30,1,0,0,0,0,없음,,0.2,거짓,0.998,0.438,0.1,0.15,0,0,39
136,14.97686977,1.764529049,423,기타초지,0.4,797.876,0.199,30,1,0,0,0,0,없음,,0.2,거짓,0.829,0.311,0.1,0.15,0,0,33
137,15.0085516,1.77152288,423,기타초지,0.4,1532.353,0.383,30,1,0,0,0,0,없음,,0.2,거짓,0.828,0.31,0.1,0.15,0,0,32
138,16.03597169,1.378473895,423,기타초지,0.4,1246.197,0.312,30,1,0,0,0,0,없음,,0.2,거짓,0.791,0.357,0.1,0.15,0,0,35
139,16.39315414,1.241830468,423,기타초지,0.4,833.435,0.208,30,1,0,0,0,0,없음,,0.2,거짓,0.779,0.376,0.1,0.15,0,0,34
140,17.75679748,1.607582416,154,도로,1,892.907,0.558,30,1,0,0,0,0,없음,,0.2,거짓,0.735,0.328,0.1,0.15,0,0,35
141,19.45978546,2.064352274,154,도로,1,762.543,0.477,30,1,0.5,18570.65,2022,0,없음,,0.2,거짓,0.684,0.282,0.1,0.15,2,0.2,32
142,19.84767633,2.127796183,154,도로,1,249.6,0.156,30,1,0.5,18570.65,2022,0,없음,,0.2,거짓,0.673,0.276,0.1,0.15,2,0.2,28
143,23.40167809,2.709093094,154,도로,1,4.571,0.003,30,1,0.5,18570.65,2022,0,없음,,0.2,거짓,0.582,0.231,0.1,0.15,2,0.2,23
144,25.65917969,2.052473068,154,도로,1,72.739,0.045,0,0,0,0,0,0,없음,,0,거짓,0.531,0.283,0,0,0,0,17
145,26.95151743,2.043203115,154,도로,1,870.769,0.544,0,0,0,0,0,0,없음,,0,거짓,0.504,0.284,0,0,0,0,20
146,28.1570034,2.03455615,154,도로,1,1048.856,0.656,0,0,0,0,0,0,없음,,0,거짓,0.48,0.284,0,0,0,0,17
147,27.09856685,1.928887913,154,도로,1,919.799,0.575,0,0,0,0,0,0,없음,,0,거짓,0.501,0.294,0,0,0,0,18
148,23.78388596,1.597969174,154,도로,1,594.893,0.372,0,0,0,0,0,0,없음,,0,거짓,0.573,0.329,0,0,0,0,20
149,23.78388596,1.597969174,154,도로,1,1075.745,0.672,0,0,0,0,0,0,없음,,0,거짓,0.573,0.329,0,0,0,0,20
150,25.49760219,1.509743929,154,도로,1,958.823,0.599,0,0,0,0,0,0,없음,,0,거짓,0.535,0.34,0,0,0,0,19
151,25.51136589,1.509035349,154,도로,1,987.16,0.617,0,0,0.2,199.54,2022,0,없음,,0,거짓,0.535,0.34,0,0,1,0.1,19
152,26.84980067,1.437033249,154,도로,1,791.107,0.494,0,0,0.2,199.54,2022,0,없음,,0,거짓,0.506,0.349,0,0,1,0.1,19
153,27.31510735,1.412001729,154,도로,1,860.49,0.538,0,0,0,0,0,0,없음,,0,거짓,0.497,0.352,0,0,0,0,19
154,28.22353012,1.055956117,154,도로,1,734.902,0.459,0,0,0,0,0,0,없음,,0,거짓,0.479,0.407,0,0,0,0,19
155,29.16137314,0.688379586,154,도로,1,961.073,0.601,0,0,0,0,0,0,없음,,0,거짓,0.461,0.486,0,0,0,0,20
156,29.37777398,1.469614184,154,도로,1,842.351,0.526,0,0,0,0,0,0,없음,,0,거짓,0.457,0.345,0,0,0,0,18
157,30.05547142,3.91618824,154,도로,1,961.162,0.601,0,0,0.5,222.8,2011,0,없음,,0,거짓,0.444,0.162,0,0,2,0.2,14
158,30.05547142,3.91618824,111,단독주거시설,1,2.938,0.002,50,1,0.2,208.9,2022,0,없음,,0.6,거짓,0.444,0.162,0.1,0.35,1,0.1,25
159,19.90619037,6.375121382,154,도로,1,799.794,0.5,30,1,0.2,208.9,2022,0,없음,,0.2,거짓,0.672,0.072,0.1,0.15,1,0.1,26
160,19.82467651,6.394870281,111,단독주거시설,1,106.647,0.067,30,1,0.5,279.37,2022,0,없음,,0.2,거짓,0.674,0.071,0.1,0.15,2,0.2,27
161,13.26539995,4.323112846,112,공동주거시설,1,3.783,0.002,30,1,0.5,1986.05,2022,0,없음,,0.2,거짓,0.896,0.144,0.1,0.15,2,0.2,33
162,10.98506832,3.60286665,154,도로,1,898.062,0.561,50,1,0.5,1986.05,2022,0,없음,,0.6,거짓,1,0.178,0.1,0.35,2,0.2,37
163,10.98506832,2.439152887,154,도로,1,703.795,0.44,30,1,0.5,2059.09,2022,0,없음,,0.2,거짓,1,0.251,0.1,0.15,2,0.2,35
164,10.98506832,1.237751007,154,도로,1,1098.48,0.687,30,1,0.5,2059.09,2022,0,없음,,0.2,거짓,1,0.377,0.1,0.15,2,0.2,40
165,10.9964683,1.154486263,154,도로,1,1238.222,0.774,50,1,0.3,2419.6,2011,0,없음,,0.6,거짓,0.999,0.39,0.1,0.35,1,0.1,45
166,11.03216934,0.893728018,154,도로,1,827.097,0.517,30,1,0.7,7525.49,2022,0,없음,,0.2,거짓,0.998,0.438,0.1,0.15,2,0.2,45
167,11.03216934,0.893728018,154,도로,1,920.927,0.576,0,0,0,0,0,0,없음,,0,거짓,0.998,0.438,0,0,0,0,39
168,14.97686977,1.764529049,112,공동주거시설,1,328.414,0.205,30,1,0,0,0,0,없음,,0.2,거짓,0.829,0.311,0.1,0.15,0,0,35
169,15.0085516,1.77152288,154,도로,1,27.659,0.017,30,1,0,0,0,0,없음,,0.2,거짓,0.828,0.31,0.1,0.15,0,0,31
170,16.03597169,1.378473895,423,기타초지,0.4,13.648,0.003,30,1,0,0,0,0,없음,,0.2,거짓,0.791,0.357,0.1,0.15,0,0,33
171,16.39315414,1.241830468,112,공동주거시설,1,25.847,0.016,30,1,0,0,0,0,없음,,0.2,거짓,0.779,0.376,0.1,0.15,0,0,33
172,17.90203642,1.646537929,423,기타초지,0.4,948.703,0.237,30,1,0,0,0,0,없음,,0.2,거짓,0.73,0.324,0.1,0.15,0,0,32
173,19.45978546,2.064352274,423,기타초지,0.4,1407.033,0.352,30,1,0.5,18570.65,2022,0,없음,,0.2,거짓,0.684,0.282,0.1,0.15,2,0.2,29
174,20.41385159,2.220400506,154,도로,1,322.716,0.202,30,1,0.5,18570.65,2022,0,없음,,0.2,거짓,0.658,0.268,0.1,0.15,2,0.2,29
175,23.40167809,2.709093094,154,도로,1,943.009,0.589,30,1,0.5,18570.65,2022,0,없음,,0.2,거짓,0.582,0.231,0.1,0.15,2,0.2,31
176,23.40167809,2.709093094,154,도로,1,896.319,0.56,30,1,0.5,18570.65,2022,0,없음,,0.2,거짓,0.582,0.231,0.1,0.15,2,0.2,29
177,17.33900413,4.850382225,154,도로,1,477.803,0.299,30,1,0.5,18570.65,2022,0,없음,,0.2,거짓,0.748,0.123,0.1,0.15,2,0.2,30
178,17.26597404,4.87617588,154,도로,1,60.502,0.038,30,1,0.5,18570.65,2022,0,없음,,0.2,거짓,0.75,0.122,0.1,0.15,2,0.2,25
179,26.89737102,0.513907344,154,도로,1,585.518,0.366,0,0,0,0,0,1,논현역,6,0,참,0.505,0.541,0,0,0,0,45
180,27.93131631,0.921489251,154,도로,1,570.647,0.357,0,0,0,0,0,1,논현역,6,0,참,0.485,0.432,0,0,0,0,33
181,29.05460621,1.272860994,154,도로,1,891.437,0.557,0,0,0,0,0,1,논현역,6,0,참,0.463,0.372,0,0,0,0,25
182,29.14489412,1.435650065,154,도로,1,905.891,0.566,0,0,0,0,0,0,없음,,0,거짓,0.461,0.349,0,0,0,0,18
183,29.42764663,1.94545278,154,도로,1,861.293,0.538,0,0,0,0,0,0,없음,,0,거짓,0.456,0.293,0,0,0,0,16
184,29.42764663,1.94545278,154,도로,1,724.757,0.453,0,0,0,0,0,0,없음,,0,거짓,0.456,0.293,0,0,0,0,17
185,28.24047184,2.544646334,154,도로,1,634.462,0.397,0,0,0,0,0,0,없음,,0,거짓,0.479,0.243,0,0,0,0,16
186,28.23093705,2.549458752,154,도로,1,775.736,0.485,0,0,0,0,0,0,없음,,0,거짓,0.479,0.242,0,0,0,0,17
187,29.06864334,3.295053124,154,도로,1,987.576,0.617,0,0,0,0,0,0,없음,,0,거짓,0.463,0.195,0,0,0,0,15
188,29.35987182,3.554258909,154,도로,1,771.558,0.482,0,0,0,0,0,0,없음,,0,거짓,0.457,0.18,0,0,0,0,15
189,26.80188805,3.968205568,154,도로,1,824.947,0.516,0,0,0.2,349.6,2022,0,없음,,0,거짓,0.507,0.16,0,0,1,0.1,16
190,24.16106124,4.395558333,154,도로,1,739.667,0.462,0,0,0,0,0,0,없음,,0,거짓,0.565,0.141,0,0,0,0,16
191,23.26708257,4.477566957,154,도로,1,792.464,0.495,0,0,0,0,0,0,없음,,0,거짓,0.586,0.137,0,0,0,0,16
192,20.46743053,4.734391441,154,도로,1,852.172,0.533,50,1,0.5,2712.94,2022,0,없음,,0.6,거짓,0.656,0.127,0.1,0.35,2,0.2,26
193,20.46743053,4.734391441,154,도로,1,879.978,0.55,30,1,0.5,2712.94,2022,0,없음,,0.2,거짓,0.656,0.127,0.1,0.15,2,0.2,28
194,13.74921313,3.431157722,154,도로,1,822.561,0.514,30,1,0.5,2712.94,2022,0,없음,,0.2,거짓,0.876,0.187,0.1,0.15,2,0.2,33
195,13.69525583,3.420690812,154,도로,1,692.904,0.433,30,1,0.5,2712.94,2022,0,없음,,0.2,거짓,0.878,0.188,0.1,0.15,2,0.2,32
196,12.25353229,1.848964296,154,도로,1,819.487,0.512,50,2,0.5,1986.05,2022,0,없음,,0.6,거짓,0.94,0.302,0.2,0.4,2,0.2,38
197,11.75231729,1.302553781,154,도로,1,1108.217,0.693,30,1,0.5,1986.05,2022,0,없음,,0.2,거짓,0.963,0.367,0.1,0.15,2,0.2,39
198,11.75231729,1.402706352,154,도로,1,1065.293,0.666,100,1,0.5,2059.09,2022,0,없음,,1,거짓,0.963,0.354,0.1,0.55,2,0.2,41
199,11.75231729,1.50610247,154,도로,1,891.965,0.557,50,1,0.3,2419.6,2011,0,없음,,0.6,거짓,0.963,0.34,0.1,0.35,1,0.1,40
200,11.73426917,1.374301017,163,기타 공공시설,1,1.349,0.001,100,1,0.3,2419.6,2011,0,없음,,1,거짓,0.964,0.357,0.1,0.55,1,0.1,47
201,11.67774831,0.961541497,154,도로,1,837.512,0.523,30,1,0,0,0,0,없음,,0.2,거짓,0.966,0.424,0.1,0.15,0,0,42
202,11.67774831,0.961541497,154,도로,1,1362.986,0.852,0,0,0,0,0,0,없음,,0,거짓,0.966,0.424,0,0,0,0,35
203,13.16103819,0.982512221,423,기타초지,0.4,485.403,0.121,30,1,0,0,0,0,없음,,0.2,거짓,0.9,0.42,0.1,0.15,0,0,37
204,13.17295122,0.982680647,131,상업·업무시설,1,8.087,0.005,30,1,0,0,0,0,없음,,0.2,거짓,0.9,0.42,0.1,0.15,0,0,37
205,15.00224061,1.31994243,112,공동주거시설,1,92.017,0.058,30,1,0,0,0,0,없음,,0.2,거짓,0.828,0.365,0.1,0.15,0,0,34
206,15.63819282,1.437191444,112,공동주거시설,1,4.374,0.003,30,1,0,0,0,0,없음,,0.2,거짓,0.805,0.349,0.1,0.15,0,0,32
207,16.35097564,1.839351782,423,기타초지,0.4,95.022,0.024,30,1,0,0,0,0,없음,,0.2,거짓,0.78,0.303,0.1,0.15,0,0,34
208,17.0868427,2.254536514,154,도로,1,211.385,0.132,30,1,0,0,0,0,없음,,0.2,거짓,0.756,0.265,0.1,0.15,0,0,31
209,17.32408613,2.273636957,154,도로,1,364.745,0.228,30,1,0,0,0,0,없음,,0.2,거짓,0.748,0.264,0.1,0.15,0,0,29
210,18.06705579,2.333453368,112,공동주거시설,1,3.371,0.002,30,1,0,0,0,0,없음,,0.2,거짓,0.725,0.259,0.1,0.15,0,0,29
211,18.06705579,2.333453368,154,도로,1,102.334,0.064,30,1,0.5,18570.65,2022,0,없음,,0.2,거짓,0.725,0.259,0.1,0.15,2,0.2,29
212,17.27235666,2.42560221,154,도로,1,402.026,0.251,30,1,0.5,18570.65,2022,0,없음,,0.2,거짓,0.75,0.252,0.1,0.15,2,0.2,33
213,17.26597404,2.348688308,423,기타초지,0.4,762.747,0.191,50,1,0.5,18570.65,2022,0,없음,,0.6,거짓,0.75,0.258,0.1,0.35,2,0.2,32
214,21.70025872,3.440881972,154,도로,1,753.504,0.471,50,1,0.5,18570.65,2022,0,없음,,0.6,거짓,0.624,0.187,0.1,0.35,2,0.2,29
215,23.58577919,3.975965023,154,도로,1,633.069,0.396,30,1,0.5,18570.65,2022,0,없음,,0.2,거짓,0.578,0.16,0.1,0.15,2,0.2,26
216,24.63421862,3.819112008,154,도로,1,180.057,0.113,100,1,0.5,18570.65,2022,0,없음,,1,거짓,0.554,0.167,0.1,0.55,2,0.2,24
217,26.96112251,0.434690297,154,도로,1,832.162,0.52,0,0,0,0,0,1,논현역,6,0,참,0.504,0.572,0,0,0,0,45
218,28.03514434,0.809793748,131,상업·업무시설,1,0.066,0,0,0,0,0,0,1,논현역,6,0,참,0.483,0.456,0,0,0,0,40
219,29.14394951,1.197045326,154,도로,1,465.399,0.291,0,0,0,0,0,1,논현역,6,0,참,0.461,0.383,0,0,0,0,37
220,29.34857621,1.386555416,131,상업·업무시설,1,545.449,0.341,0,0,0,0,0,2,논현역,5,0,참,0.457,0.356,0,0,0,0,34
221,29.98940086,1.980039716,154,도로,1,923.971,0.577,0,0,0,0,0,5,논현역,4,0,참,0.445,0.289,0,0,0,0,29
222,29.98940086,1.980039716,154,도로,1,805.667,0.504,0,0,0.2,169.71,2022,5,논현역,4,0,참,0.445,0.289,0,0,1,0.1,20
223,28.51348459,2.647655807,154,도로,1,956.284,0.598,0,0,0.2,169.71,2022,0,없음,,0,거짓,0.473,0.235,0,0,1,0.1,16
224,28.50163078,2.653017759,154,도로,1,955.34,0.597,0,0,0,0,0,0,없음,,0,거짓,0.473,0.235,0,0,0,0,17
225,29.28949683,3.479991962,154,도로,1,814.851,0.509,0,0,0,0,0,0,없음,,0,거짓,0.458,0.184,0,0,0,0,15
226,29.56339836,3.767489433,154,도로,1,700.607,0.438,0,0,0,0,0,0,없음,,0,거짓,0.453,0.17,0,0,0,0,14
227,26.66038428,4.258077616,111,단독주거시설,1,107.032,0.067,0,0,0.2,349.6,2022,0,없음,,0,거짓,0.51,0.147,0,0,1,0.1,14
228,23.66335297,4.764554024,154,도로,1,788.625,0.493,50,1,0.2,207.87,2022,0,없음,,0.6,거짓,0.576,0.126,0.1,0.35,1,0.1,21
229,22.65885217,4.776964879,111,단독주거시설,1,1.543,0.001,50,1,0.2,164.13,2022,0,없음,,0.6,거짓,0.6,0.125,0.1,0.35,1,0.1,24
230,19.5130806,4.815831661,154,도로,1,856.122,0.535,50,1,0.5,2712.94,2022,0,없음,,0.6,거짓,0.683,0.124,0.1,0.35,2,0.2,27
231,19.5130806,4.815831661,154,도로,1,765.2,0.478,30,1,0.2,239.2,2022,0,없음,,0.2,거짓,0.683,0.124,0.1,0.15,1,0.1,26
232,13.13637566,3.138128985,154,도로,1,771.013,0.482,30,1,0.2,186.46,2022,0,없음,,0.2,거짓,0.901,0.204,0.1,0.15,1,0.1,32
233,13.08516121,3.124654531,131,상업·업무시설,1,135.18,0.084,30,1,0.5,2712.94,2022,0,없음,,0.2,거짓,0.903,0.204,0.1,0.15,2,0.2,33
234,12.15281559,1.602698815,154,도로,1,753.406,0.471,30,1,0.5,2712.94,2022,0,없음,,0.2,거짓,0.944,0.329,0.1,0.15,2,0.2,38
235,11.82868576,1.073591113,154,도로,1,577.265,0.361,30,1,0.5,2019.63,2022,0,없음,,0.2,거짓,0.959,0.403,0.1,0.15,2,0.2,36
236,11.82868576,1.299543183,131,상업·업무시설,1,112.748,0.07,30,1,0.5,2059.09,2022,0,없음,,0.2,거짓,0.959,0.368,0.1,0.15,2,0.2,39
237,11.82868576,1.532812953,154,도로,1,1076.988,0.673,30,1,0.5,2059.09,2022,0,없음,,0.2,거짓,0.959,0.337,0.1,0.15,2,0.2,40
238,11.80770651,1.396180376,154,도로,1,1522.313,0.951,30,1,0.7,7525.49,2022,0,없음,,0.2,거짓,0.96,0.354,0.1,0.15,2,0.2,48
239,11.7420063,0.968291342,154,도로,1,736.259,0.46,30,1,1.8,14980.17,2022,0,없음,,0.2,거짓,0.963,0.423,0.1,0.15,4,0.6,42
240,11.7420063,0.968291342,154,도로,1,1200.103,0.75,30,1,0,0,0,0,없음,,0.2,거짓,0.963,0.423,0.1,0.15,0,0,37
241,12.98029858,0.904673827,423,기타초지,0.4,1388.865,0.347,30,1,0,0,0,0,없음,,0.2,거짓,0.908,0.435,0.1,0.15,0,0,33
242,12.99024391,0.904162884,131,상업·업무시설,1,17.413,0.011,30,1,0,0,0,0,없음,,0.2,거짓,0.907,0.435,0.1,0.15,0,0,36
243,14.89934772,1.314116475,423,기타초지,0.4,85.302,0.021,30,1,0,0,0,0,없음,,0.2,거짓,0.832,0.366,0.1,0.15,0,0,33
244,15.56304741,1.456636786,112,공동주거시설,1,319.944,0.2,30,1,0,0,0,0,없음,,0.2,거짓,0.808,0.347,0.1,0.15,0,0,33
245,16.19659012,1.858543595,423,기타초지,0.4,639.606,0.16,30,1,0,0,0,0,없음,,0.2,거짓,0.786,0.301,0.1,0.15,0,0,32
246,16.85065079,2.273466587,112,공동주거시설,1,75.604,0.047,30,1,0,0,0,0,없음,,0.2,거짓,0.764,0.264,0.1,0.15,0,0,31
247,17.01654494,2.278935871,141,문화·체육·휴양시설,1,63.244,0.04,30,1,0,0,0,0,없음,,0.2,거짓,0.758,0.263,0.1,0.15,0,0,30
248,17.53607178,2.2960639,112,공동주거시설,1,175.658,0.11,30,1,0,0,0,0,없음,,0.2,거짓,0.742,0.262,0.1,0.15,0,0,31
249,17.53607178,2.2960639,423,기타초지,0.4,1137.898,0.284,30,1,0,0,0,0,없음,,0.2,거짓,0.742,0.262,0.1,0.15,0,0,29
250,17.26812605,2.183401869,423,기타초지,0.4,171.221,0.043,30,1,0,0,0,0,없음,,0.2,거짓,0.75,0.271,0.1,0.15,0,0,29
251,17.26597404,2.182497025,131,상업·업무시설,1,11.28,0.007,30,1,0,0,0,0,없음,,0.2,거짓,0.75,0.271,0.1,0.15,0,0,29
252,21.95547486,3.513308567,222,경지정리가 안 된 밭,0.4,849.998,0.212,30,1,0,0,0,0,없음,,0.2,거짓,0.618,0.183,0.1,0.15,0,0,24
253,23.58577919,3.975965023,423,기타초지,0.4,927.791,0.232,30,1,0.5,18570.65,2022,0,없음,,0.2,거짓,0.578,0.16,0.1,0.15,2,0.2,24
254,26.55684123,3.531475791,154,도로,1,762.941,0.477,30,1,0.5,18570.65,2022,0,없음,,0.2,거짓,0.512,0.182,0.1,0.15,2,0.2,28
255,29.63984871,3.070238829,154,도로,1,755.341,0.472,30,1,0.5,18570.65,2022,0,없음,,0.2,거짓,0.452,0.208,0.1,0.15,2,0.2,27
256,27.91820116,3.244799744,154,도로,1,720.635,0.45,30,1,0.5,18570.65,2022,0,없음,,0.2,거짓,0.485,0.197,0.1,0.15,2,0.2,26
257,20.53957939,3.992931366,154,도로,1,350.018,0.219,0,0,0.5,18570.65,2022,0,없음,,0,거짓,0.654,0.159,0,0,2,0.2,21
258,20.53957939,3.992931366,154,도로,1,13.218,0.008,100,1,0.5,18570.65,2022,0,없음,,1,거짓,0.654,0.159,0.1,0.55,2,0.2,27
259,26.11716201,0.931465297,154,도로,1,214.369,0.134,0,0,0,0,0,1,논현역,6,0,참,0.522,0.43,0,0,0,0,42
260,26.37432004,0.780096036,131,상업·업무시설,1,21.897,0.014,0,0,0,0,0,1,논현역,6,0,참,0.516,0.463,0,0,0,0,44
261,25.65533973,1.361798902,131,상업·업무시설,1,66.774,0.042,0,0,0,0,0,1,논현역,6,0,참,0.532,0.359,0,0,0,0,42
262,24.9102231,1.964019224,154,도로,1,717.476,0.448,0,0,0,0,0,1,논현역,6,0,참,0.548,0.291,0,0,0,0,39
263,24.44889919,2.201369192,154,도로,1,562.556,0.352,0,0,0,0,0,2,논현역,5,0,참,0.558,0.27,0,0,0,0,39
264,23.00418191,2.944672515,154,도로,1,587.355,0.367,0,0,0,0,0,5,논현역,4,0,참,0.592,0.216,0,0,0,0,38
265,23.00418191,2.944672515,154,도로,1,743.696,0.465,0,0,0.2,169.71,2022,5,논현역,4,0,참,0.592,0.216,0,0,1,0.1,30
266,20.82950882,3.474722639,154,도로,1,1008.315,0.63,0,0,0.2,169.71,2022,0,없음,,0,거짓,0.647,0.185,0,0,1,0.1,19
267,20.81204295,3.478979732,154,도로,1,842.837,0.527,0,0,0,0,0,0,없음,,0,거짓,0.647,0.184,0,0,0,0,18
268,20.51907928,3.798250352,154,도로,1,684.062,0.428,0,0,0.3,232.8,2010,0,없음,,0,거짓,0.655,0.168,0,0,1,0.1,19
269,20.41723049,3.909244741,111,단독주거시설,1,191.765,0.12,50,1,0.2,147.48,2022,0,없음,,0.6,거짓,0.658,0.163,0.1,0.35,1,0.1,24
270,19.01487044,3.826045359,131,상업·업무시설,1,50.48,0.032,30,1,0,0,0,0,없음,,0.2,거짓,0.697,0.167,0.1,0.15,0,0,26
271,17.56709345,3.740151476,154,도로,1,865.388,0.541,30,1,0.2,207.87,2022,0,없음,,0.2,거짓,0.741,0.171,0.1,0.15,1,0.1,27
272,17.18856113,3.513781013,154,도로,1,792.518,0.495,30,1,0.2,188.69,2022,0,없음,,0.2,거짓,0.753,0.183,0.1,0.15,1,0.1,27
273,16.00312035,2.804861948,154,도로,1,825.905,0.516,30,1,0.2,132.57,2022,0,없음,,0.2,거짓,0.792,0.225,0.1,0.15,1,0.1,30
274,16.00312035,2.804861948,112,공동주거시설,1,58.922,0.037,30,1,0,0,0,0,없음,,0.2,거짓,0.792,0.225,0.1,0.15,0,0,29
275,13.74934881,1.180493233,154,도로,1,964.234,0.603,50,1,0.5,2712.94,2022,0,없음,,0.6,거짓,0.876,0.386,0.1,0.35,2,0.2,37
276,13.73124767,1.16744713,154,도로,1,674.439,0.422,30,1,0.5,2712.94,2022,0,없음,,0.2,거짓,0.877,0.388,0.1,0.15,2,0.2,36
277,14.45114788,1.154381788,154,도로,1,947.711,0.592,30,1,0.5,329.8,2011,0,없음,,0.2,거짓,0.849,0.39,0.1,0.15,2,0.2,36
278,14.70142109,1.149839624,154,도로,1,681.853,0.426,30,1,0,0,0,0,없음,,0.2,거짓,0.839,0.391,0.1,0.15,0,0,34
279,14.70142109,1.270707007,154,도로,1,946.017,0.591,30,1,0.3,775.6,2011,0,없음,,0.2,거짓,0.839,0.372,0.1,0.15,1,0.1,33
280,14.70142109,1.395488811,154,도로,1,1273.556,0.796,30,1,0.7,7525.49,2022,0,없음,,0.2,거짓,0.839,0.355,0.1,0.15,2,0.2,46
281,14.44542004,1.294443409,154,도로,1,1332.452,0.833,30,1,0.7,7525.49,2022,0,없음,,0.2,거짓,0.849,0.369,0.1,0.15,2,0.2,42
282,13.64370756,0.978001895,154,도로,1,1427.787,0.892,30,1,1.8,14980.17,2022,0,없음,,0.2,거짓,0.88,0.421,0.1,0.15,4,0.6,42
283,13.64370756,0.978001895,154,도로,1,893.133,0.558,30,1,1.8,14980.17,2022,0,없음,,0.2,거짓,0.88,0.421,0.1,0.15,4,0.6,38
284,13.68341101,0.456382157,423,기타초지,0.4,1397.754,0.349,30,1,1.8,14980.17,2022,0,없음,,0.2,거짓,0.879,0.563,0.1,0.15,4,0.6,38
285,13.68372988,0.452192773,112,공동주거시설,1,0.963,0.001,30,1,0,0,0,0,없음,,0.2,거짓,0.879,0.564,0.1,0.15,0,0,38
286,13.73792127,0.805150467,423,기타초지,0.4,232.201,0.058,30,1,0,0,0,0,없음,,0.2,거짓,0.877,0.457,0.1,0.15,0,0,37
287,13.7567609,0.927856162,112,공동주거시설,1,377.963,0.236,30,1,0,0,0,0,없음,,0.2,거짓,0.876,0.431,0.1,0.15,0,0,39
288,14.06916781,1.23371807,423,기타초지,0.4,34.439,0.009,30,1,0,0,0,0,없음,,0.2,거짓,0.863,0.378,0.1,0.15,0,0,34
289,14.39169235,1.549485645,112,공동주거시설,1,564.704,0.353,30,1,0,0,0,0,없음,,0.2,거짓,0.851,0.335,0.1,0.15,0,0,34
290,14.51869304,1.555293181,154,도로,1,544.042,0.34,30,4,0,0,0,0,없음,,0.2,거짓,0.846,0.334,0.6,0.4,0,0,40
291,14.91641813,1.573480506,154,도로,1,1196.283,0.748,30,4,0,0,0,0,없음,,0.2,거짓,0.831,0.332,0.6,0.4,0,0,39
292,14.91641813,1.573480506,423,기타초지,0.4,42.369,0.011,30,1,0,0,0,0,없음,,0.2,거짓,0.831,0.332,0.1,0.15,0,0,34
293,15.37953733,1.881222564,423,기타초지,0.4,681.182,0.17,30,1,0,0,0,0,없음,,0.2,거짓,0.814,0.299,0.1,0.15,0,0,29
294,15.38325687,1.883694192,131,상업·업무시설,1,5.256,0.003,30,1,0,0,0,0,없음,,0.2,거짓,0.814,0.299,0.1,0.15,0,0,31
295,17.7262589,2.962072191,423,기타초지,0.4,346.697,0.087,0,0,1.8,2704.8,2022,0,없음,,0,거짓,0.736,0.214,0,0,4,0.6,21
296,18.54080324,3.336970159,154,도로,1,1455.779,0.91,50,1,1.8,2704.8,2022,0,없음,,0.6,거짓,0.711,0.192,0.1,0.35,4,0.6,31
297,19.45117014,3.439556827,154,도로,1,1295.259,0.81,50,2,1.8,33188.7,2022,0,없음,,0.6,거짓,0.684,0.187,0.2,0.4,4,0.6,36
298,20.39102026,3.545465875,154,도로,1,748.475,0.468,30,3,1.8,33188.7,2022,0,없음,,0.2,거짓,0.658,0.181,0.4,0.3,4,0.6,30
299,20.05850503,3.435849402,423,기타초지,0.4,851.714,0.213,30,3,0.5,18570.65,2022,0,없음,,0.2,거짓,0.667,0.187,0.4,0.3,2,0.2,30
300,19.01717487,3.092566068,154,도로,1,539.848,0.337,30,3,0.5,18570.65,2022,0,없음,,0.2,거짓,0.697,0.206,0.4,0.3,2,0.2,33
301,18.87251687,3.007013876,154,도로,1,1431.539,0.895,30,4,0.5,18570.65,2022,0,없음,,0.2,거짓,0.701,0.212,0.6,0.4,2,0.2,40
302,15.01297738,0.907835763,154,도로,1,819.991,0.512,30,3,0.5,18570.65,2022,0,없음,,0.2,거짓,0.827,0.435,0.4,0.3,2,0.2,42
303,15.00541496,0.857958496,154,도로,1,523.997,0.327,0,0,0.5,30512.56,2022,0,없음,,0,거짓,0.828,0.445,0,0,2,0.2,32
304,15.00541496,0.945295928,154,도로,1,86.042,0.054,0,0,0.5,30512.56,2022,0,없음,,0,거짓,0.828,0.427,0,0,2,0.2,26
305,26.07550812,0.955983758,154,도로,1,696.806,0.436,0,0,0,0,0,1,논현역,6,0,참,0.523,0.425,0,0,0,0,42
306,26.07550812,0.955983758,154,도로,1,923.955,0.577,50,1,0,0,0,1,논현역,6,0.6,참,0.523,0.425,0.1,0.35,0,0,50
307,24.42650927,1.646831019,154,도로,1,1507.036,0.942,30,1,0,0,0,1,논현역,6,0.2,참,0.559,0.324,0.1,0.15,0,0,55
308,22.72410583,2.360052109,154,도로,1,1601.21,1,50,1,0,0,0,1,논현역,6,0.6,참,0.599,0.257,0.1,0.35,0,0,64
309,21.91891318,2.622104566,154,도로,1,1350.439,0.844,30,1,0,0,0,2,논현역,5,0.2,참,0.618,0.237,0.1,0.15,0,0,53
310,19.39731026,3.442768097,623,기타나지,0.7,598.46,0.262,30,1,0,0,0,5,논현역,4,0.2,참,0.686,0.186,0.1,0.15,0,0,50
311,19.39731026,3.442768097,154,도로,1,705.813,0.441,30,1,0,0,0,5,논현역,4,0.2,참,0.686,0.186,0.1,0.15,0,0,43
312,16.86182869,3.901784973,131,상업·업무시설,1,80.14,0.05,30,1,0,0,0,0,없음,,0.2,거짓,0.763,0.163,0.1,0.15,0,0,26
313,16.841465,3.905471563,154,도로,1,882.568,0.552,30,1,0,0,0,0,없음,,0.2,거짓,0.764,0.163,0.1,0.15,0,0,26
314,15.99040656,3.962585526,112,공동주거시설,1,102.506,0.064,0,0,0.3,232.8,2010,0,없음,,0,거짓,0.793,0.16,0,0,1,0.1,25
315,15.69453621,3.982441187,154,도로,1,774.629,0.484,30,1,0.2,147.48,2022,0,없음,,0.2,거짓,0.803,0.159,0.1,0.15,1,0.1,29
316,15.06705043,3.602962172,154,도로,1,856.29,0.535,30,1,0.2,202.83,2022,0,없음,,0.2,거짓,0.826,0.178,0.1,0.15,1,0.1,30
317,14.41924286,3.211193323,154,도로,1,817.814,0.511,50,1,0.3,145.9,2010,0,없음,,0.6,거짓,0.85,0.199,0.1,0.35,1,0.1,30
318,14.36393419,2.861526286,131,상업·업무시설,1,0.532,0,30,1,0,0,0,0,없음,,0.2,거짓,0.852,0.221,0.1,0.15,0,0,30
319,14.19072533,1.766482234,112,공동주거시설,1,2.192,0.001,30,1,0.2,132.57,2022,0,없음,,0.2,거짓,0.859,0.311,0.1,0.15,1,0.1,32
320,14.19072533,1.766482234,112,공동주거시설,1,5.054,0.003,30,1,0,0,0,0,없음,,0.2,거짓,0.859,0.311,0.1,0.15,0,0,32
321,14.06586223,0.169652921,154,도로,1,794.984,0.497,50,2,0.5,200.83,2022,0,없음,,0.6,거짓,0.863,0.747,0.2,0.4,2,0.2,41
322,14.06485939,0.156828001,423,기타초지,0.4,13.385,0.003,0,0,0.5,393.69,2022,0,없음,,0,거짓,0.864,0.762,0,0,2,0.2,41
323,15.63790947,0.922889835,131,상업·업무시설,1,78.709,0.049,0,0,0.5,822.91,2022,0,없음,,0,거짓,0.805,0.432,0,0,2,0.2,34
324,16.18478012,1.18921113,154,도로,1,1002.008,0.626,0,0,0.5,822.91,2022,0,없음,,0,거짓,0.786,0.384,0,0,2,0.2,28
325,16.18478012,1.255817226,154,도로,1,725.582,0.453,0,0,0.7,7525.49,2022,0,없음,,0,거짓,0.786,0.374,0,0,2,0.2,27
326,16.18478012,1.324580431,154,도로,1,1590.339,0.994,0,0,0.7,7525.49,2022,0,없음,,0,거짓,0.786,0.364,0,0,2,0.2,34
327,15.80742375,1.241910741,154,도로,1,939.934,0.587,0,0,0.5,5328.16,2022,0,없음,,0,거짓,0.799,0.376,0,0,2,0.2,28
328,14.62566566,0.983016014,131,상업·업무시설,1,494.161,0.309,30,1,0.5,2291.44,2022,0,없음,,0.2,거짓,0.842,0.42,0.1,0.15,2,0.2,36
329,14.62566566,0.983016014,154,도로,1,790.819,0.494,100,2,1.8,14980.17,2022,0,없음,,1,거짓,0.842,0.42,0.2,0.6,4,0.6,36
330,14.04646853,0.224903297,423,기타초지,0.4,2.859,0.001,50,1,1.8,14980.17,2022,0,없음,,0.6,거짓,0.864,0.695,0.1,0.35,4,0.6,45
331,14.04181671,0.218814522,154,도로,1,1174.745,0.734,30,2,1.8,14980.17,2022,0,없음,,0.2,거짓,0.864,0.7,0.2,0.2,4,0.6,42
332,13.13820977,0.542341945,131,상업·업무시설,1,998.679,0.624,50,2,1.8,14980.17,2022,0,없음,,0.6,거짓,0.901,0.531,0.2,0.4,4,0.6,46
333,12.82407093,0.65481621,154,도로,1,1195.447,0.747,50,2,1.8,14980.17,2022,0,없음,,0.6,거짓,0.915,0.495,0.2,0.4,4,0.6,40
334,12.9706569,0.911084594,423,기타초지,0.4,1.879,0,30,1,0,0,0,0,없음,,0.2,거짓,0.908,0.434,0.1,0.15,0,0,38
335,13.1219902,1.175652504,112,공동주거시설,1,79,0.049,30,1,0,0,0,0,없음,,0.2,거짓,0.902,0.387,0.1,0.15,0,0,37
336,13.22890796,1.181634699,154,도로,1,481.359,0.301,30,4,0,0,0,0,없음,,0.2,거짓,0.897,0.386,0.6,0.4,0,0,40
337,13.56373978,1.200369,154,도로,1,855.798,0.535,30,3,0,0,0,0,없음,,0.2,거짓,0.884,0.383,0.4,0.3,0,0,38
338,13.56373978,1.200369,162,교육·행정시설,1,771.339,0.482,30,1,0,0,0,0,없음,,0.2,거짓,0.884,0.383,0.1,0.15,0,0,39
339,14.40434999,1.725189951,622,운동장,0.7,63.331,0.028,30,1,0,0,0,0,없음,,0.2,거짓,0.85,0.315,0.1,0.15,0,0,32
340,14.41110134,1.729405046,131,상업·업무시설,1,0.058,0,0,0,0,0,0,0,없음,,0,거짓,0.85,0.315,0,0,0,0,26
341,15.54247063,2.677437039,154,도로,1,541.606,0.339,0,0,1.8,2704.8,2022,0,없음,,0,거짓,0.808,0.233,0,0,4,0.6,23
342,15.93579102,3.007020235,154,도로,1,549.399,0.343,100,3,1.8,2704.8,2022,0,없음,,1,거짓,0.795,0.212,0.4,0.7,4,0.6,32
343,15.77810708,3.392691442,154,도로,1,859.143,0.537,30,2,1.8,33188.7,2022,0,없음,,0.2,거짓,0.8,0.189,0.2,0.2,4,0.6,34
344,15.61531639,3.790853024,423,기타초지,0.4,625.586,0.156,30,3,1.8,33188.7,2022,0,없음,,0.2,거짓,0.806,0.168,0.4,0.3,4,0.6,33
345,16.24841367,3.50932142,154,도로,1,730.049,0.456,30,4,1.8,33188.7,2022,0,없음,,0.2,거짓,0.784,0.183,0.6,0.4,4,0.6,33
346,18.23106956,2.627655506,154,도로,1,538.439,0.337,30,3,1.8,33188.7,2022,0,없음,,0.2,거짓,0.72,0.237,0.4,0.3,4,0.6,34
347,18.23106956,2.627655506,423,기타초지,0.4,0.177,0,30,4,0.7,16171.52,2022,0,없음,,0.2,거짓,0.72,0.237,0.6,0.4,2,0.2,37
348,15.03111537,0.872058557,154,도로,1,472.334,0.295,30,3,0,0,0,0,없음,,0.2,거짓,0.827,0.442,0.4,0.3,0,0,40
349,15.00541496,0.857958496,154,도로,1,511.698,0.32,30,2,0.5,30512.56,2022,0,없음,,0.2,거짓,0.828,0.445,0.2,0.2,2,0.2,38
350,15.00541496,1.055006721,154,도로,1,689.453,0.431,0,0,0.5,30512.56,2022,0,없음,,0,거짓,0.828,0.407,0,0,2,0.2,33
351,15.00541496,1.125760794,154,도로,1,775.745,0.485,0,0,0.5,30512.56,2022,0,없음,,0,거짓,0.828,0.395,0,0,2,0.2,30
352,16.48418371,1.569177007,154,도로,1,670.196,0.419,0,0,0.5,30512.56,2022,0,없음,,0,거짓,0.776,0.333,0,0,2,0.2,27
353,18.64006042,2.215627432,154,도로,1,222.49,0.139,50,1,0.5,30512.56,2022,0,없음,,0.6,거짓,0.708,0.269,0.1,0.35,2,0.2,31
354,26.07550812,3.611165762,154,도로,1,11.339,0.007,0,0,0,0,0,3,논현역,1,0,참,0.523,0.178,0,0,0,0,34
355,26.07550812,1.388767818,131,상업·업무시설,1,24.085,0.015,0,0,0,0,0,2,논현역,5,0,참,0.523,0.355,0,0,0,0,45
356,26.07550812,1.011334342,131,상업·업무시설,1,49.586,0.031,30,1,0,0,0,1,논현역,6,0.2,참,0.523,0.415,0.1,0.15,0,0,48
357,24.42650927,1.650565852,131,상업·업무시설,1,696.563,0.435,100,1,0,0,0,2,논현역,5,1,참,0.559,0.323,0.1,0.55,0,0,48
358,22.72410583,2.31049956,154,도로,1,747.76,0.467,50,1,0,0,0,2,논현역,5,0.6,참,0.599,0.261,0.1,0.35,0,0,49
359,21.91891318,2.436959732,154,도로,1,1127.272,0.705,50,1,0,0,0,5,논현역,4,0.6,참,0.618,0.251,0.1,0.35,0,0,49
360,19.39731026,2.832992084,154,도로,1,1509.06,0.943,30,1,0,0,0,5,논현역,4,0.2,참,0.686,0.223,0.1,0.15,0,0,53
361,19.39731026,2.832992084,154,도로,1,1590.462,0.994,30,1,0,0,0,5,논현역,4,0.2,참,0.686,0.223,0.1,0.15,0,0,52
362,16.86182869,2.783595651,154,도로,1,1135.306,0.71,30,1,0,0,0,0,없음,,0.2,거짓,0.763,0.226,0.1,0.15,0,0,33
363,16.841465,2.783198924,154,도로,1,684.813,0.428,50,1,0.3,335.4,2011,0,없음,,0.6,거짓,0.764,0.226,0.1,0.35,1,0.1,31
364,15.99040656,2.666797479,154,도로,1,307.488,0.192,50,1,0.3,335.4,2011,0,없음,,0.6,거짓,0.793,0.234,0.1,0.35,1,0.1,27
365,15.69453621,2.626330532,131,상업·업무시설,1,1.934,0.001,30,1,0,0,0,0,없음,,0.2,거짓,0.803,0.237,0.1,0.15,0,0,30
366,15.06705043,2.333931865,131,상업·업무시설,1,1.837,0.001,30,1,0.2,202.83,2022,0,없음,,0.2,거짓,0.826,0.259,0.1,0.15,1,0.1,32
367,14.41924286,2.032063553,131,상업·업무시설,1,2.696,0.002,50,1,0.2,202.83,2022,0,없음,,0.6,거짓,0.85,0.285,0.1,0.35,1,0.1,33
368,14.36393419,1.847333812,154,도로,1,688.532,0.43,30,1,0.2,257.79,2022,0,없음,,0.2,거짓,0.852,0.302,0.1,0.15,1,0.1,33
369,14.19072533,1.268820019,154,도로,1,870.291,0.544,50,1,0.5,118.53,2022,0,없음,,0.6,거짓,0.859,0.372,0.1,0.35,2,0.2,35
370,14.19072533,1.268820019,131,상업·업무시설,1,93.484,0.058,30,1,0,0,0,0,없음,,0.2,거짓,0.859,0.372,0.1,0.15,0,0,34
371,14.06586223,0.593826122,154,도로,1,885.621,0.554,0,0,0.5,361.69,2022,0,없음,,0,거짓,0.863,0.514,0,0,2,0.2,31
372,14.06485939,0.588404915,131,상업·업무시설,1,185.085,0.116,0,0,0.5,361.69,2022,0,없음,,0,거짓,0.864,0.515,0,0,2,0.2,37
373,15.63790947,1.093057761,154,도로,1,681.451,0.426,30,1,0,0,0,0,없음,,0.2,거짓,0.805,0.4,0.1,0.15,0,0,29
374,16.18478012,1.268500256,154,도로,1,885.315,0.553,0,0,0.3,258.4,2011,0,없음,,0,거짓,0.786,0.372,0,0,1,0.1,25
375,16.18478012,1.29363541,154,도로,1,955.463,0.597,0,0,0.7,7525.49,2022,0,없음,,0,거짓,0.786,0.369,0,0,2,0.2,29
376,16.18478012,1.319584593,154,도로,1,1292.467,0.808,0,0,0.7,7525.49,2022,0,없음,,0,거짓,0.786,0.365,0,0,2,0.2,32
377,15.80742375,1.271827077,154,도로,1,871.557,0.545,0,0,0.5,2291.44,2022,0,없음,,0,거짓,0.799,0.372,0,0,2,0.2,27
378,14.62566566,1.122265986,154,도로,1,975.254,0.61,100,1,0.5,2291.44,2022,0,없음,,1,거짓,0.842,0.395,0.1,0.55,2,0.2,33
379,14.62566566,1.122265986,162,교육·행정시설,1,465.42,0.291,30,1,0.5,518.65,2022,0,없음,,0.2,거짓,0.842,0.395,0.1,0.15,2,0.2,38
380,14.04646853,0.605375298,154,도로,1,827.687,0.517,100,1,0.5,4423.67,2022,0,없음,,1,거짓,0.864,0.51,0.1,0.55,2,0.2,38
381,14.04181671,0.601223895,154,도로,1,473.308,0.296,100,1,1.8,14980.17,2022,0,없음,,1,거짓,0.864,0.511,0.1,0.55,4,0.6,38
382,13.13820977,0.665791435,154,도로,1,808.119,0.505,100,1,1.8,14980.17,2022,0,없음,,1,거짓,0.901,0.492,0.1,0.55,4,0.6,39
383,12.82407093,0.688238332,154,도로,1,1424.223,0.89,30,3,1.8,14980.17,2022,0,없음,,0.2,거짓,0.915,0.486,0.4,0.3,4,0.6,44
384,12.9706569,0.757983724,423,기타초지,0.4,62.136,0.016,100,1,1.8,14980.17,2022,0,없음,,1,거짓,0.908,0.468,0.1,0.55,4,0.6,39
385,13.1219902,0.829987895,154,도로,1,682.796,0.427,100,1,1.8,14980.17,2022,0,없음,,1,거짓,0.902,0.451,0.1,0.55,4,0.6,39
386,13.22890796,0.825907863,154,도로,1,892.064,0.558,100,1,1.8,14980.17,2022,0,없음,,1,거짓,0.897,0.452,0.1,0.55,4,0.6,36
387,13.56373978,0.813130523,162,교육·행정시설,1,0.071,0,30,1,0,0,0,0,없음,,0.2,거짓,0.884,0.455,0.1,0.15,0,0,36
388,13.56373978,0.813130523,423,기타초지,0.4,128.075,0.032,30,1,0,0,0,0,없음,,0.2,거짓,0.884,0.455,0.1,0.15,0,0,37
389,14.4404935,1.267899857,622,운동장,0.7,761.931,0.333,30,1,0,0,0,0,없음,,0.2,거짓,0.849,0.372,0.1,0.15,0,0,33
390,14.44753514,1.271552333,141,문화·체육·휴양시설,1,17.377,0.011,30,1,0,0,0,0,없음,,0.2,거짓,0.849,0.372,0.1,0.15,0,0,34
391,15.38516498,1.76654796,423,기타초지,0.4,155.782,0.039,30,2,1.8,2704.8,2022,0,없음,,0.2,거짓,0.814,0.311,0.2,0.2,4,0.6,32
392,15.71113186,1.938633124,154,도로,1,816.267,0.51,50,3,1.8,2704.8,2022,0,없음,,0.6,거짓,0.802,0.293,0.4,0.5,4,0.6,34
393,15.26486287,2.285242315,112,공동주거시설,1,181.084,0.113,30,3,1.8,33188.7,2022,0,없음,,0.2,거짓,0.818,0.263,0.4,0.3,4,0.6,37
394,14.80414097,2.643076817,112,공동주거시설,1,122.785,0.077,30,3,1.8,33188.7,2022,0,없음,,0.2,거짓,0.835,0.236,0.4,0.3,4,0.6,34
395,15.11999532,2.499276086,112,공동주거시설,1,221.09,0.138,50,4,1.8,33188.7,2022,0,없음,,0.6,거짓,0.824,0.246,0.6,0.6,4,0.6,36
396,16.10914896,2.048938713,112,공동주거시설,1,140.44,0.088,30,3,1.8,33188.7,2022,0,없음,,0.2,거짓,0.789,0.283,0.4,0.3,4,0.6,38
397,16.10914896,2.048938713,154,도로,1,573.856,0.359,30,4,0.7,16171.52,2022,0,없음,,0.2,거짓,0.789,0.283,0.6,0.4,2,0.2,38
398,15.2501314,0.778037116,131,상업·업무시설,1,415.395,0.26,30,3,0,0,0,0,없음,,0.2,거짓,0.819,0.463,0.4,0.3,0,0,40
399,15.24323221,0.767829881,154,도로,1,1207.339,0.755,30,3,0,0,0,0,없음,,0.2,거짓,0.819,0.466,0.4,0.3,0,0,40
400,15.24323221,0.972178263,161,환경기초시설,1,56.782,0.035,30,1,0,0,0,0,없음,,0.2,거짓,0.819,0.422,0.1,0.15,0,0,36
401,15.24323221,1.043219951,154,도로,1,158.136,0.099,30,1,0,0,0,0,없음,,0.2,거짓,0.819,0.409,0.1,0.15,0,0,34
402,16.94508264,1.51254262,154,도로,1,96.308,0.06,0,0,0.5,30512.56,2022,0,없음,,0,거짓,0.761,0.34,0,0,2,0.2,32
403,18.70205927,1.997029715,154,도로,1,531.87,0.332,0,0,0.5,30512.56,2022,0,없음,,0,거짓,0.706,0.288,0,0,2,0.2,31
404,19.17623873,2.149406126,154,도로,1,745.933,0.466,100,1,0.5,30512.56,2022,0,없음,,1,거짓,0.692,0.274,0.1,0.55,2,0.2,33
405,20.50348804,2.748223893,154,도로,1,724.002,0.453,50,1,0.5,30512.56,2022,0,없음,,0.6,거짓,0.655,0.228,0.1,0.35,2,0.2,30
406,19.94296646,2.629821301,154,도로,1,396.212,0.248,30,1,0.5,30512.56,2022,0,없음,,0.2,거짓,0.671,0.237,0.1,0.15,2,0.2,30
407,26.52261917,3.235856577,154,도로,1,26.35,0.016,0,0,0.5,30512.56,2022,0,없음,,0,거짓,0.513,0.198,0,0,2,0.2,15
408,26.07550812,3.611165762,154,도로,1,419.39,0.262,0,0,0,0,0,0,없음,,0,거짓,0.523,0.178,0,0,0,0,19
409,26.07550812,1.741238303,131,상업·업무시설,1,576.883,0.361,100,1,0,0,0,3,논현역,1,1,참,0.523,0.313,0.1,0.55,0,0,43
410,26.07550812,1.091158271,154,도로,1,943.334,0.59,100,1,0,0,0,3,논현역,1,1,참,0.523,0.4,0.1,0.55,0,0,43
411,24.42650927,1.655952047,154,도로,1,1073.597,0.671,0,0,0,0,0,4,논현역,2,0,참,0.559,0.323,0,0,0,0,38
412,22.72410583,2.239037275,154,도로,1,1094.829,0.684,30,1,0,0,0,4,논현역,2,0.2,참,0.599,0.267,0.1,0.15,0,0,46
413,21.91891318,2.169952825,131,상업·업무시설,1,25.672,0.016,30,1,0,0,0,5,논현역,4,0.2,참,0.618,0.272,0.1,0.15,0,0,47
414,19.39731026,1.953602672,131,상업·업무시설,1,175.951,0.11,30,1,0,0,0,5,논현역,4,0.2,참,0.686,0.292,0.1,0.15,0,0,48
415,19.39731026,1.953602672,131,상업·업무시설,1,0.254,0,30,1,0,0,0,6,논현역,3,0.2,참,0.686,0.292,0.1,0.15,0,0,35
416,16.86182869,1.170997202,154,도로,1,1241.033,0.776,30,1,0.3,647.5,2022,0,없음,,0.2,거짓,0.763,0.387,0.1,0.15,1,0.1,40
417,16.841465,1.164711714,154,도로,1,1583.343,0.99,50,1,0.3,647.5,2022,0,없음,,0.6,거짓,0.764,0.388,0.1,0.35,1,0.1,40
418,15.99040656,0.798074757,154,도로,1,1443.765,0.902,30,1,0,0,0,0,없음,,0.2,거짓,0.793,0.459,0.1,0.15,0,0,38
419,15.69453621,0.670613468,154,도로,1,1143.466,0.715,30,1,0,0,0,0,없음,,0.2,거짓,0.803,0.491,0.1,0.15,0,0,40
420,15.06705043,0.503797857,131,상업·업무시설,1,43.343,0.027,30,1,0,0,0,0,없음,,0.2,거짓,0.826,0.544,0.1,0.15,0,0,38
421,14.41924286,0.331579745,131,상업·업무시설,1,2.477,0.002,30,1,0.2,9.32,2022,0,없음,,0.2,거짓,0.85,0.622,0.1,0.15,1,0.1,39
422,14.36393419,0.384714579,423,기타초지,0.4,13.274,0.003,30,1,0.3,185.3,2010,0,없음,,0.2,거짓,0.852,0.595,0.1,0.15,1,0.1,40
423,14.19072533,0.551115692,131,상업·업무시설,1,108.785,0.068,30,1,0.3,231.9,2010,0,없음,,0.2,거짓,0.859,0.528,0.1,0.15,1,0.1,37
424,14.19072533,0.551115692,111,단독주거시설,1,20.548,0.013,30,1,0,0,0,0,없음,,0.2,거짓,0.859,0.528,0.1,0.15,0,0,35
425,14.06586223,1.205548156,154,도로,1,531.639,0.332,50,1,0.2,260.62,2022,0,없음,,0.6,거짓,0.863,0.382,0.1,0.35,1,0.1,33
426,14.06485939,1.210804224,423,기타초지,0.4,58.575,0.015,50,1,0.2,260.62,2022,0,없음,,0.6,거짓,0.864,0.381,0.1,0.35,1,0.1,35
427,15.63790947,1.338465696,154,도로,1,1183.735,0.74,0,0,0.5,111.31,2022,0,없음,,0,거짓,0.805,0.362,0,0,2,0.2,28
428,16.18478012,1.38284719,154,도로,1,1016.051,0.635,0,0,0.3,195.3,2011,0,없음,,0,거짓,0.786,0.356,0,0,1,0.1,25
429,16.18478012,1.348174962,154,도로,1,1479.078,0.924,0,0,0.7,7525.49,2022,0,없음,,0,거짓,0.786,0.361,0,0,2,0.2,32
430,16.18478012,1.312379837,154,도로,1,1054.546,0.659,0,0,0.5,5328.16,2022,0,없음,,0,거짓,0.786,0.366,0,0,2,0.2,27
431,15.80742375,1.314970967,154,도로,1,782.261,0.489,0,0,0.5,4423.67,2022,0,없음,,0,거짓,0.799,0.366,0,0,2,0.2,27
432,14.62566566,1.323085546,154,도로,1,912.845,0.571,0,0,0.5,201.29,2022,0,없음,,0,거짓,0.842,0.365,0,0,2,0.2,27
433,14.62566566,1.323085546,131,상업·업무시설,1,8.27,0.005,30,1,0.5,518.65,2022,0,없음,,0.2,거짓,0.842,0.365,0.1,0.15,2,0.2,35
434,14.04646853,1.154073578,154,도로,1,452.77,0.283,50,1,0.5,4423.67,2022,0,없음,,0.6,거짓,0.864,0.39,0.1,0.35,2,0.2,33
435,14.04181671,1.15271616,423,기타초지,0.4,504.683,0.126,30,1,0,0,0,0,없음,,0.2,거짓,0.864,0.39,0.1,0.15,0,0,34
436,13.13820977,0.843824307,112,공동주거시설,1,28.877,0.018,30,1,0,0,0,0,없음,,0.2,거짓,0.901,0.448,0.1,0.15,0,0,36
437,12.82407093,0.736438096,112,공동주거시설,1,231.315,0.145,30,1,0,0,0,0,없음,,0.2,거짓,0.915,0.474,0.1,0.15,0,0,39
438,12.9706569,0.537189069,154,도로,1,1231.476,0.77,30,2,1.8,14980.17,2022,0,없음,,0.2,거짓,0.908,0.532,0.2,0.2,4,0.6,43
439,13.1219902,0.331487149,154,도로,1,1159.399,0.725,50,2,1.8,14980.17,2022,0,없음,,0.6,거짓,0.902,0.622,0.2,0.4,4,0.6,43
440,13.22890796,0.31289586,154,도로,1,790.299,0.494,50,3,1.8,14980.17,2022,0,없음,,0.6,거짓,0.897,0.633,0.4,0.5,4,0.6,43
441,13.56373978,0.254673958,423,기타초지,0.4,293.944,0.073,50,2,1.8,14980.17,2022,0,없음,,0.6,거짓,0.884,0.671,0.2,0.4,4,0.6,45
442,13.56373978,0.254673958,154,도로,1,912.311,0.57,50,2,1.8,14980.17,2022,0,없음,,0.6,거짓,0.884,0.671,0.2,0.4,4,0.6,42
443,14.49261792,0.608418247,622,운동장,0.7,1033.129,0.452,30,1,0,0,0,0,없음,,0.2,거짓,0.847,0.509,0.1,0.15,0,0,37
444,14.5000782,0.611259341,141,문화·체육·휴양시설,1,369.619,0.231,30,1,0,0,0,0,없음,,0.2,거짓,0.847,0.508,0.1,0.15,0,0,38
445,15.15830638,0.452907876,154,도로,1,474.197,0.296,30,2,1.8,2704.8,2022,0,없음,,0.2,거짓,0.822,0.564,0.2,0.2,4,0.6,38
446,15.38713932,0.39785701,423,기타초지,0.4,260.241,0.065,30,3,1.8,33188.7,2022,0,없음,,0.2,거짓,0.814,0.588,0.4,0.3,4,0.6,42
447,14.52468693,0.688132857,112,공동주거시설,1,395.161,0.247,30,3,1.8,33188.7,2022,0,없음,,0.2,거짓,0.846,0.486,0.4,0.3,4,0.6,42
448,13.63430309,0.987809598,112,공동주거시설,1,6.711,0.004,30,3,1.8,33188.7,2022,0,없음,,0.2,거짓,0.881,0.419,0.4,0.3,4,0.6,40
449,13.49264506,1.042637657,112,공동주거시설,1,515.738,0.322,30,4,1.8,33188.7,2022,0,없음,,0.2,거짓,0.886,0.409,0.6,0.4,4,0.6,41
450,13.04901791,1.214341402,423,기타초지,0.4,147.545,0.037,30,4,1.8,33188.7,2022,0,없음,,0.2,거짓,0.905,0.38,0.6,0.4,4,0.6,45
451,13.04901791,1.214341402,154,도로,1,1223.019,0.764,30,2,0.7,16171.52,2022,0,없음,,0.2,거짓,0.905,0.38,0.2,0.2,2,0.2,43
452,15.56598571,0.642443951,131,상업·업무시설,1,45.077,0.028,30,4,0,0,0,0,없음,,0.2,거짓,0.808,0.499,0.6,0.4,0,0,43
453,15.58620071,0.637850761,154,도로,1,1277.44,0.798,30,3,0,0,0,0,없음,,0.2,거짓,0.807,0.5,0.4,0.3,0,0,42
454,15.58620071,0.850318995,154,도로,1,1601.211,1,30,1,0,0,0,0,없음,,0.2,거짓,0.807,0.447,0.1,0.15,0,0,53
455,15.58620071,0.924183547,154,도로,1,1116.276,0.698,30,1,0,0,0,0,없음,,0.2,거짓,0.807,0.431,0.1,0.15,0,0,41
456,17.1632859,1.296987142,154,도로,1,670.215,0.419,100,1,0,0,0,0,없음,,1,거짓,0.754,0.368,0.1,0.55,0,0,32
457,18.79144669,1.681864381,423,기타초지,0.4,706.296,0.177,30,1,0,0,0,0,없음,,0.2,거짓,0.704,0.32,0.1,0.15,0,0,27
458,19.0701519,1.911300764,154,도로,1,686.787,0.429,30,1,0,0,0,0,없음,,0.2,거짓,0.695,0.296,0.1,0.15,0,0,33
459,19.94296646,2.629821301,423,기타초지,0.4,1374.99,0.344,30,1,0,0,0,0,없음,,0.2,거짓,0.671,0.237,0.1,0.15,0,0,28
460,19.94296646,2.629821301,154,도로,1,369.068,0.231,30,1,0.5,30512.56,2022,0,없음,,0.2,거짓,0.671,0.237,0.1,0.15,2,0.2,31
461,26.79039867,3.260521075,154,도로,1,708.573,0.443,0,0,0.5,30512.56,2022,0,없음,,0,거짓,0.508,0.197,0,0,2,0.2,21
462,26.84932137,3.265948296,154,도로,1,734.118,0.459,0,0,0.5,30512.56,2022,0,없음,,0,거짓,0.506,0.196,0,0,2,0.2,20
463,27.11673522,3.097527007,154,도로,1,563.364,0.352,0,0,0.5,30512.56,2022,0,없음,,0,거짓,0.501,0.206,0,0,2,0.2,18
464,27.25316238,3.011603117,154,도로,1,116.067,0.073,0,0,0.5,30512.56,2022,0,없음,,0,거짓,0.498,0.211,0,0,2,0.2,16
465,26.08117821,3.679125443,154,도로,1,730.013,0.456,0,0,0,0,0,0,없음,,0,거짓,0.522,0.174,0,0,0,0,18
466,26.08005096,1.856341942,131,상업·업무시설,1,0.006,0,100,1,0,0,0,0,없음,,1,거짓,0.523,0.301,0.1,0.55,0,0,24
467,26.08005096,1.22734851,131,상업·업무시설,1,1.146,0.001,100,1,0,0,0,0,없음,,1,거짓,0.523,0.379,0.1,0.55,0,0,32
468,24.40699503,1.772244843,131,상업·업무시설,1,18.394,0.011,100,1,0,0,0,0,없음,,1,거짓,0.559,0.31,0.1,0.55,0,0,25
469,22.67975538,2.334788228,131,상업·업무시설,1,255.291,0.16,0,0,0,0,0,6,논현역,3,0,참,0.6,0.259,0,0,0,0,33
470,21.83330043,2.25349353,131,상업·업무시설,1,3.297,0.002,50,1,0,0,0,6,논현역,3,0.6,참,0.621,0.265,0.1,0.35,0,0,37
471,19.18247734,1.998904832,154,도로,1,859.875,0.537,100,1,0.3,203,2010,6,논현역,3,1,참,0.692,0.288,0.1,0.55,1,0.1,37
472,19.18247734,1.998904832,131,상업·업무시설,1,3.659,0.002,0,0,0.3,190.1,2011,0,없음,,0,거짓,0.692,0.288,0,0,1,0.1,30
473,16.70417305,1.179197919,131,상업·업무시설,1,549.374,0.343,30,1,0.3,647.5,2022,0,없음,,0.2,거짓,0.769,0.386,0.1,0.15,1,0.1,34
474,16.68426857,1.17261445,131,상업·업무시설,1,3.842,0.002,100,1,0.3,647.5,2022,0,없음,,1,거짓,0.769,0.387,0.1,0.55,1,0.1,34
475,15.87515174,0.777449116,131,상업·업무시설,1,378.141,0.236,30,1,0,0,0,0,없음,,0.2,거짓,0.797,0.464,0.1,0.15,0,0,38
476,15.59386238,0.64006994,154,도로,1,1481.986,0.926,30,1,0.3,673.3,2022,0,없음,,0.2,거짓,0.807,0.5,0.1,0.15,1,0.1,44
477,15.05249198,0.487619889,154,도로,1,1555.174,0.972,50,1,0.3,673.3,2022,0,없음,,0.6,거짓,0.826,0.55,0.1,0.35,1,0.1,46
478,14.49358872,0.33023258,154,도로,1,1539.963,0.962,30,1,0,0,0,0,없음,,0.2,거짓,0.847,0.623,0.1,0.15,0,0,49
479,14.48845472,0.403454355,131,상업·업무시설,1,543.455,0.34,30,1,0,0,0,0,없음,,0.2,거짓,0.847,0.586,0.1,0.15,0,0,42
480,14.4723767,0.632761268,154,도로,1,904.726,0.565,50,1,0,0,0,0,없음,,0.6,거짓,0.848,0.502,0.1,0.35,0,0,36
481,14.4723767,0.632761268,111,단독주거시설,1,26.699,0.017,30,1,0,0,0,0,없음,,0.2,거짓,0.848,0.502,0.1,0.15,0,0,37
482,14.52031563,1.293001089,154,도로,1,1084.954,0.678,30,1,0.5,222.33,2022,0,없음,,0.2,거짓,0.846,0.369,0.1,0.15,2,0.2,34
483,14.52070066,1.298303799,154,도로,1,1393.46,0.871,100,1,0.5,222.33,2022,7,신논현역,2,1,참,0.846,0.368,0.1,0.55,2,0.2,41
484,16.21644162,1.404336882,154,도로,1,902.623,0.564,0,0,0.3,195.3,2011,7,신논현역,2,0,참,0.785,0.353,0,0,1,0.1,40
485,16.80596574,1.44119927,154,도로,1,907.764,0.567,0,0,0.7,7525.49,2022,7,신논현역,2,0,참,0.765,0.349,0,0,2,0.2,43
486,16.80596574,1.410931317,154,도로,1,1543.804,0.965,0,0,0.5,5328.16,2022,8,신논현역,1,0,참,0.765,0.353,0,0,2,0.2,49
487,16.80596574,1.379683105,154,도로,1,725.521,0.453,0,0,0.5,4423.67,2022,9,신논현역,9,0,참,0.765,0.357,0,0,2,0.2,46
488,16.40760622,1.388343673,154,도로,1,992.53,0.62,0,0,0.5,4423.67,2022,9,신논현역,9,0,참,0.778,0.356,0,0,2,0.2,33
489,15.16007305,1.415465771,131,상업·업무시설,1,191.824,0.12,100,1,0.5,4423.67,2022,0,없음,,1,거짓,0.822,0.352,0.1,0.55,2,0.2,36
490,15.16007305,1.415465771,131,상업·업무시설,1,94.897,0.059,0,0,0.5,4423.67,2022,0,없음,,0,거짓,0.822,0.352,0,0,2,0.2,32
491,14.56204455,1.238068918,423,기타초지,0.4,551.221,0.138,30,1,0,0,0,0,없음,,0.2,거짓,0.844,0.377,0.1,0.15,0,0,34
492,14.55724149,1.236644157,423,기타초지,0.4,641.055,0.16,30,1,0,0,0,0,없음,,0.2,거짓,0.845,0.377,0.1,0.15,0,0,34
493,13.44380586,0.90454675,112,공동주거시설,1,397.068,0.248,30,1,0,0,0,0,없음,,0.2,거짓,0.888,0.435,0.1,0.15,0,0,38
494,13.05672011,0.789093131,154,도로,1,1432.682,0.895,30,1,0,0,0,0,없음,,0.2,거짓,0.905,0.461,0.1,0.15,0,0,44
495,13.15188783,0.585671024,112,공동주거시설,1,19.271,0.012,30,1,0,0,0,0,없음,,0.2,거짓,0.901,0.516,0.1,0.15,0,0,39
496,13.25013767,0.375660875,423,기타초지,0.4,451.375,0.113,50,1,0.3,5500.2,2011,0,없음,,0.6,거짓,0.896,0.599,0.1,0.35,1,0.1,40
497,13.34752556,0.352586095,154,도로,1,938.461,0.587,30,2,0.3,5500.2,2011,0,없음,,0.2,거짓,0.892,0.611,0.2,0.2,1,0.1,45
498,13.65251293,0.280323347,154,도로,1,1599.793,1,50,1,1.8,14980.17,2022,0,없음,,0.6,거짓,0.88,0.653,0.1,0.35,4,0.6,54
499,13.65251293,0.280323347,423,기타초지,0.4,28.141,0.007,100,2,1.8,14980.17,2022,0,없음,,1,거짓,0.88,0.653,0.2,0.6,4,0.6,45
500,14.26148849,0.554808473,154,도로,1,1165.667,0.729,30,2,1.8,14980.17,2022,0,없음,,0.2,거짓,0.856,0.526,0.2,0.2,4,0.6,39
501,14.26637947,0.557012998,154,도로,1,1039.896,0.65,50,1,1.8,14980.17,2022,0,없음,,0.6,거짓,0.856,0.526,0.1,0.35,4,0.6,41
502,15.0761902,0.407571197,154,도로,1,678.866,0.424,30,3,1.8,14980.17,2022,0,없음,,0.2,거짓,0.825,0.584,0.4,0.3,4,0.6,41
503,15.35772079,0.355617774,112,공동주거시설,1,8.05,0.005,30,3,1.8,33188.7,2022,0,없음,,0.2,거짓,0.815,0.609,0.4,0.3,4,0.6,44
504,14.49601671,0.658881679,423,기타초지,0.4,25.833,0.006,30,3,1.8,33188.7,2022,0,없음,,0.2,거짓,0.847,0.494,0.4,0.3,4,0.6,41
505,13.60640543,0.971967111,131,상업·업무시설,1,59.904,0.037,30,3,1.8,33188.7,2022,0,없음,,0.2,거짓,0.882,0.422,0.4,0.3,4,0.6,40
506,13.43586406,1.003945645,112,공동주거시설,1,254.887,0.159,30,4,1.8,33188.7,2022,0,없음,,0.2,거짓,0.889,0.416,0.6,0.4,4,0.6,42
507,12.90178365,1.104092071,154,도로,1,1583.061,0.989,30,4,0.7,16171.52,2022,0,없음,,0.2,거짓,0.911,0.398,0.6,0.4,2,0.2,52
508,12.90178365,1.104092071,154,도로,1,158.088,0.099,30,2,0,0,0,0,없음,,0.2,거짓,0.911,0.398,0.2,0.2,0,0,38
509,15.44752823,0.678517164,154,도로,1,396.312,0.248,30,2,0,0,0,0,없음,,0.2,거짓,0.812,0.489,0.2,0.2,0,0,39
510,15.46797435,0.675099163,154,도로,1,1552.876,0.971,30,2,0,0,0,0,없음,,0.2,거짓,0.811,0.49,0.2,0.2,0,0,48
511,15.46797435,0.824022931,154,도로,1,1497.109,0.936,30,2,0,0,0,0,없음,,0.2,거짓,0.811,0.453,0.2,0.2,0,0,42
512,15.46797435,0.87579626,154,도로,1,1382.704,0.864,30,1,0,0,0,0,없음,,0.2,거짓,0.811,0.441,0.1,0.15,0,0,43
513,16.88277477,1.237703635,423,기타초지,0.4,606.643,0.152,30,1,0,0,0,0,없음,,0.2,거짓,0.763,0.377,0.1,0.15,0,0,31
514,18.34339502,1.611331769,131,상업·업무시설,1,753.485,0.471,0,0,0,0,0,0,없음,,0,거짓,0.717,0.328,0,0,0,0,25
515,18.63375569,1.830028398,131,상업·업무시설,1,152.411,0.095,30,1,0,0,0,0,없음,,0.2,거짓,0.708,0.304,0.1,0.15,0,0,31
516,19.54307139,2.514915496,154,도로,1,319.577,0.2,30,1,0,0,0,0,없음,,0.2,거짓,0.682,0.245,0.1,0.15,0,0,34
517,19.54307139,2.514915496,154,도로,1,1205.835,0.754,30,1,0.5,18374.3,2011,0,없음,,0.2,거짓,0.682,0.245,0.1,0.15,2,0.2,30
518,25.35762692,3.16914564,154,도로,1,518.862,0.324,50,1,0.5,18374.3,2011,0,없음,,0.6,거짓,0.538,0.202,0.1,0.35,2,0.2,26
519,25.40432647,3.174400083,154,도로,1,714.889,0.447,30,1,0.5,18374.3,2011,0,없음,,0.2,거짓,0.537,0.202,0.1,0.15,2,0.2,26
520,25.92174143,2.970712131,154,도로,1,643.429,0.402,100,1,0.5,30512.56,2022,0,없음,,1,거짓,0.526,0.214,0.1,0.55,2,0.2,30
521,26.08586005,2.898371212,154,도로,1,728.329,0.455,100,1,0.5,30512.56,2022,0,없음,,1,거짓,0.522,0.218,0.1,0.55,2,0.2,29
522,23.28171539,2.588957388,154,도로,1,1021.888,0.639,100,2,0.5,30512.56,2022,0,없음,,1,거짓,0.585,0.24,0.2,0.6,2,0.2,32
523,19.75328584,2.097960154,154,도로,1,683.176,0.427,50,1,0.5,30512.56,2022,0,없음,,0.6,거짓,0.676,0.279,0.1,0.35,2,0.2,31
524,18.90484989,1.660276605,154,도로,1,268.428,0.168,0,0,0.5,30512.56,2022,0,없음,,0,거짓,0.7,0.322,0,0,2,0.2,24
525,20.17776299,1.805364609,154,도로,1,0.981,0.001,0,0,0.5,30512.56,2022,0,없음,,0,거짓,0.664,0.307,0,0,2,0.2,19
526,26.10399437,3.952591896,154,도로,1,89.871,0.056,0,0,0,0,0,0,없음,,0,거짓,0.522,0.161,0,0,0,0,15
527,26.10399437,3.952591896,154,도로,1,940.764,0.588,0,0,0,0,0,0,없음,,0,거짓,0.522,0.161,0,0,0,0,15
528,26.10399437,2.463004338,154,도로,1,1183.386,0.74,0,0,0,0,0,0,없음,,0,거짓,0.522,0.249,0,0,0,0,18
529,26.10399437,1.945149422,154,도로,1,765.159,0.478,100,1,0,0,0,0,없음,,1,거짓,0.522,0.293,0.1,0.55,0,0,23
530,24.30414371,2.385174782,154,도로,1,475.024,0.297,100,1,0.2,255.38,2022,0,없음,,1,거짓,0.561,0.255,0.1,0.55,1,0.1,25
531,22.44600296,2.839450836,154,도로,1,906.87,0.567,100,3,0,0,0,0,없음,,1,거짓,0.605,0.222,0.4,0.7,0,0,32
532,21.38207197,2.69380111,154,도로,1,732.559,0.458,0,0,0,0,0,0,없음,,0,거짓,0.632,0.232,0,0,0,0,19
533,18.05018425,2.237673283,154,도로,1,765.744,0.479,0,0,0.3,203,2010,0,없음,,0,거짓,0.726,0.267,0,0,1,0.1,22
534,18.05018425,2.237673283,154,도로,1,736.268,0.46,30,1,0.3,2234.3,2022,0,없음,,0.2,거짓,0.726,0.267,0.1,0.15,1,0.1,29
535,15.87323708,1.222420414,154,도로,1,635.284,0.397,30,1,0.3,2234.3,2022,0,없음,,0.2,거짓,0.797,0.379,0.1,0.15,1,0.1,32
536,15.85575294,1.214266419,154,도로,1,935.661,0.585,30,2,0.3,4545,2022,0,없음,,0.2,거짓,0.797,0.38,0.2,0.2,1,0.1,36
537,15.26769253,0.668740123,154,도로,1,889.317,0.556,50,3,0.3,4545,2022,0,없음,,0.6,거짓,0.818,0.492,0.4,0.5,1,0.1,39
538,15.0632534,0.479087979,131,상업·업무시설,1,255.283,0.16,30,2,0.3,4545,2022,0,없음,,0.2,거짓,0.826,0.554,0.2,0.2,1,0.1,40
539,14.97576055,0.40235269,131,상업·업무시설,1,25.259,0.016,30,2,0.3,4545,2022,0,없음,,0.2,거짓,0.829,0.586,0.2,0.2,1,0.1,41
540,14.88543415,0.323132247,154,도로,1,1119.844,0.7,30,1,0.3,1775,2022,0,없음,,0.2,거짓,0.832,0.627,0.1,0.15,1,0.1,45
541,15.14474954,0.502223755,154,도로,1,1542.691,0.964,30,1,0,0,0,0,없음,,0.2,거짓,0.823,0.545,0.1,0.15,0,0,48
542,15.95684147,1.06308043,154,도로,1,1547.911,0.967,50,1,0,0,0,0,없음,,0.6,거짓,0.794,0.405,0.1,0.35,0,0,40
543,15.95684147,1.06308043,154,도로,1,1257.552,0.786,50,1,0,0,0,0,없음,,0.6,거짓,0.794,0.405,0.1,0.35,0,0,40
544,16.91554655,1.753928361,154,도로,1,1226.788,0.767,100,1,0,0,0,7,신논현역,2,1,참,0.762,0.312,0.1,0.55,0,0,51
545,16.92324638,1.7594769,131,상업·업무시설,1,227.684,0.142,0,0,0,0,0,7,신논현역,2,0,참,0.761,0.311,0,0,0,0,51
546,19.26563888,1.751515932,131,상업·업무시설,1,51.045,0.032,0,0,0,0,0,7,신논현역,2,0,참,0.69,0.312,0,0,0,0,42
547,20.07997131,1.748748302,131,상업·업무시설,1,84.205,0.053,0,0,0,0,0,7,신논현역,2,0,참,0.667,0.313,0,0,0,0,45
548,20.07997131,1.741693415,154,도로,1,1400.543,0.875,0,0,0.5,5328.16,2022,7,신논현역,2,0,참,0.667,0.313,0,0,2,0.2,49
549,20.07997131,1.734410048,154,도로,1,847.922,0.53,0,0,0,0,0,8,신논현역,1,0,참,0.667,0.314,0,0,0,0,43
550,19.5709131,1.775060049,154,도로,1,754.334,0.471,0,0,0,0,0,9,신논현역,9,0,참,0.681,0.31,0,0,0,0,44
551,17.97670746,1.902362704,131,상업·업무시설,1,567.154,0.354,0,0,0,0,0,14,신논현역,7,0,참,0.728,0.297,0,0,0,0,34
552,17.97670746,1.902362704,154,도로,1,1217.167,0.761,0,0,0.5,4423.67,2022,0,없음,,0,거짓,0.728,0.297,0,0,2,0.2,28
553,17.2794268,1.680772685,154,도로,1,1355.147,0.847,30,1,0.5,4423.67,2022,0,없음,,0.2,거짓,0.75,0.32,0.1,0.15,2,0.2,38
554,17.2738266,1.678992987,154,도로,1,1084.474,0.678,30,1,0.5,4423.67,2022,0,없음,,0.2,거짓,0.75,0.32,0.1,0.15,2,0.2,33
555,15.05447307,1.224588961,154,도로,1,942.13,0.589,50,1,0.5,4423.67,2022,0,없음,,0.6,거짓,0.826,0.379,0.1,0.35,2,0.2,34
556,14.28291512,1.066615462,423,기타초지,0.4,617.302,0.154,30,1,0,0,0,0,없음,,0.2,거짓,0.855,0.405,0.1,0.15,0,0,36
557,14.10707915,0.841198823,112,공동주거시설,1,22.325,0.014,30,1,0,0,0,0,없음,,0.2,거짓,0.862,0.449,0.1,0.15,0,0,34
558,13.92554855,0.608481824,154,도로,1,748.405,0.468,30,1,0.3,5500.2,2011,0,없음,,0.2,거짓,0.869,0.509,0.1,0.15,1,0.1,37
559,13.97270858,0.561776465,154,도로,1,1098.196,0.686,50,1,0.3,5500.2,2011,0,없음,,0.6,거짓,0.867,0.524,0.1,0.35,1,0.1,44
560,14.12039852,0.415510386,154,도로,1,1247.785,0.78,30,2,0.3,5500.2,2011,0,없음,,0.2,거짓,0.861,0.58,0.2,0.2,1,0.1,42
561,14.12039852,0.415510386,141,문화·체육·휴양시설,1,783.504,0.49,30,2,0,0,0,0,없음,,0.2,거짓,0.861,0.58,0.2,0.2,0,0,42
562,13.04330339,0.272254122,154,도로,1,5.297,0.003,50,1,1.8,14980.17,2022,0,없음,,0.6,거짓,0.905,0.659,0.1,0.35,4,0.6,49
563,13.03465271,0.271103561,154,도로,1,924.97,0.578,30,1,1.8,14980.17,2022,0,없음,,0.2,거짓,0.906,0.66,0.1,0.15,4,0.6,45
564,14.64339066,0.168620813,423,기타초지,0.4,148.101,0.037,30,3,1.8,14980.17,2022,0,없음,,0.2,거짓,0.841,0.748,0.4,0.3,4,0.6,47
565,15.20266819,0.1329927,131,상업·업무시설,1,0.1,0,50,4,1.8,14980.17,2022,0,없음,,0.6,거짓,0.821,0.792,0.6,0.6,4,0.6,50
566,14.34490819,0.504711143,423,기타초지,0.4,941.522,0.235,30,3,1.8,14980.17,2022,0,없음,,0.2,거짓,0.853,0.544,0.4,0.3,4,0.6,43
567,13.45936871,0.888468087,154,도로,1,816.887,0.511,30,4,1.8,14980.17,2022,0,없음,,0.2,거짓,0.888,0.439,0.6,0.4,4,0.6,47
568,13.13659554,0.800016481,131,상업·업무시설,1,122.126,0.076,30,4,1.8,33188.7,2022,0,없음,,0.2,거짓,0.901,0.458,0.6,0.4,4,0.6,49
569,12.12577438,0.523014665,154,도로,1,1466.053,0.916,30,4,0.7,16171.52,2022,0,없음,,0.2,거짓,0.945,0.537,0.6,0.4,2,0.2,52
570,12.12577438,0.523014665,121,공업시설,1,226.115,0.141,30,1,0,0,0,0,없음,,0.2,거짓,0.945,0.537,0.1,0.15,0,0,42
571,14.82318914,0.868643751,121,공업시설,1,165.316,0.103,30,1,0,0,0,0,없음,,0.2,거짓,0.835,0.443,0.1,0.15,0,0,38
572,14.8448534,0.871419668,121,공업시설,1,155.844,0.097,30,1,0,0,0,0,없음,,0.2,거짓,0.834,0.442,0.1,0.15,0,0,37
573,14.8448534,0.68542755,154,도로,1,663.847,0.415,30,1,0,0,0,0,없음,,0.2,거짓,0.834,0.487,0.1,0.15,0,0,37
574,14.8448534,0.620767415,131,상업·업무시설,1,312.696,0.195,30,1,0,0,0,0,없음,,0.2,거짓,0.834,0.505,0.1,0.15,0,0,42
575,15.40431973,0.925245447,154,도로,1,1442.253,0.901,30,1,0,0,0,0,없음,,0.2,거짓,0.813,0.431,0.1,0.15,0,0,36
576,15.98190498,1.239584327,162,교육·행정시설,1,18.518,0.012,30,1,0,0,0,0,없음,,0.2,거짓,0.793,0.377,0.1,0.15,0,0,35
577,16.33369663,1.401676268,154,도로,1,1038.855,0.649,30,1,0,0,0,0,없음,,0.2,거짓,0.781,0.354,0.1,0.15,0,0,31
578,17.43539429,1.909295797,154,도로,1,818.859,0.512,100,1,0.5,18374.3,2011,0,없음,,1,거짓,0.745,0.296,0.1,0.55,2,0.2,29
579,17.43539429,1.909295797,154,도로,1,1050.64,0.657,30,1,0.5,18374.3,2011,0,없음,,0.2,거짓,0.745,0.296,0.1,0.15,2,0.2,33
580,17.78555969,2.685653026,112,공동주거시설,1,67.813,0.042,30,1,0.5,18374.3,2011,0,없음,,0.2,거짓,0.734,0.233,0.1,0.15,2,0.2,31
581,17.78837204,2.691888332,112,공동주거시설,1,570.574,0.357,0,0,0.5,18374.3,2011,0,없음,,0,거짓,0.734,0.232,0,0,2,0.2,23
582,19.45346428,2.409375955,623,기타나지,0.7,1311.74,0.574,30,1,0.5,18374.3,2011,0,없음,,0.2,거짓,0.684,0.253,0.1,0.15,2,0.2,31
583,20.03233337,2.311160564,154,도로,1,989.371,0.618,30,1,0.5,18374.3,2011,0,없음,,0.2,거짓,0.668,0.261,0.1,0.15,2,0.2,32
584,19.09885044,1.832220119,154,도로,1,1311.624,0.82,50,1,0.5,18374.3,2011,0,없음,,0.6,거짓,0.695,0.304,0.1,0.35,2,0.2,33
585,18.13513565,1.337768674,154,도로,1,755.216,0.472,30,1,0.5,23051.1,2011,0,없음,,0.2,거짓,0.723,0.362,0.1,0.15,2,0.2,31
586,18.62951785,1.450942087,154,도로,1,936.014,0.585,30,1,0.5,30512.56,2022,0,없음,,0.2,거짓,0.708,0.347,0.1,0.15,2,0.2,36
587,20.17776299,1.805364609,154,도로,1,916.655,0.573,0,0,0.5,30512.56,2022,0,없음,,0,거짓,0.664,0.307,0,0,2,0.2,27
588,20.17776299,1.805364609,154,도로,1,813.456,0.508,0,0,0.5,30512.56,2022,0,없음,,0,거짓,0.664,0.307,0,0,2,0.2,25
589,24.69844651,2.339784376,154,도로,1,442.407,0.277,0,0,0.5,30512.56,2022,0,없음,,0,거짓,0.553,0.258,0,0,2,0.2,22
590,24.7543602,2.3463943,154,도로,1,43.968,0.027,0,0,0.5,30512.56,2022,0,없음,,0,거짓,0.551,0.258,0,0,2,0.2,17
591,26.10399437,3.952591896,154,도로,1,610.45,0.382,0,0,0,0,0,0,없음,,0,거짓,0.522,0.161,0,0,0,0,18
592,26.10399437,3.952591896,154,도로,1,922.718,0.577,0,0,0,0,0,0,없음,,0,거짓,0.522,0.161,0,0,0,0,17
593,26.10399437,2.463004338,154,도로,1,668.735,0.418,0,0,0,0,0,0,없음,,0,거짓,0.522,0.249,0,0,0,0,17
594,26.10399437,1.945149422,154,도로,1,1011.221,0.632,0,0,0,0,0,0,없음,,0,거짓,0.522,0.293,0,0,0,0,19
595,24.30414371,2.385174782,154,도로,1,785.203,0.491,100,1,0.2,255.38,2022,0,없음,,1,거짓,0.561,0.255,0.1,0.55,1,0.1,20
596,22.44600296,2.839450836,154,도로,1,734.632,0.459,100,1,0.2,255.38,2022,0,없음,,1,거짓,0.605,0.222,0.1,0.55,1,0.1,22
597,21.38207197,2.69380111,154,도로,1,787.673,0.492,0,0,0,0,0,0,없음,,0,거짓,0.632,0.232,0,0,0,0,18
598,18.05018425,2.237673283,154,도로,1,774.457,0.484,0,0,0.3,177.6,2022,0,없음,,0,거짓,0.726,0.267,0,0,1,0.1,22
599,18.05018425,2.237673283,131,상업·업무시설,1,100.506,0.063,30,1,0.3,2234.3,2022,0,없음,,0.2,거짓,0.726,0.267,0.1,0.15,1,0.1,31
600,15.87323708,1.222420414,423,기타초지,0.4,318.514,0.08,100,1,0.3,2234.3,2022,0,없음,,1,거짓,0.797,0.379,0.1,0.55,1,0.1,34
601,15.85575294,1.214266419,154,도로,1,1046.434,0.654,30,3,0.3,2234.3,2022,0,없음,,0.2,거짓,0.797,0.38,0.4,0.3,1,0.1,38
602,15.26769253,0.668740123,154,도로,1,640.422,0.4,30,3,0.3,4545,2022,0,없음,,0.2,거짓,0.818,0.492,0.4,0.3,1,0.1,38
603,15.0632534,0.479087979,131,상업·업무시설,1,1.364,0.001,30,2,0.3,4545,2022,0,없음,,0.2,거짓,0.826,0.554,0.2,0.2,1,0.1,43
604,14.97576055,0.40235269,131,상업·업무시설,1,0.259,0,100,2,0.3,1775,2022,0,없음,,1,거짓,0.829,0.586,0.2,0.6,1,0.1,42
605,14.88543415,0.323132247,154,도로,1,959.706,0.6,30,2,0.3,1775,2022,0,없음,,0.2,거짓,0.832,0.627,0.2,0.2,1,0.1,43
606,15.14474954,0.502223755,131,상업·업무시설,1,0.041,0,50,1,0,0,0,0,없음,,0.6,거짓,0.823,0.545,0.1,0.35,0,0,37
607,15.95684147,1.06308043,154,도로,1,1133.008,0.708,50,1,0,0,0,0,없음,,0.6,거짓,0.794,0.405,0.1,0.35,0,0,36
608,15.95684147,1.06308043,154,도로,1,1326.655,0.829,50,1,0,0,0,0,없음,,0.6,거짓,0.794,0.405,0.1,0.35,0,0,42
609,16.91554655,1.753928361,154,도로,1,1594.989,0.997,100,1,0,0,0,7,신논현역,2,1,참,0.762,0.312,0.1,0.55,0,0,63
610,16.92324638,1.7594769,131,상업·업무시설,1,9.501,0.006,0,0,0,0,0,7,신논현역,2,0,참,0.761,0.311,0,0,0,0,64
611,19.26563888,1.751515932,131,상업·업무시설,1,246.186,0.154,100,1,0,0,0,7,신논현역,2,1,참,0.69,0.312,0.1,0.55,0,0,54
612,20.07997131,1.748748302,154,도로,1,1551.602,0.97,50,1,0.7,19749.42,2022,7,신논현역,2,0.6,참,0.667,0.313,0.1,0.35,2,0.2,62
613,20.07997131,1.741693415,131,상업·업무시설,1,883.311,0.552,0,0,0,0,0,7,신논현역,2,0,참,0.667,0.313,0,0,0,0,57
614,20.07997131,1.734410048,154,도로,1,507.861,0.317,0,0,0,0,0,8,신논현역,1,0,참,0.667,0.314,0,0,0,0,50
615,19.5709131,1.775060049,154,도로,1,1393.292,0.871,0,0,0,0,0,9,신논현역,9,0,참,0.681,0.31,0,0,0,0,45
616,17.97670746,1.902362704,154,도로,1,671.237,0.42,0,0,0,0,0,14,신논현역,7,0,참,0.728,0.297,0,0,0,0,44
617,17.97670746,1.902362704,154,도로,1,993.06,0.621,0,0,0.5,2545.16,2022,14,신논현역,7,0,참,0.728,0.297,0,0,2,0.2,37
618,17.2794268,1.680772685,154,도로,1,470.632,0.294,30,1,0.5,2545.16,2022,0,없음,,0.2,거짓,0.75,0.32,0.1,0.15,2,0.2,34
619,17.2738266,1.678992987,154,도로,1,491.001,0.307,30,1,0.5,4423.67,2022,0,없음,,0.2,거짓,0.75,0.32,0.1,0.15,2,0.2,34
620,15.05447307,1.224588961,154,도로,1,1076.784,0.673,30,1,0.5,4423.67,2022,0,없음,,0.2,거짓,0.826,0.379,0.1,0.15,2,0.2,38
621,14.28291512,1.066615462,154,도로,1,878.009,0.549,50,1,0.5,6008,2022,0,없음,,0.6,거짓,0.855,0.405,0.1,0.35,2,0.2,36
622,14.10707915,0.841198823,154,도로,1,1090.094,0.681,30,1,0.5,6008,2022,0,없음,,0.2,거짓,0.862,0.449,0.1,0.15,2,0.2,35
623,13.92554855,0.608481824,154,도로,1,1597.437,0.998,30,1,0,0,0,0,없음,,0.2,거짓,0.869,0.509,0.1,0.15,0,0,44
624,13.97270858,0.561776465,163,기타 공공시설,1,121.866,0.076,30,1,0,0,0,0,없음,,0.2,거짓,0.867,0.524,0.1,0.15,0,0,39
625,14.12039852,0.415510386,162,교육·행정시설,1,454.594,0.284,30,2,0,0,0,0,없음,,0.2,거짓,0.861,0.58,0.2,0.2,0,0,39
626,14.12039852,0.415510386,141,문화·체육·휴양시설,1,1511.962,0.945,30,2,0,0,0,0,없음,,0.2,거짓,0.861,0.58,0.2,0.2,0,0,49
627,13.04330339,0.272254122,141,문화·체육·휴양시설,1,1568.563,0.98,100,2,1.8,5722.62,2022,0,없음,,1,거짓,0.905,0.659,0.2,0.6,4,0.6,49
628,13.03465271,0.271103561,141,문화·체육·휴양시설,1,223.309,0.14,100,2,1.8,5722.62,2022,0,없음,,1,거짓,0.906,0.66,0.2,0.6,4,0.6,43
629,14.64339066,0.168620813,131,상업·업무시설,1,222.143,0.139,100,3,0.3,694.1,2011,0,없음,,1,거짓,0.841,0.748,0.4,0.7,1,0.1,46
630,15.20266819,0.1329927,154,도로,1,834.309,0.521,100,4,1.8,14980.17,2022,0,없음,,1,거짓,0.821,0.792,0.6,0.8,4,0.6,50
631,14.34490819,0.504711143,154,도로,1,1040.434,0.65,30,4,1.8,14980.17,2022,0,없음,,0.2,거짓,0.853,0.544,0.6,0.4,4,0.6,48
632,13.45936871,0.888468087,154,도로,1,1390.731,0.869,30,4,1.8,14980.17,2022,0,없음,,0.2,거짓,0.888,0.439,0.6,0.4,4,0.6,50
633,13.13659554,0.800016481,154,도로,1,1600.782,1,100,4,1.8,14980.17,2022,0,없음,,1,거짓,0.901,0.458,0.6,0.8,4,0.6,54
634,12.12577438,0.523014665,154,도로,1,938.914,0.587,30,4,0.7,19446.73,2022,0,없음,,0.2,거짓,0.945,0.537,0.6,0.4,2,0.2,48
635,12.12577438,0.523014665,154,도로,1,941.39,0.588,30,2,0,0,0,0,없음,,0.2,거짓,0.945,0.537,0.2,0.2,0,0,45
636,14.82318914,0.868643751,121,공업시설,1,49.363,0.031,30,1,0,0,0,0,없음,,0.2,거짓,0.835,0.443,0.1,0.15,0,0,41
637,14.8448534,0.871419668,121,공업시설,1,82.386,0.051,30,1,0,0,0,0,없음,,0.2,거짓,0.834,0.442,0.1,0.15,0,0,37
638,14.8448534,0.68542755,131,상업·업무시설,1,51.022,0.032,30,1,0,0,0,0,없음,,0.2,거짓,0.834,0.487,0.1,0.15,0,0,36
639,14.8448534,0.620767415,154,도로,1,870.309,0.544,30,2,0,0,0,0,없음,,0.2,거짓,0.834,0.505,0.2,0.2,0,0,39
640,15.40431973,0.925245447,154,도로,1,1588.053,0.993,30,2,0,0,0,0,없음,,0.2,거짓,0.813,0.431,0.2,0.2,0,0,43
641,15.98190498,1.239584327,154,도로,1,511.603,0.32,100,2,0.5,80.8,2010,0,없음,,1,거짓,0.793,0.377,0.2,0.6,2,0.2,32
642,16.33369663,1.401676268,141,문화·체육·휴양시설,1,534.462,0.334,30,2,0,0,0,0,없음,,0.2,거짓,0.781,0.354,0.2,0.2,0,0,33
643,17.43539429,1.909295797,154,도로,1,846.477,0.529,30,1,0.5,18374.3,2011,0,없음,,0.2,거짓,0.745,0.296,0.1,0.15,2,0.2,30
644,17.43539429,1.909295797,154,도로,1,1056.88,0.661,30,1,0.5,18374.3,2011,0,없음,,0.2,거짓,0.745,0.296,0.1,0.15,2,0.2,30
645,17.78555969,2.685653026,154,도로,1,1201.759,0.751,30,1,0.5,18374.3,2011,0,없음,,0.2,거짓,0.734,0.233,0.1,0.15,2,0.2,30
646,17.78837204,2.691888332,112,공동주거시설,1,308.66,0.193,30,1,0.5,18374.3,2011,0,없음,,0.2,거짓,0.734,0.232,0.1,0.15,2,0.2,30
647,19.45346428,2.409375955,623,기타나지,0.7,474.203,0.207,30,1,0.5,18374.3,2011,0,없음,,0.2,거짓,0.684,0.253,0.1,0.15,2,0.2,27
648,20.03233337,2.311160564,423,기타초지,0.4,399.736,0.1,30,1,0.5,18374.3,2011,0,없음,,0.2,거짓,0.668,0.261,0.1,0.15,2,0.2,32
649,19.09885044,1.832220119,154,도로,1,848.173,0.53,30,1,0.7,6024.84,2022,0,없음,,0.2,거짓,0.695,0.304,0.1,0.15,2,0.2,35
650,18.13513565,1.337768674,623,기타나지,0.7,716.942,0.314,30,1,0.5,23051.1,2011,0,없음,,0.2,거짓,0.723,0.362,0.1,0.15,2,0.2,33
651,18.62951785,1.450942087,131,상업·업무시설,1,0.222,0,30,1,0.5,23051.1,2011,0,없음,,0.2,거짓,0.708,0.347,0.1,0.15,2,0.2,31
652,20.17776299,1.805364609,423,기타초지,0.4,82.388,0.021,30,1,0.5,23051.1,2011,0,없음,,0.2,거짓,0.664,0.307,0.1,0.15,2,0.2,29
653,20.17776299,1.805364609,154,도로,1,393.394,0.246,30,1,0.5,23051.1,2011,0,없음,,0.2,거짓,0.664,0.307,0.1,0.15,2,0.2,31
654,24.71789616,2.342083646,154,도로,1,448.034,0.28,0,0,0.5,30512.56,2022,0,없음,,0,거짓,0.552,0.258,0,0,2,0.2,27
655,24.7543602,2.3463943,154,도로,1,862.506,0.539,0,0,0.5,30512.56,2022,0,없음,,0,거짓,0.551,0.258,0,0,2,0.2,25
656,25.46787125,1.716823471,154,도로,1,882.029,0.551,0,0,0.5,30512.56,2022,0,없음,,0,거짓,0.536,0.316,0,0,2,0.2,21
657,25.77316666,1.447444201,154,도로,1,615.213,0.385,30,1,0.5,30512.56,2022,0,없음,,0.2,거짓,0.529,0.348,0.1,0.15,2,0.2,29
658,25.77316666,1.453731376,154,도로,1,150.578,0.094,0,0,0.5,30512.56,2022,0,없음,,0,거짓,0.529,0.347,0,0,2,0.2,19
659,30.85549793,3.211210758,154,도로,1,880.239,0.55,0,0,0,0,0,0,없음,,0,거짓,0.43,0.199,0,0,0,0,17
660,30.75262125,3.227262694,154,도로,1,785.158,0.491,0,0,0,0,0,0,없음,,0,거짓,0.431,0.198,0,0,0,0,15
661,30.75262125,2.179083088,154,도로,1,821.853,0.514,0,0,0,0,0,0,없음,,0,거짓,0.431,0.272,0,0,0,0,16
662,30.75262125,1.814683587,154,도로,1,461.61,0.289,0,0,0,0,0,0,없음,,0,거짓,0.431,0.306,0,0,0,0,17
663,27.51623871,2.387755025,154,도로,1,831.966,0.52,0,0,0,0,0,0,없음,,0,거짓,0.493,0.255,0,0,0,0,19
664,24.17504246,2.979385996,154,도로,1,877.344,0.548,0,0,0,0,0,0,없음,,0,거짓,0.564,0.213,0,0,0,0,18
665,22.95778379,2.829320442,154,도로,1,856.638,0.535,0,0,0.3,1397.1,2022,0,없음,,0,거짓,0.593,0.223,0,0,1,0.1,19
666,19.14572339,2.359363667,154,도로,1,576.074,0.36,30,1,0.3,2234.3,2022,0,없음,,0.2,거짓,0.693,0.257,0.1,0.15,1,0.1,27
667,19.14572339,2.359363667,154,도로,1,863.689,0.54,30,1,0.3,2234.3,2022,0,없음,,0.2,거짓,0.693,0.257,0.1,0.15,1,0.1,30
668,15.36021335,1.260432242,154,도로,1,731.615,0.457,30,2,0.3,2234.3,2022,0,없음,,0.2,거짓,0.815,0.374,0.2,0.2,1,0.1,36
669,15.32981006,1.251606184,154,도로,1,712.586,0.445,30,3,0.3,2234.3,2022,0,없음,,0.2,거짓,0.816,0.375,0.4,0.3,1,0.1,37
670,14.66848517,0.45261299,154,도로,1,861.1,0.538,50,3,0.3,2234.3,2022,0,없음,,0.6,거짓,0.84,0.564,0.4,0.5,1,0.1,42
671,14.43857566,0.174843113,154,도로,1,833.357,0.521,50,2,0.3,4161,2022,0,없음,,0.6,거짓,0.849,0.741,0.2,0.4,1,0.1,46
672,14.66651376,0.528414094,131,상업·업무시설,1,51.098,0.032,30,2,0.3,2072.8,2022,0,없음,,0.2,거짓,0.84,0.535,0.2,0.2,1,0.1,39
673,14.90183387,0.893435849,131,상업·업무시설,1,0.036,0,100,2,0.3,2072.8,2022,0,없음,,1,거짓,0.832,0.438,0.2,0.6,1,0.1,37
674,15.42627196,1.112765968,131,상업·업무시설,1,30.367,0.019,50,1,0,0,0,0,없음,,0.6,거짓,0.812,0.397,0.1,0.35,0,0,35
675,17.06864243,1.799636953,154,도로,1,1173.096,0.733,50,1,0,0,0,0,없음,,0.6,거짓,0.757,0.307,0.1,0.35,0,0,29
676,17.06864243,1.799636953,131,상업·업무시설,1,179.353,0.112,100,1,0,0,0,0,없음,,1,거짓,0.757,0.307,0.1,0.55,0,0,32
677,18.49966552,1.839633816,154,도로,1,759.448,0.475,50,1,0,0,0,7,신논현역,2,0.6,참,0.712,0.303,0.1,0.35,0,0,50
678,18.51115877,1.83995505,154,도로,1,1131.114,0.707,50,1,0,0,0,7,신논현역,2,0.6,참,0.712,0.303,0.1,0.35,0,0,54
679,20.31821014,1.207653033,154,도로,1,1421.171,0.888,100,1,0,0,0,7,신논현역,2,1,참,0.66,0.382,0.1,0.55,0,0,58
680,20.94643131,0.987833321,154,도로,1,1601.211,1,50,1,0.7,19749.42,2022,7,신논현역,2,0.6,참,0.644,0.419,0.1,0.35,2,0.2,70
681,20.94643131,0.787287713,154,도로,1,1523.388,0.952,50,1,0.5,44306,2022,7,신논현역,2,0.6,참,0.644,0.461,0.1,0.35,2,0.2,67
682,20.94643131,0.580247221,154,도로,1,1030.919,0.644,100,1,0.7,19749.42,2022,8,신논현역,1,1,참,0.644,0.518,0.1,0.55,2,0.2,59
683,20.92301821,0.736009296,131,상업·업무시설,1,81.07,0.051,0,0,0,0,0,9,신논현역,9,0,참,0.644,0.474,0,0,0,0,52
684,20.84969598,1.22380573,154,도로,1,219.834,0.137,0,0,0,0,0,14,신논현역,7,0,참,0.646,0.379,0,0,0,0,44
685,20.84969598,1.22380573,154,도로,1,419.17,0.262,50,1,0.5,2545.16,2022,14,신논현역,7,0.6,참,0.646,0.379,0.1,0.35,2,0.2,48
686,17.01650579,1.441292856,154,도로,1,966.113,0.604,30,1,0.5,2545.16,2022,0,없음,,0.2,거짓,0.758,0.349,0.1,0.15,2,0.2,40
687,16.98571956,1.443039601,154,도로,1,490.452,0.307,30,1,0.5,2110.21,2022,0,없음,,0.2,거짓,0.759,0.348,0.1,0.15,2,0.2,33
688,15.54173331,1.126677646,154,도로,1,995.602,0.622,30,1,0.5,6008,2022,0,없음,,0.2,거짓,0.808,0.394,0.1,0.15,2,0.2,36
689,15.03973168,1.016694455,131,상업·업무시설,1,737.503,0.461,30,1,0.5,410.5,2022,0,없음,,0.2,거짓,0.827,0.414,0.1,0.15,2,0.2,36
690,14.88643467,0.902515716,154,도로,1,625.601,0.391,30,1,0.5,6008,2022,0,없음,,0.2,거짓,0.832,0.436,0.1,0.15,2,0.2,37
691,14.72817297,0.784639177,623,기타나지,0.7,6.614,0.003,30,1,0.5,6008,2022,0,없음,,0.2,거짓,0.838,0.462,0.1,0.15,2,0.2,40
692,14.88582439,0.786618767,154,도로,1,765.104,0.478,50,1,0.5,6008,2022,0,없음,,0.6,거짓,0.832,0.461,0.1,0.35,2,0.2,36
693,15.37953763,0.792818203,154,도로,1,778.966,0.487,50,2,0.5,6008,2022,0,없음,,0.6,거짓,0.814,0.46,0.2,0.4,2,0.2,37
694,15.37953763,0.792818203,141,문화·체육·휴양시설,1,907.485,0.567,30,2,0,0,0,0,없음,,0.2,거짓,0.814,0.46,0.2,0.2,0,0,38
695,13.9370117,0.654661426,141,문화·체육·휴양시설,1,1018.482,0.637,30,2,1.8,5722.62,2022,0,없음,,0.2,거짓,0.869,0.496,0.2,0.2,4,0.6,40
696,13.92542606,0.653551821,154,도로,1,953.444,0.596,30,2,1.8,5722.62,2022,0,없음,,0.2,거짓,0.869,0.496,0.2,0.2,4,0.6,45
697,14.66269874,0.428622185,154,도로,1,889.321,0.556,30,2,1.8,623,2022,0,없음,,0.2,거짓,0.841,0.574,0.2,0.2,4,0.6,44
698,14.91901148,0.350425426,154,도로,1,1033.6,0.646,30,3,1.8,660.67,2022,0,없음,,0.2,거짓,0.831,0.612,0.4,0.3,4,0.6,50
699,14.22850549,0.587023181,154,도로,1,548.604,0.343,30,4,1.8,660.67,2022,0,없음,,0.2,거짓,0.857,0.516,0.6,0.4,4,0.6,46
700,13.51563671,0.831283407,154,도로,1,1201.951,0.751,30,4,0.7,16171.52,2022,0,없음,,0.2,거짓,0.886,0.451,0.6,0.4,2,0.2,52
701,13.22038725,0.747247329,154,도로,1,1300.002,0.813,30,4,0.7,16171.52,2022,0,없음,,0.2,거짓,0.898,0.471,0.6,0.4,2,0.2,50
702,12.29576146,0.484073514,154,도로,1,1069.955,0.669,30,3,0.7,19446.73,2022,0,없음,,0.2,거짓,0.938,0.552,0.4,0.3,2,0.2,48
703,12.29576146,0.484073514,154,도로,1,1520.319,0.95,30,3,0.7,19446.73,2022,0,없음,,0.2,거짓,0.938,0.552,0.4,0.3,2,0.2,54
704,14.96690033,0.784620299,154,도로,1,1467.86,0.917,50,4,0.7,19446.73,2022,0,없음,,0.6,거짓,0.829,0.462,0.6,0.6,2,0.2,42
705,14.98835356,0.787034138,154,도로,1,790.184,0.494,50,3,0.7,19446.73,2022,0,없음,,0.6,거짓,0.828,0.461,0.4,0.5,2,0.2,37
706,14.98835356,0.445390521,423,기타초지,0.4,392.54,0.098,30,1,0,0,0,0,없음,,0.2,거짓,0.828,0.567,0.1,0.15,0,0,38
707,14.98835356,0.326618163,423,기타초지,0.4,4.321,0.001,30,1,0,0,0,0,없음,,0.2,거짓,0.828,0.625,0.1,0.15,0,0,40
708,15.17483639,0.475396835,154,도로,1,610.038,0.381,30,2,0,0,0,0,없음,,0.2,거짓,0.822,0.555,0.2,0.2,0,0,38
709,15.36735868,0.628993864,141,문화·체육·휴양시설,1,209.001,0.131,30,1,0,0,0,0,없음,,0.2,거짓,0.815,0.503,0.1,0.15,0,0,36
710,15.67401746,0.641054075,162,교육·행정시설,1,121.114,0.076,30,2,0,0,0,0,없음,,0.2,거짓,0.804,0.499,0.2,0.2,0,0,39
711,16.63437358,0.678822755,162,교육·행정시설,1,375.065,0.234,30,2,0,0,0,0,없음,,0.2,거짓,0.771,0.489,0.2,0.2,0,0,35
712,16.63437358,0.678822755,154,도로,1,1.959,0.001,30,1,0,0,0,0,없음,,0.2,거짓,0.771,0.489,0.1,0.15,0,0,34
713,17.57788284,0.907829953,154,도로,1,346.499,0.217,30,1,0.5,18374.3,2011,0,없음,,0.2,거짓,0.74,0.435,0.1,0.15,2,0.2,33
714,17.58546063,0.909669222,154,도로,1,709.998,0.444,30,1,0.5,18374.3,2011,0,없음,,0.2,거짓,0.74,0.434,0.1,0.15,2,0.2,32
715,18.49074968,0.813103182,112,공동주거시설,1,559.409,0.35,50,1,0.5,18374.3,2011,0,없음,,0.6,거짓,0.712,0.455,0.1,0.35,2,0.2,34
716,18.8054733,0.779532011,423,기타초지,0.4,277.245,0.069,30,1,0.5,18374.3,2011,0,없음,,0.2,거짓,0.703,0.463,0.1,0.15,2,0.2,34
717,18.57493644,0.690721435,623,기타나지,0.7,290.358,0.127,100,1,0.5,23051.1,2011,0,없음,,1,거짓,0.71,0.486,0.1,0.55,2,0.2,35
718,18.3369334,0.599034633,623,기타나지,0.7,152.031,0.067,50,1,0.5,23051.1,2011,0,없음,,0.6,거짓,0.717,0.512,0.1,0.35,2,0.2,37
719,18.38634055,0.801593703,154,도로,1,327.174,0.204,100,1,0.5,23051.1,2011,0,없음,,1,거짓,0.716,0.458,0.1,0.55,2,0.2,36
720,18.54106776,1.43594319,623,기타나지,0.7,0.023,0,30,1,0.5,23051.1,2011,0,없음,,0.2,거짓,0.711,0.349,0.1,0.15,2,0.2,32
721,18.54106776,1.43594319,423,기타초지,0.4,16.681,0.004,50,1,0.5,23051.1,2011,0,없음,,0.6,거짓,0.711,0.349,0.1,0.35,2,0.2,31
722,21.48934422,2.324609514,423,기타초지,0.4,276.487,0.069,30,1,0.7,60419.21,2022,0,없음,,0.2,거짓,0.629,0.26,0.1,0.15,2,0.2,27
723,21.51302327,2.33174683,423,기타초지,0.4,1376.595,0.344,50,1,0.7,60419.21,2022,0,없음,,0.6,거짓,0.629,0.259,0.1,0.35,2,0.2,28
724,24.41783456,1.976080367,423,기타초지,0.4,1445.649,0.361,30,1,0.7,60419.21,2022,0,없음,,0.2,거짓,0.559,0.29,0.1,0.15,2,0.2,26
725,25.42769182,1.852432969,154,도로,1,410.746,0.257,30,1,0.5,30512.56,2022,0,없음,,0.2,거짓,0.536,0.302,0.1,0.15,2,0.2,25
726,25.42553476,1.614208103,154,도로,1,989.959,0.619,30,1,0.5,30512.56,2022,0,없음,,0.2,거짓,0.537,0.327,0.1,0.15,2,0.2,28
727,25.39444955,1.35438111,154,도로,1,786.192,0.491,30,1,0.5,30512.56,2022,0,없음,,0.2,거짓,0.537,0.36,0.1,0.15,2,0.2,34
728,36.49208069,5.780430794,154,도로,1,82.606,0.052,0,0,0,0,0,0,없음,,0,거짓,0.337,0.09,0,0,0,0,11
729,31.25354948,3.174084995,154,도로,1,502.117,0.314,0,0,0,0,0,0,없음,,0,거짓,0.423,0.202,0,0,0,0,15
730,31.2153244,3.155066729,154,도로,1,639.188,0.399,0,0,0,0,0,0,없음,,0,거짓,0.423,0.203,0,0,0,0,14
731,31.2153244,2.150822859,154,도로,1,323.547,0.202,0,0,0,0,0,0,없음,,0,거짓,0.423,0.274,0,0,0,0,15
732,31.2153244,1.801697612,154,도로,1,430.475,0.269,0,0,0,0,0,0,없음,,0,거짓,0.423,0.307,0,0,0,0,16
733,27.83595602,2.388011851,154,도로,1,541.918,0.339,0,0,0,0,0,0,없음,,0,거짓,0.487,0.255,0,0,0,0,16
734,24.34714317,2.993314505,154,도로,1,545.277,0.341,0,0,0,0,0,0,없음,,0,거짓,0.56,0.212,0,0,0,0,17
735,23.11462297,2.842809419,111,단독주거시설,1,22.494,0.014,0,0,0.3,1397.1,2022,0,없음,,0,거짓,0.589,0.222,0,0,1,0.1,17
736,19.25476837,2.371476173,131,상업·업무시설,1,63.077,0.039,30,1,0.3,2234.3,2022,0,없음,,0.2,거짓,0.69,0.256,0.1,0.15,1,0.1,28
737,19.25476837,2.371476173,112,공동주거시설,1,204.375,0.128,30,1,0.3,2234.3,2022,0,없음,,0.2,거짓,0.69,0.256,0.1,0.15,1,0.1,29
738,15.3091493,1.264215766,154,도로,1,563.692,0.352,30,1,0.3,2234.3,2022,0,없음,,0.2,거짓,0.817,0.373,0.1,0.15,1,0.1,34
739,15.2774601,1.255322814,154,도로,1,387.038,0.242,50,3,0.3,4545,2022,0,없음,,0.6,거짓,0.818,0.374,0.4,0.5,1,0.1,34
740,14.6088428,0.43110068,112,공동주거시설,1,36.275,0.023,30,2,0.3,4161,2022,0,없음,,0.2,거짓,0.843,0.573,0.2,0.2,1,0.1,39
741,14.37639809,0.144559965,112,공동주거시설,1,30.924,0.019,30,2,0.3,4161,2022,0,없음,,0.2,거짓,0.851,0.777,0.2,0.2,1,0.1,43
742,14.63573274,0.540961672,111,단독주거시설,1,10.563,0.007,100,2,0.3,2072.8,2022,0,없음,,1,거짓,0.842,0.531,0.2,0.6,1,0.1,38
743,14.90346622,0.950201273,111,단독주거시설,1,51.369,0.032,50,1,0.2,151.46,2022,0,없음,,0.6,거짓,0.832,0.426,0.1,0.35,1,0.1,35
744,15.45429342,1.173536559,111,단독주거시설,1,113.208,0.071,0,0,0.2,253.45,2022,0,없음,,0,거짓,0.811,0.387,0,0,1,0.1,32
745,17.17930603,1.872950435,154,도로,1,395.97,0.247,0,0,0.2,253.45,2022,0,없음,,0,거짓,0.753,0.3,0,0,1,0.1,22
746,17.17930603,1.872950435,154,도로,1,482.049,0.301,0,0,0,0,0,0,없음,,0,거짓,0.753,0.3,0,0,0,0,22
747,18.65734151,1.848164547,131,상업·업무시설,1,36.889,0.023,100,1,0,0,0,13,신논현역,3,1,참,0.707,0.302,0.1,0.55,0,0,40
748,18.66921234,1.847965479,131,상업·업무시설,1,87.172,0.054,100,1,0,0,0,7,신논현역,2,1,참,0.707,0.302,0.1,0.55,0,0,52
749,20.42297829,1.153519397,131,상업·업무시설,1,228.52,0.143,0,0,0,0,0,7,신논현역,2,0,참,0.658,0.39,0,0,0,0,53
750,21.03267479,0.912095308,154,도로,1,701.437,0.438,50,1,0.5,44306,2022,7,신논현역,2,0.6,참,0.641,0.434,0.1,0.35,2,0.2,54
751,21.03267479,0.692290515,154,도로,1,768.531,0.48,100,1,0.7,19749.42,2022,8,신논현역,1,1,참,0.641,0.485,0.1,0.55,2,0.2,56
752,21.03267479,0.465367109,154,도로,1,811.534,0.507,100,1,0.7,19749.42,2022,10,신논현역,8,1,참,0.641,0.559,0.1,0.55,2,0.2,61
753,21.0576006,0.632586915,131,상업·업무시설,1,65.818,0.041,100,1,0.7,19749.42,2022,10,신논현역,8,1,참,0.641,0.502,0.1,0.55,2,0.2,59
754,21.13566017,1.156265259,623,기타나지,0.7,42.208,0.018,100,1,0.7,19749.42,2022,14,신논현역,7,1,참,0.639,0.39,0.1,0.55,2,0.2,54
755,21.13566017,1.156265259,154,도로,1,181.676,0.114,100,1,0.5,2545.16,2022,14,신논현역,7,1,참,0.639,0.39,0.1,0.55,2,0.2,42
756,16.99033583,1.417456124,154,도로,1,583.774,0.365,30,1,0.5,2545.16,2022,0,없음,,0.2,거짓,0.759,0.352,0.1,0.15,2,0.2,32
757,16.95704269,1.419553876,154,도로,1,756.113,0.473,30,1,0.5,2545.16,2022,0,없음,,0.2,거짓,0.76,0.351,0.1,0.15,2,0.2,33
758,15.59023298,1.116932,131,상업·업무시설,1,12.07,0.008,50,1,0.5,6008,2022,0,없음,,0.6,거짓,0.807,0.396,0.1,0.35,2,0.2,35
759,15.11506176,1.011725545,154,도로,1,174.057,0.109,30,1,0.5,6008,2022,0,없음,,0.2,거짓,0.824,0.414,0.1,0.15,2,0.2,35
760,14.96400817,0.908618921,154,도로,1,509.85,0.319,50,1,0.3,592.4,2011,0,없음,,0.6,거짓,0.829,0.434,0.1,0.35,1,0.1,35
761,14.80806255,0.802173078,623,기타나지,0.7,94.444,0.041,100,1,0.5,6008,2022,0,없음,,1,거짓,0.835,0.458,0.1,0.55,2,0.2,35
762,14.97671178,0.808998546,154,도로,1,6.763,0.004,50,1,0.5,6008,2022,0,없음,,0.6,거짓,0.829,0.456,0.1,0.35,2,0.2,34
763,15.5048666,0.830373704,423,기타초지,0.4,81.81,0.02,50,1,0.5,6008,2022,0,없음,,0.6,거짓,0.81,0.451,0.1,0.35,2,0.2,33
764,15.5048666,0.830373704,423,기타초지,0.4,26.254,0.007,100,1,0.5,6008,2022,0,없음,,1,거짓,0.81,0.451,0.1,0.55,2,0.2,32
765,14.02596735,0.692724507,154,도로,1,337.881,0.211,30,1,1.8,5722.62,2022,0,없음,,0.2,거짓,0.865,0.485,0.1,0.15,4,0.6,38
766,14.01408958,0.691618979,154,도로,1,327.031,0.204,30,1,1.8,5722.62,2022,0,없음,,0.2,거짓,0.866,0.485,0.1,0.15,4,0.6,37
767,14.66462058,0.454501537,154,도로,1,284.83,0.178,30,3,1.8,1600.02,2022,0,없음,,0.2,거짓,0.84,0.563,0.4,0.3,4,0.6,39
768,14.89077759,0.37206769,154,도로,1,445.129,0.278,50,3,1.8,4284.4,2022,0,없음,,0.6,거짓,0.832,0.601,0.4,0.5,4,0.6,42
769,14.21691929,0.595216146,154,도로,1,445.249,0.278,30,4,0.7,16171.52,2022,0,없음,,0.2,거짓,0.858,0.513,0.6,0.4,2,0.2,43
770,13.52123737,0.825591505,154,도로,1,656.039,0.41,30,4,0.7,16171.52,2022,0,없음,,0.2,거짓,0.885,0.452,0.6,0.4,2,0.2,48
771,13.2287275,0.741994928,154,도로,1,436.835,0.273,30,4,0.7,16171.52,2022,0,없음,,0.2,거짓,0.897,0.472,0.6,0.4,2,0.2,44
772,12.3126812,0.480197489,154,도로,1,412.32,0.258,30,4,0,0,0,0,없음,,0.2,거짓,0.937,0.553,0.6,0.4,0,0,45
773,12.3126812,0.480197489,131,상업·업무시설,1,219.036,0.137,50,4,0.5,670,2011,0,없음,,0.6,거짓,0.937,0.553,0.6,0.6,2,0.2,44
774,14.98120469,0.776256987,154,도로,1,549.649,0.344,50,3,0.7,19446.73,2022,0,없음,,0.6,거짓,0.829,0.464,0.4,0.5,2,0.2,40
775,15.00263691,0.778634787,423,기타초지,0.4,6.995,0.002,50,3,0.7,19446.73,2022,0,없음,,0.6,거짓,0.828,0.463,0.4,0.5,2,0.2,40
776,15.00263691,0.421498329,423,기타초지,0.4,57.073,0.014,100,3,0.7,19446.73,2022,0,없음,,1,거짓,0.828,0.578,0.4,0.7,2,0.2,38
777,15.00263691,0.297339886,141,문화·체육·휴양시설,1,63.599,0.04,30,1,0.7,19446.73,2022,0,없음,,0.2,거짓,0.828,0.643,0.1,0.15,2,0.2,40
778,15.15199467,0.430620953,154,도로,1,458.437,0.287,30,1,0.7,19446.73,2022,0,없음,,0.2,거짓,0.822,0.574,0.1,0.15,2,0.2,38
779,15.30618954,0.56821847,141,문화·체육·휴양시설,1,227.779,0.142,30,2,0,0,0,0,없음,,0.2,거짓,0.817,0.522,0.2,0.2,0,0,38
780,15.608356,0.565345206,141,문화·체육·휴양시설,1,585.215,0.366,30,2,0,0,0,0,없음,,0.2,거짓,0.806,0.523,0.2,0.2,0,0,42
781,16.55464363,0.556347072,423,기타초지,0.4,323.078,0.081,30,1,0,0,0,0,없음,,0.2,거짓,0.774,0.526,0.1,0.15,0,0,33
782,16.55464363,0.556347072,131,상업·업무시설,1,26.719,0.017,30,1,0,0,0,0,없음,,0.2,거짓,0.774,0.526,0.1,0.15,0,0,33
783,17.55721163,0.73087354,154,도로,1,27.194,0.017,30,1,0,0,0,0,없음,,0.2,거짓,0.741,0.475,0.1,0.15,0,0,33
784,17.56526375,0.732275248,154,도로,1,582.922,0.364,50,1,0.3,503.9,2011,0,없음,,0.6,거짓,0.741,0.475,0.1,0.35,1,0.1,33
785,18.39492546,0.654217459,154,도로,1,450.863,0.282,30,1,0.7,6024.84,2022,0,없음,,0.2,거짓,0.715,0.496,0.1,0.15,2,0.2,35
786,18.68335724,0.627080679,154,도로,1,469.584,0.293,50,1,0.7,6024.84,2022,0,없음,,0.6,거짓,0.707,0.504,0.1,0.35,2,0.2,35
787,18.52278843,0.577101854,131,상업·업무시설,1,300.27,0.188,30,1,0.5,23051.1,2011,0,없음,,0.2,거짓,0.711,0.519,0.1,0.15,2,0.2,34
788,18.35701942,0.52550441,154,도로,1,520.547,0.325,30,1,0.5,23051.1,2011,0,없음,,0.2,거짓,0.716,0.536,0.1,0.15,2,0.2,35
789,18.36213578,0.736960522,623,기타나지,0.7,67.745,0.03,30,1,0.5,23051.1,2011,0,없음,,0.2,거짓,0.716,0.473,0.1,0.15,2,0.2,33
790,18.37815857,1.399172664,423,기타초지,0.4,107.957,0.027,30,1,0.5,23051.1,2011,0,없음,,0.2,거짓,0.716,0.354,0.1,0.15,2,0.2,31
791,18.37815857,1.399172664,154,도로,1,43.451,0.027,50,1,0.5,23051.1,2011,0,없음,,0.6,거짓,0.716,0.354,0.1,0.35,2,0.2,29
792,21.16798886,2.322870219,423,기타초지,0.4,2.142,0.001,50,1,0.7,60419.21,2022,0,없음,,0.6,거짓,0.638,0.26,0.1,0.35,2,0.2,26
793,21.19039536,2.330288887,112,공동주거시설,1,20.579,0.013,30,1,0.7,60419.21,2022,0,없음,,0.2,거짓,0.637,0.259,0.1,0.15,2,0.2,26
794,24.30909078,2.005616143,154,도로,1,160.353,0.1,30,1,0.7,60419.21,2022,0,없음,,0.2,거짓,0.561,0.287,0.1,0.15,2,0.2,26
795,25.39330482,1.892743707,423,기타초지,0.4,0.08,0,30,1,0.7,60419.21,2022,0,없음,,0.2,거짓,0.537,0.298,0.1,0.15,2,0.2,26
796,25.39330482,1.627641874,154,도로,1,604.6,0.378,30,2,0.7,60419.21,2022,0,없음,,0.2,거짓,0.537,0.326,0.2,0.2,2,0.2,29
797,25.39330482,1.353954434,154,도로,1,174.008,0.109,30,1,0.7,19036.29,2022,0,없음,,0.2,거짓,0.537,0.36,0.1,0.15,2,0.2,28
798,32.8887504,5.606561067,154,도로,1,739.763,0.462,0,0,0,0,0,0,없음,,0,거짓,0.394,0.096,0,0,0,0,15
799,26.0708947,3.753633078,154,도로,1,746.288,0.466,0,0,0.3,213.3,2012,0,없음,,0,거짓,0.523,0.17,0,0,1,0.1,16
800,26.01299283,3.738599583,154,도로,1,776.678,0.485,0,0,0.2,317.54,2022,0,없음,,0,거짓,0.524,0.171,0,0,1,0.1,17
801,26.01299283,2.986379976,154,도로,1,836.969,0.523,0,0,0.2,317.54,2022,0,없음,,0,거짓,0.524,0.213,0,0,1,0.1,17
802,26.01299283,2.72487093,154,도로,1,787.336,0.492,0,0,0.2,203.55,2022,0,없음,,0,거짓,0.524,0.23,0,0,1,0.1,17
803,23.95342714,2.742989813,154,도로,1,788.935,0.493,0,0,0.2,213.37,2022,0,없음,,0,거짓,0.569,0.229,0,0,1,0.1,18
804,21.8271602,2.761695496,154,도로,1,974.204,0.609,0,0,0.2,218.48,2022,0,없음,,0,거짓,0.621,0.227,0,0,1,0.1,21
805,21.03782771,2.582164294,111,단독주거시설,1,137.976,0.086,30,1,0.2,245.16,2022,0,없음,,0.2,거짓,0.641,0.24,0.1,0.15,1,0.1,27
806,18.56589367,2.019930642,154,도로,1,897.063,0.561,30,1,0.3,1397.1,2022,0,없음,,0.2,거짓,0.71,0.286,0.1,0.15,1,0.1,30
807,18.56589367,2.019930642,154,도로,1,649.335,0.406,30,1,0.3,1397.1,2022,0,없음,,0.2,거짓,0.71,0.286,0.1,0.15,1,0.1,29
808,15.45041511,1.098472586,154,도로,1,765.768,0.479,30,2,0.3,4545,2022,0,없음,,0.2,거짓,0.812,0.399,0.2,0.2,1,0.1,36
809,15.42539317,1.091071904,154,도로,1,1005.872,0.629,50,2,0.3,4545,2022,0,없음,,0.6,거짓,0.813,0.4,0.2,0.4,1,0.1,37
810,15.04138349,0.636179017,154,도로,1,802.547,0.502,30,2,0.3,4161,2022,0,없음,,0.2,거짓,0.826,0.501,0.2,0.2,1,0.1,39
811,14.90788257,0.478035565,154,도로,1,460.571,0.288,30,1,0.3,2072.8,2022,0,없음,,0.2,거짓,0.831,0.554,0.1,0.15,1,0.1,38
812,15.08733301,0.936496087,154,도로,1,701.159,0.438,30,1,0.3,2072.8,2022,0,없음,,0.2,거짓,0.825,0.429,0.1,0.15,1,0.1,36
813,15.27259514,1.409804344,154,도로,1,805.423,0.503,100,1,0.3,2331.1,2022,0,없음,,1,거짓,0.818,0.353,0.1,0.55,1,0.1,33
814,16.11660609,1.762943983,154,도로,1,543.845,0.34,50,1,0.2,289.64,2022,0,없음,,0.6,거짓,0.788,0.311,0.1,0.35,1,0.1,28
815,18.75977536,2.868863102,154,도로,1,696.508,0.435,0,0,0.2,289.64,2022,0,없음,,0,거짓,0.704,0.22,0,0,1,0.1,21
816,18.75977536,2.868863102,154,도로,1,855.9,0.535,0,0,0,0,0,0,없음,,0,거짓,0.704,0.22,0,0,0,0,20
817,22.20420874,2.610957036,154,도로,1,991.268,0.62,0,0,0,0,0,13,신논현역,3,0,참,0.611,0.238,0,0,0,0,24
818,22.23187267,2.608885665,131,상업·업무시설,1,175.652,0.11,0,0,0,0,0,12,신논현역,4,0,참,0.611,0.238,0,0,0,0,46
819,21.39587748,2.115842406,131,상업·업무시설,1,0.524,0,100,1,0,0,0,11,신논현역,5,1,참,0.632,0.277,0.1,0.55,0,0,54
820,21.10524386,1.944435982,131,상업·업무시설,1,37.429,0.023,50,1,0,0,0,10,신논현역,8,0.6,참,0.639,0.293,0.1,0.35,0,0,51
821,21.10524386,1.604541165,131,상업·업무시설,1,76.219,0.048,100,1,0,0,0,10,신논현역,8,1,참,0.639,0.329,0.1,0.55,0,0,49
822,21.10524386,1.253638489,131,상업·업무시설,1,746.919,0.467,100,1,0,0,0,10,신논현역,8,1,참,0.639,0.375,0.1,0.55,0,0,52
823,20.71340707,1.303854957,154,도로,1,996.385,0.623,30,2,0.5,44306,2022,14,신논현역,7,0.2,참,0.65,0.367,0.2,0.2,2,0.2,54
824,19.48630098,1.461116693,154,도로,1,1303.991,0.815,50,1,0.5,44306,2022,14,신논현역,7,0.6,참,0.683,0.346,0.1,0.35,2,0.2,60
825,19.48630098,1.461116693,154,도로,1,1600.682,1,100,1,0.7,19749.42,2022,14,신논현역,7,1,참,0.683,0.346,0.1,0.55,2,0.2,65
826,17.57929721,1.59910166,154,도로,1,1533.886,0.959,30,1,0.7,19749.42,2022,0,없음,,0.2,거짓,0.74,0.329,0.1,0.15,2,0.2,40
827,17.56398113,1.600209885,154,도로,1,1173.784,0.734,30,1,0.7,19749.42,2022,0,없음,,0.2,거짓,0.741,0.329,0.1,0.15,2,0.2,40
828,16.75362054,1.505541186,154,도로,1,659.903,0.412,30,1,0.7,19749.42,2022,0,없음,,0.2,거짓,0.767,0.34,0.1,0.15,2,0.2,34
829,16.47189879,1.472629625,154,도로,1,880.336,0.55,30,1,0.7,19749.42,2022,0,없음,,0.2,거짓,0.776,0.345,0.1,0.15,2,0.2,34
830,16.18268018,1.264072021,131,상업·업무시설,1,99.009,0.062,30,1,0.5,6008,2022,0,없음,,0.2,거짓,0.786,0.373,0.1,0.15,2,0.2,33
831,15.88409492,1.048760055,154,도로,1,1004.981,0.628,30,1,0.5,6008,2022,0,없음,,0.2,거짓,0.796,0.408,0.1,0.15,2,0.2,37
832,15.91599475,0.997442406,154,도로,1,434.581,0.272,30,1,0.5,512.8,2011,0,없음,,0.2,거짓,0.795,0.417,0.1,0.15,2,0.2,34
833,16.01589469,0.83673213,131,상업·업무시설,1,239.559,0.15,30,1,0.3,397.4,2011,0,없음,,0.2,거짓,0.792,0.45,0.1,0.15,1,0.1,34
834,16.01589469,0.83673213,154,도로,1,675.307,0.422,30,1,1.8,5722.62,2022,0,없음,,0.2,거짓,0.792,0.45,0.1,0.15,4,0.6,34
835,15.52852176,0.718663636,131,상업·업무시설,1,580.084,0.363,30,1,1.8,5722.62,2022,0,없음,,0.2,거짓,0.809,0.478,0.1,0.15,4,0.6,41
836,15.52460743,0.71771537,154,도로,1,1269.51,0.793,30,2,1.8,1578.95,2022,0,없음,,0.2,거짓,0.809,0.478,0.2,0.2,4,0.6,44
837,15.15280406,0.629405566,154,도로,1,1111.267,0.695,50,1,1.8,1578.95,2022,0,없음,,0.6,거짓,0.822,0.503,0.1,0.35,4,0.6,42
838,15.02354667,0.598704675,154,도로,1,1139.18,0.712,50,3,1.8,1578.95,2022,0,없음,,0.6,거짓,0.827,0.512,0.4,0.5,4,0.6,44
839,14.5548892,0.712820756,154,도로,1,937.52,0.586,30,2,0.7,16171.52,2022,0,없음,,0.2,거짓,0.845,0.48,0.2,0.2,2,0.2,45
840,14.07105375,0.830632609,154,도로,1,1570.045,0.981,30,4,0.7,16171.52,2022,0,없음,,0.2,거짓,0.863,0.451,0.6,0.4,2,0.2,51
841,13.8143628,0.788965516,131,상업·업무시설,1,870.256,0.544,30,4,0,0,0,0,없음,,0.2,거짓,0.873,0.461,0.6,0.4,0,0,48
842,13.01048977,0.658477658,131,상업·업무시설,1,77.605,0.049,30,4,0,0,0,0,없음,,0.2,거짓,0.907,0.494,0.6,0.4,0,0,45
843,13.01048977,0.658477658,131,상업·업무시설,1,730.74,0.457,30,3,0,0,0,0,없음,,0.2,거짓,0.907,0.494,0.4,0.3,0,0,43
844,14.94427847,0.847493931,131,상업·업무시설,1,632.028,0.395,30,2,0,0,0,0,없음,,0.2,거짓,0.83,0.447,0.2,0.2,0,0,40
845,14.95980968,0.849012013,154,도로,1,840.359,0.525,30,2,0.7,9277.2,2022,0,없음,,0.2,거짓,0.829,0.447,0.2,0.2,2,0.2,37
846,14.95980968,0.567350468,154,도로,1,386.598,0.242,100,2,0.7,19446.73,2022,0,없음,,1,거짓,0.829,0.522,0.2,0.6,2,0.2,37
847,14.95980968,0.46943087,154,도로,1,1597.894,0.999,30,2,0.7,19446.73,2022,0,없음,,0.2,거짓,0.829,0.557,0.2,0.2,2,0.2,48
848,15.60636675,0.490888804,154,도로,1,1420.843,0.888,30,1,0.7,19446.73,2022,0,없음,,0.2,거짓,0.806,0.549,0.1,0.15,2,0.2,40
849,16.27386326,0.513041677,154,도로,1,1435.323,0.897,100,2,0.7,19446.73,2022,0,없음,,1,거짓,0.783,0.541,0.2,0.6,2,0.2,47
850,16.31053422,0.476491211,154,도로,1,966.82,0.604,50,2,0.7,19446.73,2022,0,없음,,0.6,거짓,0.782,0.555,0.2,0.4,2,0.2,42
851,16.42537577,0.362026973,112,공동주거시설,1,329.416,0.206,30,1,0,0,0,0,없음,,0.2,거짓,0.778,0.606,0.1,0.15,0,0,38
852,16.42537577,0.362026973,131,상업·업무시설,1,2.732,0.002,30,1,0,0,0,0,없음,,0.2,거짓,0.778,0.606,0.1,0.15,0,0,37
853,17.28277659,0.521241065,154,도로,1,539.911,0.337,30,1,0.7,1050.35,2022,0,없음,,0.2,거짓,0.75,0.538,0.1,0.15,2,0.2,36
854,17.2896628,0.522519792,131,상업·업무시설,1,117.9,0.074,100,1,0.3,503.9,2011,0,없음,,1,거짓,0.75,0.538,0.1,0.55,1,0.1,39
855,17.42973884,0.630556406,154,도로,1,1167.666,0.73,30,2,0.7,6024.84,2022,0,없음,,0.2,거짓,0.745,0.503,0.2,0.2,2,0.2,43
856,17.47843626,0.668115321,154,도로,1,926.618,0.579,30,2,0.7,6024.84,2022,0,없음,,0.2,거짓,0.744,0.492,0.2,0.2,2,0.2,36
857,17.67307228,0.614087791,154,도로,1,294.21,0.184,30,1,0,0,0,0,없음,,0.2,거짓,0.737,0.507,0.1,0.15,0,0,38
858,17.8740118,0.55831052,423,기타초지,0.4,9.046,0.002,30,1,0.5,23051.1,2011,0,없음,,0.2,거짓,0.731,0.525,0.1,0.15,2,0.2,36
859,17.90175416,0.663411659,423,기타초지,0.4,167.86,0.042,30,1,0.5,23051.1,2011,0,없음,,0.2,거짓,0.73,0.493,0.1,0.15,2,0.2,36
860,17.98863426,0.992554427,112,공동주거시설,1,4.152,0.003,50,1,0.5,23051.1,2011,0,없음,,0.6,거짓,0.728,0.418,0.1,0.35,2,0.2,33
861,17.98863426,0.992554427,423,기타초지,0.4,32.406,0.008,30,1,0.7,60419.21,2022,0,없음,,0.2,거짓,0.728,0.418,0.1,0.15,2,0.2,31
862,19.80779254,1.792173853,423,기타초지,0.4,1.141,0,100,1,0.7,60419.21,2022,0,없음,,1,거짓,0.674,0.308,0.1,0.55,2,0.2,29
863,19.82240309,1.798595989,141,문화·체육·휴양시설,1,7.588,0.005,50,1,0.7,60419.21,2022,0,없음,,0.6,거짓,0.674,0.307,0.1,0.35,2,0.2,28
864,21.61298782,1.801600329,112,공동주거시설,1,4.213,0.003,50,1,0.7,60419.21,2022,0,없음,,0.6,거짓,0.626,0.307,0.1,0.35,2,0.2,27
865,22.23548437,1.802644788,131,상업·업무시설,1,5.153,0.003,30,2,0.7,60419.21,2022,0,없음,,0.2,거짓,0.611,0.307,0.2,0.2,2,0.2,29
866,22.45484561,1.679838824,154,도로,1,1197.9,0.749,50,2,0.7,60419.21,2022,0,없음,,0.6,거짓,0.605,0.32,0.2,0.4,2,0.2,32
867,25.39330482,1.353954434,154,도로,1,7.465,0.005,30,1,0.7,19036.29,2022,0,없음,,0.2,거짓,0.537,0.36,0.1,0.15,2,0.2,25
868,31.62179565,5.545427322,154,도로,1,18.651,0.012,100,1,0,0,0,0,없음,,1,거짓,0.416,0.098,0.1,0.55,0,0,22
869,31.62179565,5.545427322,154,도로,1,960.946,0.601,100,1,0,0,0,0,없음,,1,거짓,0.416,0.098,0.1,0.55,0,0,24
870,23.39281977,4.051906469,112,공동주거시설,1,117.355,0.073,0,0,0.3,213.3,2012,0,없음,,0,거짓,0.583,0.156,0,0,1,0.1,17
871,23.32672882,4.03991127,112,공동주거시설,1,135.08,0.084,0,0,0.2,260.94,2022,0,없음,,0,거짓,0.584,0.157,0,0,1,0.1,18
872,23.32672882,3.417826335,154,도로,1,840.162,0.525,0,0,0.2,260.94,2022,0,없음,,0,거짓,0.584,0.188,0,0,1,0.1,18
873,23.32672882,3.20155859,154,도로,1,694.749,0.434,100,1,0.3,1444,2022,0,없음,,1,거짓,0.584,0.2,0.1,0.55,1,0.1,20
874,21.94865342,2.926285421,111,단독주거시설,1,53.705,0.034,0,0,0.2,218.48,2022,0,없음,,0,거짓,0.618,0.217,0,0,1,0.1,21
875,20.52594757,2.642097235,154,도로,1,697.73,0.436,30,1,0.3,1444,2022,0,없음,,0.2,거짓,0.655,0.236,0.1,0.15,1,0.1,28
876,19.96545847,2.447578174,131,상업·업무시설,1,89.417,0.056,30,1,0.3,1397.1,2022,0,없음,,0.2,거짓,0.67,0.25,0.1,0.15,1,0.1,30
877,18.21018791,1.838407397,154,도로,1,799.964,0.5,30,1,0.3,1397.1,2022,0,없음,,0.2,거짓,0.721,0.303,0.1,0.15,1,0.1,31
878,18.21018791,1.838407397,154,도로,1,749.335,0.468,30,1,0.3,778.2,2022,0,없음,,0.2,거짓,0.721,0.303,0.1,0.15,1,0.1,31
879,15.5233588,1.012889817,154,도로,1,861.72,0.539,30,2,0.3,4545,2022,0,없음,,0.2,거짓,0.809,0.414,0.2,0.2,1,0.1,36
880,15.50177956,1.00625968,154,도로,1,260.553,0.163,30,1,0.3,4545,2022,0,없음,,0.2,거짓,0.81,0.415,0.1,0.15,1,0.1,35
881,15.26472921,0.742072797,131,상업·업무시설,1,17.009,0.011,50,1,0.3,2072.8,2022,0,없음,,0.6,거짓,0.818,0.472,0.1,0.35,1,0.1,37
882,15.18231869,0.650228262,131,상업·업무시설,1,36.249,0.023,30,1,0.3,2072.8,2022,0,없음,,0.2,거짓,0.821,0.497,0.1,0.15,1,0.1,40
883,15.32052029,1.140733331,154,도로,1,748.698,0.468,50,1,0.3,2072.8,2022,0,없음,,0.6,거짓,0.816,0.392,0.1,0.35,1,0.1,35
884,15.46319771,1.647123933,131,상업·업무시설,1,74.73,0.047,30,1,0,0,0,0,없음,,0.2,거짓,0.811,0.324,0.1,0.15,0,0,32
885,16.45859634,2.06728905,111,단독주거시설,1,62.332,0.039,0,0,0.2,289.64,2022,0,없음,,0,거짓,0.777,0.281,0,0,1,0.1,28
886,19.57586288,3.383110285,154,도로,1,916.555,0.573,100,1,0.2,289.64,2022,0,없음,,1,거짓,0.681,0.19,0.1,0.55,1,0.1,22
887,19.57586288,3.383110285,154,도로,1,816.437,0.51,0,0,0.2,142.56,2022,0,없음,,0,거짓,0.681,0.19,0,0,1,0.1,19
888,24.03566097,3.004830817,154,도로,1,984.269,0.615,0,0,0,0,0,0,없음,,0,거짓,0.568,0.212,0,0,0,0,18
889,24.0714798,3.001792669,131,상업·업무시설,1,20.128,0.013,0,0,0,0,0,12,신논현역,4,0,참,0.567,0.212,0,0,0,0,35
890,21.89824147,2.61274531,131,상업·업무시설,1,11.994,0.007,100,1,0,0,0,11,신논현역,5,1,참,0.619,0.238,0.1,0.55,0,0,46
891,21.14271545,2.477493048,131,상업·업무시설,1,10.031,0.006,0,0,0,0,0,11,신논현역,5,0,참,0.638,0.248,0,0,0,0,48
892,21.14271545,2.07558882,131,상업·업무시설,1,60.299,0.038,0,0,0,0,0,11,신논현역,5,0,참,0.638,0.281,0,0,0,0,44
893,21.14271545,1.660668492,154,도로,1,825.139,0.516,100,1,0.2,212.8000153,2024,11,신논현역,5,1,참,0.638,0.322,0.1,0.55,1,0.1,48
894,20.53568008,1.650469385,131,상업·업무시설,1,0.48,0,30,1,0,0,0,15,신논현역,6,0.2,참,0.654,0.323,0.1,0.15,0,0,48
895,18.63464165,1.618529081,131,상업·업무시설,1,37.134,0.023,30,1,0,0,0,15,신논현역,6,0.2,참,0.708,0.327,0.1,0.15,0,0,50
896,18.63464165,1.618529081,131,상업·업무시설,1,30.233,0.019,30,1,0,0,0,15,신논현역,6,0.2,참,0.708,0.327,0.1,0.15,0,0,48
897,17.88341196,1.692895734,154,도로,1,833.188,0.521,50,1,0.5,44306,2022,0,없음,,0.6,거짓,0.731,0.319,0.1,0.35,2,0.2,32
898,17.87737846,1.693493009,154,도로,1,1360.902,0.851,30,1,0.7,19749.42,2022,0,없음,,0.2,거짓,0.731,0.319,0.1,0.15,2,0.2,40
899,17.35434468,1.706202534,154,도로,1,1593.589,0.996,30,1,0.7,19749.42,2022,0,없음,,0.2,거짓,0.747,0.317,0.1,0.15,2,0.2,45
900,17.17251205,1.710620999,154,도로,1,1396.169,0.873,30,1,0.7,19749.42,2022,0,없음,,0.2,거짓,0.753,0.317,0.1,0.15,2,0.2,41
901,16.81195087,1.447612969,154,도로,1,955.858,0.597,50,1,0.7,19749.42,2022,0,없음,,0.6,거짓,0.765,0.348,0.1,0.35,2,0.2,34
902,16.43971252,1.176087141,154,도로,1,717.732,0.449,30,1,0.7,19749.42,2022,0,없음,,0.2,거짓,0.777,0.386,0.1,0.15,2,0.2,36
903,16.40100075,1.094746846,623,기타나지,0.7,28.423,0.012,30,1,0.7,1718.46,2022,0,없음,,0.2,거짓,0.779,0.4,0.1,0.15,2,0.2,35
904,16.27976799,0.840015352,623,기타나지,0.7,254.122,0.111,30,1,0.7,1718.46,2022,0,없음,,0.2,거짓,0.783,0.449,0.1,0.15,2,0.2,35
905,16.27976799,0.840015352,154,도로,1,776.447,0.485,30,1,1.8,5722.62,2022,0,없음,,0.2,거짓,0.783,0.449,0.1,0.15,4,0.6,38
906,16.30437732,0.732057505,131,상업·업무시설,1,100.312,0.063,30,1,0,0,0,26,강남역,10,0.2,참,0.782,0.475,0.1,0.15,0,0,37
907,16.30457497,0.731190443,154,도로,1,861.442,0.538,30,2,0.3,403.6,2011,26,강남역,10,0.2,참,0.782,0.475,0.2,0.2,1,0.1,58
908,15.40488137,0.71971861,131,상업·업무시설,1,664.554,0.415,30,3,0,0,0,16,강남역,9,0.2,참,0.813,0.478,0.4,0.3,0,0,58
909,15.092103,0.715730429,154,도로,1,676.366,0.423,50,2,1.8,1578.95,2022,16,강남역,9,0.6,참,0.825,0.479,0.2,0.4,4,0.6,63
910,14.72940256,0.773546802,154,도로,1,1601.211,1,50,4,0.7,16171.52,2022,16,강남역,9,0.6,참,0.838,0.464,0.6,0.6,2,0.2,76
911,14.35495567,0.833235621,154,도로,1,1511.322,0.945,100,4,0.7,16171.52,2022,17,강남역,8,1,참,0.852,0.451,0.6,0.8,2,0.2,60
912,14.1167601,0.813219141,154,도로,1,879.332,0.55,30,3,0.7,9277.2,2022,0,없음,,0.2,거짓,0.861,0.455,0.4,0.3,2,0.2,42
913,13.3708086,0.750533998,423,기타초지,0.4,515.079,0.129,30,3,0,0,0,0,없음,,0.2,거짓,0.891,0.47,0.4,0.3,0,0,40
914,13.3708086,0.750533998,423,기타초지,0.4,672.399,0.168,30,3,0,0,0,0,없음,,0.2,거짓,0.891,0.47,0.4,0.3,0,0,39
915,14.92521133,0.884277676,154,도로,1,1049.057,0.656,30,2,0.7,9277.2,2022,0,없음,,0.2,거짓,0.831,0.44,0.2,0.2,2,0.2,42
916,14.9376955,0.885351837,154,도로,1,785.103,0.491,100,2,0.7,9277.2,2022,0,없음,,1,거짓,0.83,0.439,0.2,0.6,2,0.2,35
917,14.9376955,0.642662345,154,도로,1,0.862,0.001,30,1,0,0,0,0,없음,,0.2,거짓,0.83,0.499,0.1,0.15,0,0,35
918,14.9376955,0.558291376,131,상업·업무시설,1,321.382,0.201,30,1,0,0,0,0,없음,,0.2,거짓,0.83,0.525,0.1,0.15,0,0,37
919,15.84098527,0.522008574,154,도로,1,158.612,0.099,30,2,0,0,0,0,없음,,0.2,거짓,0.798,0.538,0.2,0.2,0,0,37
920,16.77352905,0.484550714,154,도로,1,422.274,0.264,30,1,0.7,19446.73,2022,0,없음,,0.2,거짓,0.766,0.552,0.1,0.15,2,0.2,37
921,16.67310935,0.430610765,423,기타초지,0.4,23.663,0.006,30,1,0.7,19446.73,2022,0,없음,,0.2,거짓,0.77,0.574,0.1,0.15,2,0.2,39
922,16.35862732,0.261688292,154,도로,1,1122.082,0.701,50,2,0.7,19446.73,2022,0,없음,,0.6,거짓,0.78,0.666,0.2,0.4,2,0.2,41
923,16.35862732,0.261688292,154,도로,1,1013.556,0.633,30,3,0.7,19446.73,2022,0,없음,,0.2,거짓,0.78,0.666,0.4,0.3,2,0.2,41
924,17.14106995,0.412995721,154,도로,1,790.855,0.494,30,2,0.7,19446.73,2022,0,없음,,0.2,거짓,0.754,0.581,0.2,0.2,2,0.2,40
925,17.14735413,0.414210945,154,도로,1,693.396,0.433,30,1,0.7,6024.84,2022,0,없음,,0.2,거짓,0.754,0.581,0.1,0.15,2,0.2,39
926,16.93135729,0.61833884,154,도로,1,1303.65,0.815,50,2,0.7,6024.84,2022,0,없음,,0.6,거짓,0.761,0.506,0.2,0.4,2,0.2,46
927,16.85626602,0.689303875,622,운동장,0.7,640.957,0.28,30,1,0,0,0,0,없음,,0.2,거짓,0.764,0.486,0.1,0.15,0,0,38
928,17.2343148,0.633185764,622,운동장,0.7,1601.211,0.7,30,1,0,0,0,0,없음,,0.2,거짓,0.751,0.502,0.1,0.15,0,0,46
929,17.62460709,0.575250208,623,기타나지,0.7,34.959,0.015,50,1,0.3,9272.2,2011,0,없음,,0.6,거짓,0.739,0.52,0.1,0.35,1,0.1,36
930,17.66403256,0.625434136,154,도로,1,745.329,0.466,30,2,0.7,60419.21,2022,0,없음,,0.2,거짓,0.738,0.504,0.2,0.2,2,0.2,40
931,17.78750038,0.782593966,423,기타초지,0.4,5.158,0.001,30,1,0.7,60419.21,2022,0,없음,,0.2,거짓,0.734,0.462,0.1,0.15,2,0.2,36
932,17.78750038,0.782593966,423,기타초지,0.4,3.21,0.001,30,1,0.7,60419.21,2022,0,없음,,0.2,거짓,0.734,0.462,0.1,0.15,2,0.2,32
933,19.10544468,1.518144693,423,기타초지,0.4,49.761,0.012,30,1,0.7,60419.21,2022,0,없음,,0.2,거짓,0.694,0.339,0.1,0.15,2,0.2,30
934,19.11602974,1.524052262,423,기타초지,0.4,129.708,0.032,30,1,0.7,60419.21,2022,0,없음,,0.2,거짓,0.694,0.338,0.1,0.15,2,0.2,30
935,20.22083428,1.696255191,423,기타초지,0.4,196.583,0.049,100,1,0.7,60419.21,2022,0,없음,,1,거짓,0.663,0.318,0.1,0.55,2,0.2,29
936,20.60491943,1.756121516,423,기타초지,0.4,6.625,0.002,30,2,0.7,60419.21,2022,0,없음,,0.2,거짓,0.653,0.312,0.2,0.2,2,0.2,30
937,20.60491943,1.746116058,154,도로,1,718.19,0.449,30,2,0.7,60419.21,2022,0,없음,,0.2,거짓,0.653,0.313,0.2,0.2,2,0.2,29
938,29.26310706,5.152671882,154,도로,1,452.471,0.283,100,1,0,0,0,0,없음,,1,거짓,0.459,0.111,0.1,0.55,0,0,28
939,29.9304073,5.263786931,154,도로,1,869.508,0.543,100,1,0,0,0,0,없음,,1,거짓,0.446,0.107,0.1,0.55,0,0,16
940,22.15158142,3.50504287,154,도로,1,821.621,0.514,0,0,0.2,176.78,2022,0,없음,,0,거짓,0.613,0.183,0,0,1,0.1,18
941,22.08910585,3.490917533,154,도로,1,612.463,0.383,0,0,0.3,562.7,2022,0,없음,,0,거짓,0.614,0.184,0,0,1,0.1,17
942,22.08910585,2.658331765,154,도로,1,743.646,0.465,0,0,0.3,1444,2022,0,없음,,0,거짓,0.614,0.235,0,0,1,0.1,19
943,22.08910585,2.368883434,154,도로,1,961.693,0.601,50,1,0.3,1444,2022,0,없음,,0.6,거짓,0.614,0.256,0.1,0.35,1,0.1,28
944,21.04732964,2.152721733,112,공동주거시설,1,82.412,0.052,30,1,0.2,313.54,2022,0,없음,,0.2,거짓,0.641,0.274,0.1,0.15,1,0.1,28
945,19.97181439,1.929559404,154,도로,1,667.469,0.417,30,1,0.2,313.54,2022,0,없음,,0.2,거짓,0.67,0.294,0.1,0.15,1,0.1,30
946,19.52793895,1.814752907,154,도로,1,758.278,0.474,30,1,0.4,4196.7,2022,0,없음,,0.2,거짓,0.682,0.306,0.1,0.15,1,0.1,32
947,18.13786468,1.455216097,131,상업·업무시설,1,28.856,0.018,30,1,0.3,2007.5,2022,0,없음,,0.2,거짓,0.723,0.347,0.1,0.15,1,0.1,33
948,18.13786468,1.455216097,154,도로,1,540.142,0.338,30,1,0.3,2007.5,2022,0,없음,,0.2,거짓,0.723,0.347,0.1,0.15,1,0.1,31
949,15.79751573,1.064390884,154,도로,1,977.698,0.611,30,1,0.3,4545,2022,0,없음,,0.2,거짓,0.799,0.405,0.1,0.15,1,0.1,35
950,15.77871923,1.061251974,141,문화·체육·휴양시설,1,630.884,0.394,30,2,0,0,0,0,없음,,0.2,거짓,0.8,0.406,0.2,0.2,0,0,34
951,15.7811375,0.884235416,141,문화·체육·휴양시설,1,1601.212,1,30,2,0,0,0,0,없음,,0.2,거짓,0.8,0.44,0.2,0.2,0,0,53
952,15.78197821,0.822695633,154,도로,1,576.326,0.36,30,1,0.3,261.4,2022,0,없음,,0.2,거짓,0.8,0.453,0.1,0.15,1,0.1,33
953,16.05123514,1.278969774,131,상업·업무시설,1,6.209,0.004,50,1,0.3,263.8,2022,0,없음,,0.6,거짓,0.791,0.371,0.1,0.35,1,0.1,32
954,16.32921225,1.750020842,154,도로,1,504.647,0.315,30,1,0.3,263.8,2022,0,없음,,0.2,거짓,0.781,0.312,0.1,0.15,1,0.1,32
955,17.33285846,2.287123363,111,단독주거시설,1,41.128,0.026,100,1,0,0,0,0,없음,,1,거짓,0.748,0.263,0.1,0.55,0,0,33
956,20.47595374,3.969154723,154,도로,1,841.047,0.526,100,2,0,0,0,0,없음,,1,거짓,0.656,0.16,0.2,0.6,0,0,29
957,20.47595374,3.969154723,154,도로,1,934.665,0.584,100,2,0,0,0,0,없음,,1,거짓,0.656,0.16,0.2,0.6,0,0,26
958,27.00389653,3.547888614,154,도로,1,834.014,0.521,0,0,0,0,0,0,없음,,0,거짓,0.503,0.181,0,0,0,0,17
959,27.05632565,3.544505219,154,도로,1,1374.558,0.859,0,0,0,0,0,0,없음,,0,거짓,0.502,0.181,0,0,0,0,20
960,24.39822086,3.576679385,131,상업·업무시설,1,130.109,0.081,0,0,0,0,0,12,신논현역,4,0,참,0.559,0.179,0,0,0,0,35
961,23.47413109,3.58786473,111,단독주거시설,1,0.021,0,0,0,0,0,0,12,신논현역,4,0,참,0.581,0.179,0,0,0,0,29
962,23.47413109,3.331939869,131,상업·업무시설,1,33.244,0.021,0,0,0,0,0,12,신논현역,4,0,참,0.581,0.193,0,0,0,0,30
963,23.47413109,3.067726608,111,단독주거시설,1,140.618,0.088,50,1,0,0,0,15,신논현역,6,0.6,참,0.581,0.208,0.1,0.35,0,0,31
964,22.67361122,2.959152163,163,기타 공공시설,1,219.21,0.137,30,1,0,0,0,15,신논현역,6,0.2,참,0.6,0.215,0.1,0.15,0,0,39
965,20.16664194,2.619132124,131,상업·업무시설,1,87.8,0.055,30,1,0,0,0,15,신논현역,6,0.2,참,0.665,0.237,0.1,0.15,0,0,36
966,20.16664194,2.619132124,154,도로,1,939.484,0.587,30,1,0,0,0,0,없음,,0.2,거짓,0.665,0.237,0.1,0.15,0,0,26
967,19.94424207,2.609398883,154,도로,1,836.473,0.523,30,1,0,0,0,0,없음,,0.2,거짓,0.671,0.238,0.1,0.15,0,0,25
968,19.94245587,2.60932071,131,상업·업무시설,1,277.467,0.173,30,1,0,0,0,0,없음,,0.2,거짓,0.671,0.238,0.1,0.15,0,0,30
969,18.72555352,2.784369202,154,도로,1,968.789,0.605,30,1,0.5,44306,2022,0,없음,,0.2,거짓,0.705,0.226,0.1,0.15,2,0.2,33
970,18.30249757,2.845224787,154,도로,1,1095.11,0.684,30,1,0.7,19749.42,2022,0,없음,,0.2,거짓,0.718,0.222,0.1,0.15,2,0.2,37
971,17.8119388,2.501838497,154,도로,1,1529.099,0.956,50,1,0.7,19749.42,2022,0,없음,,0.6,거짓,0.733,0.246,0.1,0.35,2,0.2,35
972,17.30549276,2.147331275,154,도로,1,1583.765,0.99,30,1,0.7,19749.42,2022,0,없음,,0.2,거짓,0.749,0.274,0.1,0.15,2,0.2,41
973,17.17447414,1.935283181,131,상업·업무시설,1,0.003,0,30,1,0.7,19749.42,2022,0,없음,,0.2,거짓,0.753,0.294,0.1,0.15,2,0.2,36
974,16.76416621,1.271217142,154,도로,1,744.548,0.465,30,1,1.8,5722.62,2022,0,없음,,0.2,거짓,0.767,0.372,0.1,0.15,4,0.6,34
975,16.76416621,1.271217142,154,도로,1,1176.489,0.735,30,1,1.8,1994.95,2022,26,강남역,10,0.2,참,0.767,0.372,0.1,0.15,4,0.6,51
976,16.35087184,0.826011375,154,도로,1,1021.406,0.638,50,1,0.3,378.2,2011,26,강남역,10,0.6,참,0.78,0.452,0.1,0.35,1,0.1,59
977,16.34755247,0.822435709,154,도로,1,954.654,0.597,30,1,0.3,403.6,2011,16,강남역,9,0.2,참,0.78,0.453,0.1,0.15,1,0.1,57
978,15.80689039,0.792509585,131,상업·업무시설,1,72.704,0.045,30,1,0.3,403.6,2011,16,강남역,9,0.2,참,0.799,0.46,0.1,0.15,1,0.1,59
979,15.61892929,0.782105772,154,도로,1,946.062,0.591,100,2,0.3,16171.9,2011,16,강남역,9,1,참,0.806,0.462,0.2,0.6,1,0.1,60
980,15.15429834,0.850311671,154,도로,1,1601.212,1,50,2,0.7,16171.52,2022,16,강남역,9,0.6,참,0.822,0.447,0.2,0.4,2,0.2,73
981,14.67461981,0.920726491,154,도로,1,1185.939,0.741,50,2,0.7,16171.52,2022,16,강남역,9,0.6,참,0.84,0.432,0.2,0.4,2,0.2,63
982,14.50022759,0.900951686,131,상업·업무시설,1,631.965,0.395,30,1,0,0,0,17,강남역,8,0.2,참,0.847,0.436,0.1,0.15,0,0,54
983,13.95408758,0.839023391,423,기타초지,0.4,359.58,0.09,30,2,0.7,9277.2,2022,0,없음,,0.2,거짓,0.868,0.449,0.2,0.2,2,0.2,39
984,13.95408758,0.839023391,154,도로,1,866.235,0.541,50,1,0.7,9277.2,2022,0,없음,,0.6,거짓,0.868,0.449,0.1,0.35,2,0.2,39
985,15.68960457,0.89709097,154,도로,1,1122.166,0.701,30,1,0.7,9277.2,2022,0,없음,,0.2,거짓,0.803,0.437,0.1,0.15,2,0.2,36
986,15.70354335,0.897557339,112,공동주거시설,1,161.904,0.101,30,1,0,0,0,0,없음,,0.2,거짓,0.803,0.437,0.1,0.15,0,0,35
987,15.70354335,0.625220272,131,상업·업무시설,1,5.339,0.003,30,1,0,0,0,0,없음,,0.2,거짓,0.803,0.504,0.1,0.15,0,0,35
988,15.70354335,0.530542327,131,상업·업무시설,1,25.647,0.016,30,1,0,0,0,0,없음,,0.2,거짓,0.803,0.535,0.1,0.15,0,0,36
989,16.09415511,0.458402623,154,도로,1,1424.831,0.891,30,2,0,0,0,0,없음,,0.2,거짓,0.789,0.562,0.2,0.2,0,0,39
990,16.49741725,0.383926598,154,도로,1,726.2,0.454,100,2,0.7,9277.2,2022,0,없음,,1,거짓,0.775,0.595,0.2,0.6,2,0.2,38
991,16.53512663,0.344635438,154,도로,1,299.272,0.187,30,1,0.7,9277.2,2022,0,없음,,0.2,거짓,0.774,0.615,0.1,0.15,2,0.2,38
992,16.6532202,0.221588235,131,상업·업무시설,1,100.658,0.063,30,2,0,0,0,0,없음,,0.2,거짓,0.77,0.697,0.2,0.2,0,0,39
993,16.6532202,0.221588235,154,도로,1,1207.88,0.755,100,2,0.7,19446.73,2022,0,없음,,1,거짓,0.77,0.697,0.2,0.6,2,0.2,44
994,16.80966209,0.329935903,154,도로,1,1336.563,0.835,50,3,0.7,19446.73,2022,0,없음,,0.6,거짓,0.765,0.623,0.4,0.5,2,0.2,47
995,16.81091855,0.330806096,154,도로,1,1595.479,0.997,30,1,0.7,6024.84,2022,0,없음,,0.2,거짓,0.765,0.623,0.1,0.15,2,0.2,52
996,16.51008286,0.44108944,154,도로,1,1192.606,0.745,30,3,0.7,6024.84,2022,0,없음,,0.2,거짓,0.775,0.569,0.4,0.3,2,0.2,43
997,16.40549738,0.47942943,154,도로,1,694.388,0.434,30,2,0.7,19446.73,2022,0,없음,,0.2,거짓,0.779,0.554,0.2,0.2,2,0.2,38
998,16.91856709,0.480172732,154,도로,1,150.491,0.094,30,2,0.3,9272.2,2011,0,없음,,0.2,거짓,0.761,0.553,0.2,0.2,1,0.1,37
999,17.44825311,0.480940107,423,기타초지,0.4,71.636,0.018,30,1,0.3,9272.2,2011,0,없음,,0.2,거짓,0.744,0.553,0.1,0.15,1,0.1,38
1000,17.4469369,0.52679021,154,도로,1,837.577,0.523,30,2,0.7,60419.21,2022,0,없음,,0.2,거짓,0.745,0.536,0.2,0.2,2,0.2,40
1001,17.44281498,0.670377904,131,상업·업무시설,1,1.099,0.001,30,1,0.7,60419.21,2022,0,없음,,0.2,거짓,0.745,0.491,0.1,0.15,2,0.2,36
1002,17.44281498,0.670377904,423,기타초지,0.4,19.98,0.005,30,1,0.7,60419.21,2022,0,없음,,0.2,거짓,0.745,0.491,0.1,0.15,2,0.2,35
1003,19.04963234,1.211031532,423,기타초지,0.4,206.344,0.052,30,1,0.7,60419.21,2022,0,없음,,0.2,거짓,0.696,0.381,0.1,0.15,2,0.2,31
1004,19.06253748,1.215373787,154,도로,1,118.455,0.074,30,1,0.7,60419.21,2022,0,없음,,0.2,거짓,0.696,0.38,0.1,0.15,2,0.2,31
1005,19.7784954,1.211038349,112,공동주거시설,1,70.903,0.044,30,2,0.7,60419.21,2022,0,없음,,0.2,거짓,0.675,0.381,0.2,0.2,2,0.2,31
1006,20.03465989,1.216404021,112,공동주거시설,1,12.276,0.008,50,2,0.7,60419.21,2022,0,없음,,0.6,거짓,0.668,0.38,0.2,0.4,2,0.2,35
1007,20.51717254,1.673074186,154,도로,1,188.42,0.118,30,1,0.7,19036.29,2022,0,없음,,0.2,거짓,0.655,0.321,0.1,0.15,2,0.2,29
1008,27.49116898,4.857618809,154,도로,1,848.028,0.53,50,1,0,0,0,0,없음,,0.6,거짓,0.493,0.122,0.1,0.35,0,0,25
1009,27.49116898,4.857618809,154,도로,1,729.139,0.456,50,1,0,0,0,0,없음,,0.6,거짓,0.493,0.122,0.1,0.35,0,0,19
1010,20.36152763,2.71638269,154,도로,1,736.369,0.46,50,1,0.2,176.78,2022,0,없음,,0.6,거짓,0.659,0.231,0.1,0.35,1,0.1,25
1011,20.30426598,2.699185371,154,도로,1,693.962,0.434,0,0,0.3,1444,2022,0,없음,,0,거짓,0.661,0.232,0,0,1,0.1,20
1012,20.30426598,1.563025506,111,단독주거시설,1,2.459,0.002,0,0,0.3,1444,2022,0,없음,,0,거짓,0.661,0.333,0,0,1,0.1,27
1013,20.30426598,1.16803968,154,도로,1,309.998,0.194,30,1,0.4,4196.7,2022,0,없음,,0.2,거짓,0.661,0.388,0.1,0.15,1,0.1,30
1014,19.74748416,1.037125673,112,공동주거시설,1,85.441,0.053,30,1,0.4,4196.7,2022,0,없음,,0.2,거짓,0.676,0.41,0.1,0.15,1,0.1,33
1015,19.17267036,0.901971877,154,도로,1,712.346,0.445,30,1,0.4,4196.7,2022,0,없음,,0.2,거짓,0.692,0.436,0.1,0.15,1,0.1,34
1016,18.89696951,0.902122977,154,도로,1,921.867,0.576,30,2,0.4,4196.7,2022,0,없음,,0.2,거짓,0.7,0.436,0.2,0.2,1,0.1,36
1017,18.03356361,0.902596176,154,도로,1,710.868,0.444,30,1,0.3,2007.5,2022,0,없음,,0.2,거짓,0.726,0.436,0.1,0.15,1,0.1,34
1018,18.03356361,0.902596176,131,상업·업무시설,1,187.128,0.117,30,1,0.3,2007.5,2022,0,없음,,0.2,거짓,0.726,0.436,0.1,0.15,1,0.1,36
1019,16.19289156,1.138663226,154,도로,1,878.588,0.549,50,2,0.3,4545,2022,0,없음,,0.6,거짓,0.786,0.392,0.2,0.4,1,0.1,36
1020,16.17810822,1.140559196,162,교육·행정시설,1,512.748,0.32,30,2,0,0,0,0,없음,,0.2,거짓,0.786,0.392,0.2,0.2,0,0,34
1021,16.52587651,1.089255455,163,기타 공공시설,1,0.64,0,30,1,0.3,329.1,2022,0,없음,,0.2,거짓,0.774,0.401,0.1,0.15,1,0.1,34
1022,16.64677811,1.071419716,131,상업·업무시설,1,9.364,0.006,30,1,0.3,261.4,2022,0,없음,,0.2,거짓,0.77,0.404,0.1,0.15,1,0.1,33
1023,17.10503668,1.478327671,131,상업·업무시설,1,14.632,0.009,50,1,0.3,263.8,2022,0,없음,,0.6,거짓,0.755,0.344,0.1,0.35,1,0.1,33
1024,17.57813644,1.898413777,154,도로,1,693.811,0.434,100,1,0.3,263.8,2022,0,없음,,1,거짓,0.74,0.297,0.1,0.55,1,0.1,26
1025,18.59367691,2.604157756,154,도로,1,488.234,0.305,100,1,0.2,236.12,2022,0,없음,,1,거짓,0.709,0.238,0.1,0.55,1,0.1,28
1026,21.77402115,4.814319611,154,도로,1,726.005,0.454,100,2,0.2,236.12,2022,0,없음,,1,거짓,0.622,0.124,0.2,0.6,1,0.1,25
1027,21.77402115,4.814319611,154,도로,1,724.94,0.453,100,2,0,0,0,0,없음,,1,거짓,0.622,0.124,0.2,0.6,0,0,26
1028,31.28454201,4.331060248,154,도로,1,939.376,0.587,100,1,0,0,0,0,없음,,1,거짓,0.422,0.144,0.1,0.55,0,0,19
1029,31.36092567,4.327178955,154,도로,1,1601.171,1,0,0,0,0,0,0,없음,,0,거짓,0.421,0.144,0,0,0,0,21
1030,28.00356999,4.966818392,154,도로,1,1211.688,0.757,0,0,0,0,0,0,없음,,0,거짓,0.483,0.118,0,0,0,0,18
1031,26.83638573,5.189188957,154,도로,1,926.187,0.579,0,0,0,0,0,0,없음,,0,거짓,0.507,0.11,0,0,0,0,15
1032,26.83638573,5.143788465,154,도로,1,999.835,0.625,0,0,0,0,0,0,없음,,0,거짓,0.507,0.112,0,0,0,0,15
1033,26.83638573,5.096917629,112,공동주거시설,1,81.407,0.051,50,1,0,0,0,0,없음,,0.6,거짓,0.507,0.113,0.1,0.35,0,0,19
1034,25.7568319,4.846471041,131,상업·업무시설,1,45.719,0.029,30,1,0,0,0,0,없음,,0.2,거짓,0.529,0.123,0.1,0.15,0,0,21
1035,22.37601852,4.062153339,131,상업·업무시설,1,64.722,0.04,30,1,0,0,0,0,없음,,0.2,거짓,0.607,0.156,0.1,0.15,0,0,24
1036,22.37601852,4.062153339,131,상업·업무시설,1,137.137,0.086,30,1,0,0,0,0,없음,,0.2,거짓,0.607,0.156,0.1,0.15,0,0,24
1037,22.91627139,3.931135307,154,도로,1,835.719,0.522,30,1,0,0,0,0,없음,,0.2,거짓,0.594,0.162,0.1,0.15,0,0,22
1038,22.92061043,3.930083036,154,도로,1,1226.878,0.767,0,0,0,0,0,0,없음,,0,거짓,0.594,0.162,0,0,0,0,19
1039,20.70304444,4.339248917,131,상업·업무시설,1,180.564,0.113,0,0,0,0,0,0,없음,,0,거짓,0.65,0.143,0,0,0,0,19
1040,19.93210793,4.48149538,111,단독주거시설,1,45.107,0.028,0,0,0,0,0,0,없음,,0,거짓,0.671,0.137,0,0,0,0,19
1041,19.25407294,4.022191463,154,도로,1,359.566,0.225,30,1,0.5,44306,2022,0,없음,,0.2,거짓,0.69,0.157,0.1,0.15,2,0.2,26
1042,18.55407906,3.548012495,154,도로,1,1011.19,0.632,100,1,0.5,44306,2022,0,없음,,1,거짓,0.711,0.181,0.1,0.55,2,0.2,32
1043,18.28993998,3.147463949,154,도로,1,436.956,0.273,30,1,0.7,19749.42,2022,0,없음,,0.2,거짓,0.718,0.203,0.1,0.15,2,0.2,32
1044,17.46274185,1.893075466,131,상업·업무시설,1,3.058,0.002,30,1,0.7,19749.42,2022,0,없음,,0.2,거짓,0.744,0.298,0.1,0.15,2,0.2,39
1045,17.46274185,1.893075466,154,도로,1,1548.738,0.968,50,1,1.8,5722.62,2022,26,강남역,10,0.6,참,0.744,0.298,0.1,0.35,4,0.6,62
1046,16.41792399,0.961507092,131,상업·업무시설,1,3.951,0.002,50,1,0.7,19749.42,2022,26,강남역,10,0.6,참,0.778,0.424,0.1,0.35,2,0.2,61
1047,16.40953255,0.954025209,154,도로,1,897.29,0.561,100,1,1.8,1994.95,2022,16,강남역,9,1,참,0.778,0.425,0.1,0.55,4,0.6,56
1048,16.38664832,0.897485201,154,도로,1,1082.884,0.677,30,1,0.7,19749.42,2022,16,강남역,9,0.2,참,0.779,0.437,0.1,0.15,2,0.2,58
1049,16.37869263,0.877829075,154,도로,1,1398.922,0.874,30,1,0.7,16171.52,2022,16,강남역,9,0.2,참,0.779,0.441,0.1,0.15,2,0.2,59
1050,15.76706243,0.961018244,154,도로,1,1590.791,0.994,30,1,0.7,16171.52,2022,16,강남역,9,0.2,참,0.8,0.424,0.1,0.15,2,0.2,67
1051,15.13562393,1.046901584,154,도로,1,948.335,0.593,50,1,0.7,5334.03,2022,16,강남역,9,0.6,참,0.823,0.408,0.1,0.35,2,0.2,59
1052,15.05324583,1.02747531,131,상업·업무시설,1,1564.511,0.978,30,1,0,0,0,17,강남역,8,0.2,참,0.826,0.412,0.1,0.15,0,0,60
1053,14.79526424,0.966638505,131,상업·업무시설,1,134.168,0.084,30,1,0,0,0,0,없음,,0.2,거짓,0.836,0.423,0.1,0.15,0,0,40
1054,14.79526424,0.966638505,154,도로,1,1071.628,0.67,50,1,0.7,9277.2,2022,0,없음,,0.6,거짓,0.836,0.423,0.1,0.35,2,0.2,37
1055,16.79197544,0.915569682,154,도로,1,1146.355,0.716,50,1,0.7,9277.2,2022,0,없음,,0.6,거짓,0.766,0.433,0.1,0.35,2,0.2,37
1056,16.80801201,0.915159523,154,도로,1,872.969,0.546,50,2,0.7,9277.2,2022,0,없음,,0.6,거짓,0.765,0.433,0.2,0.4,2,0.2,34
1057,16.80801201,0.60006616,154,도로,1,950.937,0.594,50,2,0.7,9277.2,2022,0,없음,,0.6,거짓,0.765,0.512,0.2,0.4,2,0.2,36
1058,16.80801201,0.490523994,112,공동주거시설,1,6.437,0.004,30,1,0,0,0,0,없음,,0.2,거짓,0.765,0.549,0.1,0.15,0,0,41
1059,16.45926438,0.366673204,112,공동주거시설,1,1.31,0.001,30,1,0,0,0,0,없음,,0.2,거짓,0.777,0.603,0.1,0.15,0,0,43
1060,16.09922218,0.238811374,154,도로,1,1210.557,0.757,100,2,0.7,9277.2,2022,0,없음,,1,거짓,0.789,0.683,0.2,0.6,2,0.2,40
1061,16.33613463,0.220645988,112,공동주거시설,1,53.19,0.033,30,1,0,0,0,0,없음,,0.2,거짓,0.781,0.698,0.1,0.15,0,0,38
1062,17.07806778,0.163757876,131,상업·업무시설,1,302.293,0.189,30,2,0,0,0,0,없음,,0.2,거짓,0.756,0.754,0.2,0.2,0,0,39
1063,17.07806778,0.163757876,423,기타초지,0.4,44.133,0.011,30,3,0,0,0,0,없음,,0.2,거짓,0.756,0.754,0.4,0.3,0,0,40
1064,16.33172173,0.210151059,131,상업·업무시설,1,123.791,0.077,30,3,0,0,0,0,없음,,0.2,거짓,0.781,0.707,0.4,0.3,0,0,41
1065,16.32572746,0.210523665,154,도로,1,1432.897,0.896,100,4,0.7,19446.73,2022,0,없음,,1,거짓,0.781,0.707,0.6,0.8,2,0.2,53
1066,15.9025413,0.185468946,154,도로,1,1056.239,0.66,50,3,0.7,19446.73,2022,0,없음,,0.6,거짓,0.796,0.73,0.4,0.5,2,0.2,50
1067,15.75542068,0.176758677,154,도로,1,1492.693,0.933,50,2,0.7,19446.73,2022,0,없음,,0.6,거짓,0.801,0.739,0.2,0.4,2,0.2,49
1068,16.46321104,0.259504753,154,도로,1,1060.621,0.663,50,2,0.7,19446.73,2022,0,없음,,0.6,거짓,0.777,0.668,0.2,0.4,2,0.2,45
1069,17.19392395,0.344930649,163,기타 공공시설,1,641.646,0.401,30,1,0.7,19446.73,2022,0,없음,,0.2,거짓,0.753,0.615,0.1,0.15,2,0.2,40
1070,17.13385208,0.384530721,423,기타초지,0.4,53.107,0.013,30,1,0.7,60419.21,2022,0,없음,,0.2,거짓,0.755,0.595,0.1,0.15,2,0.2,38
1071,16.94572639,0.508545339,423,기타초지,0.4,4.365,0.001,50,1,0.7,60419.21,2022,0,없음,,0.6,거짓,0.761,0.543,0.1,0.35,2,0.2,36
1072,16.94572639,0.508545339,423,기타초지,0.4,236.462,0.059,30,1,0.7,60419.21,2022,0,없음,,0.2,거짓,0.761,0.543,0.1,0.15,2,0.2,36
1073,18.96914248,0.768127816,423,기타초지,0.4,0.746,0,30,1,0.7,60419.21,2022,0,없음,,0.2,거짓,0.698,0.466,0.1,0.15,2,0.2,34
1074,18.98539352,0.77021265,131,상업·업무시설,1,13.563,0.008,100,2,0.7,60419.21,2022,0,없음,,1,거짓,0.698,0.465,0.2,0.6,2,0.2,34
1075,19.1405757,0.511282135,423,기타초지,0.4,110.16,0.028,30,1,0.7,60419.21,2022,0,없음,,0.2,거짓,0.693,0.542,0.1,0.15,2,0.2,35
1076,19.19452477,0.421264976,154,도로,1,1143.562,0.715,50,2,0.7,60419.21,2022,0,없음,,0.6,거짓,0.692,0.578,0.2,0.4,2,0.2,43
1077,27.11823829,4.30523943,154,도로,1,108.814,0.068,30,1,0,0,0,0,없음,,0.2,거짓,0.501,0.145,0.1,0.15,0,0,21
1078,27.35812949,4.660562699,154,도로,1,888.886,0.556,30,1,0,0,0,0,없음,,0.2,거짓,0.496,0.13,0.1,0.15,0,0,24
1079,27.36214883,4.666516094,154,도로,1,957.775,0.599,30,1,0,0,0,0,없음,,0.2,거짓,0.496,0.13,0.1,0.15,0,0,23
1080,20.2417827,2.630514588,154,도로,1,755.501,0.472,100,1,0.3,794,2022,0,없음,,1,거짓,0.662,0.237,0.1,0.55,1,0.1,29
1081,20.18459555,2.614162461,154,도로,1,798.349,0.499,30,1,0.3,1444,2022,0,없음,,0.2,거짓,0.664,0.238,0.1,0.15,1,0.1,29
1082,20.18459555,1.424039145,154,도로,1,663.167,0.414,30,1,0.4,4196.7,2022,0,없음,,0.2,거짓,0.664,0.351,0.1,0.15,1,0.1,31
1083,20.18459555,1.010292932,423,기타초지,0.4,0.013,0,50,1,0.4,4196.7,2022,0,없음,,0.6,거짓,0.664,0.415,0.1,0.35,1,0.1,33
1084,19.63391492,0.966276356,423,기타초지,0.4,16.77,0.004,50,1,0.4,4196.7,2022,0,없음,,0.6,거짓,0.679,0.423,0.1,0.35,1,0.1,33
1085,19.06539991,0.920834255,131,상업·업무시설,1,3.886,0.002,50,1,0.4,4196.7,2022,0,없음,,0.6,거짓,0.696,0.432,0.1,0.35,1,0.1,36
1086,18.88256793,0.980954027,111,단독주거시설,1,29.037,0.018,30,1,0.2,220.65,2022,0,없음,,0.2,거짓,0.701,0.42,0.1,0.15,1,0.1,33
1087,18.30999733,1.169229705,112,공동주거시설,1,38.396,0.024,30,1,0.2,219.78,2022,0,없음,,0.2,거짓,0.718,0.388,0.1,0.15,1,0.1,31
1088,18.30999733,1.169229705,154,도로,1,901.524,0.563,30,1,0.3,500.2,2022,0,없음,,0.2,거짓,0.718,0.388,0.1,0.15,1,0.1,32
1089,16.68181857,1.483992328,154,도로,1,792.139,0.495,30,1,0.3,500.2,2022,0,없음,,0.2,거짓,0.769,0.343,0.1,0.15,1,0.1,32
1090,16.66874186,1.486520342,154,도로,1,1121.69,0.701,50,1,0.5,232.1,2010,0,없음,,0.6,거짓,0.77,0.343,0.1,0.35,2,0.2,33
1091,16.89586193,1.34217985,154,도로,1,1112.207,0.695,30,1,0.3,231.9,2011,0,없음,,0.2,거짓,0.762,0.362,0.1,0.15,1,0.1,34
1092,16.97482018,1.291999898,154,도로,1,920.092,0.575,30,1,0.2,274.48,2022,0,없음,,0.2,거짓,0.76,0.369,0.1,0.15,1,0.1,32
1093,17.30816943,1.608832371,154,도로,1,1155.408,0.722,30,1,0,0,0,0,없음,,0.2,거짓,0.749,0.328,0.1,0.15,0,0,30
1094,17.65231455,1.935925803,154,도로,1,912.489,0.57,0,0,0,0,0,0,없음,,0,거짓,0.738,0.294,0,0,0,0,22
1095,18.73581991,2.687591711,154,도로,1,991.899,0.62,0,0,0.2,236.12,2022,0,없음,,0,거짓,0.705,0.233,0,0,1,0.1,21
1096,22.12900821,5.041566193,154,도로,1,637.788,0.399,100,1,0.2,236.12,2022,0,없음,,1,거짓,0.613,0.115,0.1,0.55,1,0.1,17
1097,22.12900821,5.041566193,112,공동주거시설,1,2.598,0.002,0,0,0.1,334.2,2019,0,없음,,0,거짓,0.613,0.115,0,0,1,0.1,26
1098,32.22385403,4.452162326,154,도로,1,1021.085,0.638,0,0,0.1,334.2,2019,0,없음,,0,거짓,0.406,0.139,0,0,1,0.1,15
1099,32.30493069,4.447428534,154,도로,1,1499.83,0.937,0,0,0,0,0,0,없음,,0,거짓,0.404,0.139,0,0,0,0,18
1100,29.59455552,4.92758093,154,도로,1,133.891,0.084,0,0,0,0,0,0,없음,,0,거짓,0.453,0.12,0,0,0,0,18
1101,28.65229395,5.094505847,154,도로,1,1095.834,0.685,0,0,0,0,0,0,없음,,0,거짓,0.471,0.113,0,0,0,0,14
1102,28.65229395,5.130823831,154,도로,1,845.412,0.528,0,0,0,0,0,0,없음,,0,거짓,0.471,0.112,0,0,0,0,13
1103,28.65229395,5.168318012,154,도로,1,1005.726,0.629,0,0,0,0,0,0,없음,,0,거짓,0.471,0.111,0,0,0,0,14
1104,27.34139936,4.95712242,131,상업·업무시설,1,29.197,0.018,30,1,0,0,0,0,없음,,0.2,거짓,0.496,0.119,0.1,0.15,0,0,21
1105,23.23610151,4.295726141,111,단독주거시설,1,65.807,0.041,30,1,0,0,0,0,없음,,0.2,거짓,0.586,0.145,0.1,0.15,0,0,24
1106,23.23610151,4.295726141,131,상업·업무시설,1,6.411,0.004,30,1,0,0,0,0,없음,,0.2,거짓,0.586,0.145,0.1,0.15,0,0,23
1107,24.00806438,4.330119246,154,도로,1,874.925,0.547,30,1,0,0,0,0,없음,,0.2,거짓,0.568,0.144,0.1,0.15,0,0,21
1108,24.0142644,4.330395474,154,도로,1,797.109,0.498,0,0,0,0,0,0,없음,,0,거짓,0.568,0.144,0,0,0,0,17
1109,22.61422247,4.698085633,111,단독주거시설,1,72.984,0.046,0,0,0,0,0,0,없음,,0,거짓,0.601,0.129,0,0,0,0,17
1110,22.12749808,4.825913068,154,도로,1,869.682,0.544,0,0,0.3,205.4,2011,0,없음,,0,거짓,0.613,0.124,0,0,1,0.1,18
1111,20.97103478,4.390152766,131,상업·업무시설,1,1.644,0.001,0,0,0,0,0,0,없음,,0,거짓,0.643,0.141,0,0,0,0,18
1112,19.77711818,3.9402799,131,상업·업무시설,1,5.625,0.004,0,0,0,0,0,0,없음,,0,거짓,0.675,0.161,0,0,0,0,19
1113,19.33931158,3.532485083,131,상업·업무시설,1,21.252,0.013,30,1,0,0,0,0,없음,,0.2,거짓,0.688,0.182,0.1,0.15,0,0,26
1114,17.96824294,2.255403629,154,도로,1,727.37,0.455,30,1,0.5,44306,2022,0,없음,,0.2,거짓,0.728,0.265,0.1,0.15,2,0.2,31
1115,17.96824294,2.255403629,154,도로,1,972.364,0.608,30,1,0.5,44306,2022,26,강남역,10,0.2,참,0.728,0.265,0.1,0.15,2,0.2,49
1116,16.66257439,1.321602797,154,도로,1,1416.918,0.886,50,1,0.5,15558.7,2022,26,강남역,10,0.6,참,0.77,0.365,0.1,0.35,2,0.2,64
1117,16.65208792,1.314102984,131,상업·업무시설,1,26.888,0.017,30,1,0.7,19749.42,2022,16,강남역,9,0.2,참,0.77,0.366,0.1,0.15,2,0.2,63
1118,16.6043118,1.225721678,154,도로,1,1585.509,0.991,100,1,0.7,19749.42,2022,16,강남역,9,1,참,0.772,0.379,0.1,0.55,2,0.2,68
1119,16.58770243,1.194995928,154,도로,1,1503.744,0.94,100,1,0.7,16171.52,2022,16,강남역,9,1,참,0.772,0.383,0.1,0.55,2,0.2,66
1120,16.04345981,1.284124941,154,도로,1,1541.74,0.964,100,1,0.7,16171.52,2022,16,강남역,9,1,참,0.791,0.37,0.1,0.55,2,0.2,64
1121,15.48159131,1.376140493,154,도로,1,1032.491,0.645,50,1,0.7,5334.03,2022,16,강남역,9,0.6,참,0.811,0.357,0.1,0.35,2,0.2,60
1122,15.38470125,1.343347651,131,상업·업무시설,1,137.684,0.086,30,1,0,0,0,17,강남역,8,0.2,참,0.814,0.362,0.1,0.15,0,0,55
1123,15.08127291,1.240651078,154,도로,1,654.875,0.409,30,1,0.7,5334.03,2022,18,강남역,7,0.2,참,0.825,0.376,0.1,0.15,2,0.2,61
1124,15.08127291,1.240651078,131,상업·업무시설,1,3.575,0.002,30,1,0,0,0,20,강남역,6,0.2,참,0.825,0.376,0.1,0.15,0,0,63
1125,16.84233098,0.964663744,131,상업·업무시설,1,340.033,0.213,50,2,0.5,223.9,2011,20,강남역,6,0.6,참,0.764,0.423,0.2,0.4,2,0.2,45
1126,16.8564749,0.962447154,131,상업·업무시설,1,672.467,0.42,30,1,0,0,0,0,없음,,0.2,거짓,0.764,0.424,0.1,0.15,0,0,37
1127,16.8564749,0.613767852,154,도로,1,678.509,0.424,50,2,0.7,9277.2,2022,0,없음,,0.6,거짓,0.764,0.508,0.2,0.4,2,0.2,40
1128,16.8564749,0.492549539,154,도로,1,1178.418,0.737,50,2,0.7,9277.2,2022,0,없음,,0.6,거짓,0.764,0.549,0.2,0.4,2,0.2,43
1129,16.50815576,0.377407427,154,도로,1,1530.305,0.956,100,1,0.7,9277.2,2022,0,없음,,1,거짓,0.775,0.598,0.1,0.55,2,0.2,48
1130,16.14855593,0.258536315,154,도로,1,751.623,0.47,100,1,0.7,9277.2,2022,0,없음,,1,거짓,0.787,0.669,0.1,0.55,2,0.2,40
1131,16.37635583,0.24101419,112,공동주거시설,1,0.986,0.001,30,1,0,0,0,0,없음,,0.2,거짓,0.779,0.682,0.1,0.15,0,0,37
1132,17.08975142,0.186140562,423,기타초지,0.4,6.234,0.002,30,1,0,0,0,0,없음,,0.2,거짓,0.756,0.73,0.1,0.15,0,0,38
1133,17.08975142,0.186140562,141,문화·체육·휴양시설,1,147.518,0.092,30,2,0,0,0,0,없음,,0.2,거짓,0.756,0.73,0.2,0.2,0,0,38
1134,16.46999592,0.253214025,154,도로,1,556.56,0.348,50,3,0.7,5802.81,2022,0,없음,,0.6,거짓,0.776,0.672,0.4,0.5,2,0.2,40
1135,16.46501836,0.253752725,154,도로,1,1331.999,0.832,30,1,0.7,5802.81,2022,0,없음,,0.2,거짓,0.777,0.672,0.1,0.15,2,0.2,47
1136,16.06038037,0.259484635,154,도로,1,717.433,0.448,30,3,0.7,2750.19,2022,0,없음,,0.2,거짓,0.79,0.668,0.4,0.3,2,0.2,42
1137,15.91970803,0.261477332,131,상업·업무시설,1,0.134,0,30,2,0.7,2750.19,2022,0,없음,,0.2,거짓,0.795,0.666,0.2,0.2,2,0.2,44
1138,16.54149175,0.321050292,154,도로,1,1411.244,0.882,50,2,0.7,19446.73,2022,0,없음,,0.6,거짓,0.774,0.628,0.2,0.4,2,0.2,47
1139,17.18341259,0.382552586,154,도로,1,1066.462,0.667,50,1,0.7,19446.73,2022,0,없음,,0.6,거짓,0.753,0.596,0.1,0.35,2,0.2,42
1140,17.15244355,0.409975151,154,도로,1,1273.611,0.796,30,1,0.7,19446.73,2022,0,없음,,0.2,거짓,0.754,0.583,0.1,0.15,2,0.2,40
1141,17.05545853,0.495853756,423,기타초지,0.4,434.611,0.109,30,2,0.7,19446.73,2022,0,없음,,0.2,거짓,0.757,0.547,0.2,0.2,2,0.2,36
1142,17.05545853,0.495853756,154,도로,1,1080.171,0.675,50,1,0.7,19446.73,2022,0,없음,,0.6,거짓,0.757,0.547,0.1,0.35,2,0.2,38
1143,18.84764349,0.740386831,112,공동주거시설,1,212.727,0.133,30,1,0.7,60419.21,2022,0,없음,,0.2,거짓,0.702,0.473,0.1,0.15,2,0.2,36
1144,18.86203741,0.742350796,423,기타초지,0.4,10.583,0.003,30,1,0.7,60419.21,2022,0,없음,,0.2,거짓,0.701,0.472,0.1,0.15,2,0.2,34
1145,19.14480177,0.493125159,423,기타초지,0.4,4.056,0.001,30,1,0.7,60419.21,2022,0,없음,,0.2,거짓,0.693,0.548,0.1,0.15,2,0.2,37
1146,19.22083889,0.413257491,154,도로,1,558.218,0.349,30,1,0.7,60419.21,2022,0,없음,,0.2,거짓,0.691,0.581,0.1,0.15,2,0.2,39
1147,28.03598377,4.135286145,154,도로,1,630.102,0.394,30,1,0,0,0,0,없음,,0.2,거짓,0.483,0.152,0.1,0.15,0,0,24
1148,26.68213844,3.659294844,131,상업·업무시설,1,140.488,0.088,30,1,0,0,0,0,없음,,0.2,거짓,0.51,0.175,0.1,0.15,0,0,23
1149,26.68213844,3.659294844,112,공동주거시설,1,27.073,0.017,30,1,0,0,0,0,없음,,0.2,거짓,0.51,0.175,0.1,0.15,0,0,23
1150,19.61065806,2.17794029,154,도로,1,751.792,0.47,50,1,0.3,794,2022,0,없음,,0.6,거짓,0.68,0.272,0.1,0.35,1,0.1,30
1151,19.55386353,2.166042805,423,기타초지,0.4,25.699,0.006,100,1,0.4,4196.7,2022,0,없음,,1,거짓,0.682,0.273,0.1,0.55,1,0.1,30
1152,19.55386353,0.691501059,154,도로,1,888.213,0.555,30,1,0.4,4196.7,2022,0,없음,,0.2,거짓,0.682,0.485,0.1,0.15,1,0.1,37
1153,19.55386353,0.178876817,154,도로,1,905.357,0.566,50,2,0.4,4196.7,2022,0,없음,,0.6,거짓,0.682,0.737,0.2,0.4,1,0.1,40
1154,19.03533968,0.592859691,154,도로,1,770.928,0.482,30,2,0.4,4196.7,2022,0,없음,,0.2,거짓,0.696,0.514,0.2,0.2,1,0.1,36
1155,18.50002289,1.020249844,131,상업·업무시설,1,16.914,0.011,30,1,0.3,690.5,2022,0,없음,,0.2,거짓,0.712,0.413,0.1,0.15,1,0.1,33
1156,18.80666334,1.396439013,111,단독주거시설,1,57.904,0.036,0,0,0.2,228.11,2022,0,없음,,0,거짓,0.703,0.354,0,0,1,0.1,28
1157,19.76696205,2.574541807,154,도로,1,801.003,0.501,0,0,0.2,249.6,2022,0,없음,,0,거짓,0.676,0.241,0,0,1,0.1,21
1158,19.76696205,2.574541807,154,도로,1,816.664,0.51,0,0,0.2,245.25,2022,0,없음,,0,거짓,0.676,0.241,0,0,1,0.1,21
1159,19.25874521,3.304075374,111,단독주거시설,1,3.901,0.002,50,1,0.5,232.1,2010,0,없음,,0.6,거짓,0.69,0.194,0.1,0.35,2,0.2,24
1160,19.25466347,3.309934616,111,단독주거시설,1,72.786,0.045,50,1,0.5,232.1,2010,0,없음,,0.6,거짓,0.69,0.194,0.1,0.35,2,0.2,30
1161,18.84589794,2.675236927,154,도로,1,530.758,0.332,50,1,0.3,231.9,2011,0,없음,,0.6,거짓,0.702,0.233,0.1,0.35,1,0.1,31
1162,18.70379066,2.45458436,111,단독주거시설,1,161.052,0.101,30,1,0.2,274.48,2022,0,없음,,0.2,거짓,0.706,0.249,0.1,0.15,1,0.1,30
1163,18.3787959,2.296667218,131,상업·업무시설,1,87.087,0.054,30,1,0,0,0,0,없음,,0.2,거짓,0.716,0.262,0.1,0.15,0,0,29
1164,18.04327583,2.133635759,154,도로,1,635.703,0.397,30,1,0,0,0,0,없음,,0.2,거짓,0.726,0.276,0.1,0.15,0,0,25
1165,19.48499529,3.127336654,154,도로,1,609.664,0.381,0,0,0,0,0,0,없음,,0,거짓,0.683,0.204,0,0,0,0,20
1166,23.99999428,6.239286423,154,도로,1,1006.196,0.629,0,0,0,0,0,0,없음,,0,거짓,0.568,0.076,0,0,0,0,17
1167,23.99999428,6.239286423,154,도로,1,1028.55,0.643,0,0,0,0,0,0,없음,,0,거짓,0.568,0.076,0,0,0,0,18
1168,37.17456877,5.090439947,154,도로,1,1489.602,0.931,0,0,0,0,0,0,없음,,0,거짓,0.327,0.114,0,0,0,0,19
1169,37.28038025,5.081212997,154,도로,1,1385.151,0.866,0,0,0,0,0,0,없음,,0,거짓,0.325,0.114,0,0,0,0,13
1170,37.97996463,4.720776932,154,도로,1,433.94,0.271,0,0,0,0,0,0,없음,,0,거짓,0.315,0.128,0,0,0,0,14
1171,38.22317505,4.595471382,154,도로,1,1279.199,0.799,0,0,0,0,0,0,없음,,0,거짓,0.311,0.133,0,0,0,0,11
1172,38.22317505,5.062492752,154,도로,1,644.359,0.403,0,0,0,0,0,0,없음,,0,거짓,0.311,0.115,0,0,0,0,10
1173,38.22317505,5.544639111,131,상업·업무시설,1,130.156,0.081,30,1,0,0,0,0,없음,,0.2,거짓,0.311,0.098,0.1,0.15,0,0,15
1174,35.69298149,5.540318849,154,도로,1,873.878,0.546,30,2,0,0,0,0,없음,,0.2,거짓,0.349,0.098,0.2,0.2,0,0,19
1175,27.7692337,5.526789188,131,상업·업무시설,1,0.067,0,30,1,0,0,0,0,없음,,0.2,거짓,0.488,0.098,0.1,0.15,0,0,20
1176,27.7692337,5.526789188,154,도로,1,927.829,0.58,30,1,0,0,0,0,없음,,0.2,거짓,0.488,0.098,0.1,0.15,0,0,18
1177,29.76244158,6.432994154,154,도로,1,594.158,0.371,0,0,0,0,0,0,없음,,0,거짓,0.45,0.07,0,0,0,0,12
1178,29.77845001,6.440272331,154,도로,1,1191.416,0.745,0,0,0,0,0,0,없음,,0,거짓,0.449,0.07,0,0,0,0,13
1179,32.68723021,6.589361579,111,단독주거시설,1,11.042,0.007,0,0,0,0,0,0,없음,,0,거짓,0.398,0.066,0,0,0,0,11
1180,33.69846725,6.641192436,154,도로,1,816.091,0.51,0,0,0.3,205.4,2011,0,없음,,0,거짓,0.381,0.064,0,0,1,0.1,11
1181,30.02041151,6.329520534,131,상업·업무시설,1,1.58,0.001,0,0,0,0,0,0,없음,,0,거짓,0.445,0.073,0,0,0,0,12
1182,26.22323799,6.007754803,111,단독주거시설,1,140.057,0.088,0,0,0,0,0,0,없음,,0,거짓,0.519,0.083,0,0,0,0,13
1183,24.87010363,5.561767977,154,도로,1,631.451,0.395,30,1,0,0,0,0,없음,,0.2,거짓,0.549,0.097,0.1,0.15,0,0,17
1184,20.63252449,4.165081501,131,상업·업무시설,1,140.782,0.088,30,1,0,0,0,0,없음,,0.2,거짓,0.652,0.151,0.1,0.15,0,0,24
1185,20.63252449,4.165081501,131,상업·업무시설,1,446.567,0.279,30,1,0,0,0,26,강남역,10,0.2,참,0.652,0.151,0.1,0.15,0,0,42
1186,17.95202273,3.219514337,131,상업·업무시설,1,632.198,0.395,30,1,0,0,0,25,강남역,12,0.2,참,0.729,0.199,0.1,0.15,0,0,48
1187,17.93049431,3.211920023,154,도로,1,1231.687,0.77,50,1,0.5,44306,2022,24,강남역,1,0.6,참,0.729,0.199,0.1,0.35,2,0.2,51
1188,17.75152352,2.955716753,154,도로,1,1597.92,0.999,30,1,0.7,19749.42,2022,16,강남역,9,0.2,참,0.735,0.215,0.1,0.15,2,0.2,64
1189,17.68930435,2.86664772,154,도로,1,1601.212,1,50,1,0.7,19749.42,2022,16,강남역,9,0.6,참,0.737,0.221,0.1,0.35,2,0.2,66
1190,17.50023304,2.987083127,154,도로,1,1601.212,1,30,1,0.5,44306,2022,16,강남역,9,0.2,참,0.743,0.213,0.1,0.15,2,0.2,66
1191,17.30503845,3.111418962,154,도로,1,1413.913,0.884,50,1,0.5,44306,2022,17,강남역,8,0.6,참,0.749,0.205,0.1,0.35,2,0.2,58
1192,17.13166203,3.008176616,131,상업·업무시설,1,334.854,0.209,30,1,0,0,0,17,강남역,8,0.2,참,0.755,0.212,0.1,0.15,0,0,52
1193,16.58870316,2.684854984,112,공동주거시설,1,530.73,0.332,50,1,0.3,788.5,2010,18,강남역,7,0.6,참,0.772,0.233,0.1,0.35,1,0.1,54
1194,16.58870316,2.684854984,131,상업·업무시설,1,51.076,0.032,30,1,0.7,5334.03,2022,20,강남역,6,0.2,참,0.772,0.233,0.1,0.15,2,0.2,54
1195,17.10773365,1.223417694,131,상업·업무시설,1,496.999,0.311,30,2,0.7,5334.03,2022,20,강남역,6,0.2,참,0.755,0.379,0.2,0.2,2,0.2,55
1196,17.11190224,1.211680174,154,도로,1,844.971,0.528,30,1,0.7,5334.03,2022,21,강남역,5,0.2,참,0.755,0.381,0.1,0.15,2,0.2,53
1197,17.11190224,0.685983652,154,도로,1,946.222,0.591,100,1,0.7,234.64,2022,21,강남역,5,1,참,0.755,0.487,0.1,0.55,2,0.2,49
1198,17.11190224,0.503225327,131,상업·업무시설,1,615.458,0.385,100,1,0.7,1122.1,2022,0,없음,,1,거짓,0.755,0.545,0.1,0.55,2,0.2,38
1199,16.76584147,0.43398296,154,도로,1,844.311,0.528,100,1,0.7,9277.2,2022,0,없음,,1,거짓,0.767,0.572,0.1,0.55,2,0.2,41
1200,16.40857315,0.362498105,423,기타초지,0.4,46.14,0.012,100,1,0.7,9277.2,2022,0,없음,,1,거짓,0.778,0.606,0.1,0.55,2,0.2,42
1201,16.58834468,0.348366334,154,도로,1,1130.804,0.707,30,1,0.7,9277.2,2022,0,없음,,0.2,거짓,0.772,0.613,0.1,0.15,2,0.2,40
1202,17.15133095,0.304110199,154,도로,1,720.553,0.45,50,1,0.7,9277.2,2022,0,없음,,0.6,거짓,0.754,0.638,0.1,0.35,2,0.2,37
1203,17.15133095,0.304110199,154,도로,1,475.085,0.297,30,1,0.7,9277.2,2022,0,없음,,0.2,거짓,0.754,0.638,0.1,0.15,2,0.2,36
1204,17.19878044,0.480180633,154,도로,1,882.496,0.552,30,2,0.7,5802.81,2022,0,없음,,0.2,거짓,0.752,0.553,0.2,0.2,2,0.2,39
1205,17.19916153,0.481594741,154,도로,1,889.927,0.556,30,2,0.7,5802.81,2022,0,없음,,0.2,거짓,0.752,0.553,0.2,0.2,2,0.2,40
1206,16.89228309,0.649589895,154,도로,1,759.504,0.475,30,1,0.7,2750.19,2022,0,없음,,0.2,거짓,0.762,0.497,0.1,0.15,2,0.2,35
1207,16.78559685,0.707993388,131,상업·업무시설,1,36.247,0.023,30,1,0.7,51270.15,2022,0,없음,,0.2,거짓,0.766,0.481,0.1,0.15,2,0.2,34
1208,16.95407609,0.645430694,423,기타초지,0.4,0.825,0,50,1,0.7,51270.15,2022,0,없음,,0.6,거짓,0.76,0.498,0.1,0.35,2,0.2,34
1209,17.1280117,0.580841839,154,도로,1,2.305,0.001,30,1,0.7,51270.15,2022,0,없음,,0.2,거짓,0.755,0.518,0.1,0.15,2,0.2,34
1210,17.25043134,0.544081937,154,도로,1,397.288,0.248,30,1,0.7,51270.15,2022,0,없음,,0.2,거짓,0.751,0.53,0.1,0.15,2,0.2,37
1211,17.63381004,0.428961813,154,도로,1,788.235,0.493,50,1,0.7,19446.73,2022,0,없음,,0.6,거짓,0.739,0.574,0.1,0.35,2,0.2,38
1212,17.63381004,0.428961813,154,도로,1,1575.847,0.985,30,1,0.7,19446.73,2022,0,없음,,0.2,거짓,0.739,0.574,0.1,0.15,2,0.2,49
1213,18.20727396,0.594175879,154,도로,1,1373.163,0.858,50,1,0.7,19446.73,2022,0,없음,,0.6,거짓,0.721,0.514,0.1,0.35,2,0.2,42
1214,18.21187973,0.595502794,154,도로,1,884.323,0.553,100,1,0.7,19446.73,2022,0,없음,,1,거짓,0.721,0.513,0.1,0.55,2,0.2,37
1215,19.14413148,0.402185285,154,도로,1,1171.578,0.732,30,1,0.7,19446.73,2022,0,없음,,0.2,거짓,0.693,0.586,0.1,0.15,2,0.2,41
1216,19.49914932,0.328566581,154,도로,1,52.914,0.033,50,1,0.7,19036.29,2022,0,없음,,0.6,거짓,0.683,0.624,0.1,0.35,2,0.2,34
1217,28.9322705,4.450406848,131,상업·업무시설,1,24.637,0.015,30,1,0,0,0,0,없음,,0.2,거짓,0.465,0.139,0.1,0.15,0,0,23
1218,26.68213844,3.659294844,131,상업·업무시설,1,3.836,0.002,30,1,0,0,0,0,없음,,0.2,거짓,0.51,0.175,0.1,0.15,0,0,24
1219,26.68213844,3.659294844,112,공동주거시설,1,31.385,0.02,30,1,0,0,0,0,없음,,0.2,거짓,0.51,0.175,0.1,0.15,0,0,23
1220,19.61065806,2.17794029,423,기타초지,0.4,72.541,0.018,30,1,0.3,2264,2022,0,없음,,0.2,거짓,0.68,0.272,0.1,0.15,1,0.1,29
1221,19.55386353,2.166042805,112,공동주거시설,1,169.842,0.106,50,2,0.3,2264,2022,0,없음,,0.6,거짓,0.682,0.273,0.2,0.4,1,0.1,30
1222,19.55386353,0.691501059,154,도로,1,989.917,0.619,50,2,0.4,4196.7,2022,0,없음,,0.6,거짓,0.682,0.485,0.2,0.4,1,0.1,36
1223,19.55386353,0.178876817,154,도로,1,949.811,0.594,50,1,0.4,4196.7,2022,0,없음,,0.6,거짓,0.682,0.737,0.1,0.35,1,0.1,43
1224,19.03533968,0.592859691,154,도로,1,672.165,0.42,100,1,0.5,107.1,2010,0,없음,,1,거짓,0.696,0.514,0.1,0.55,2,0.2,35
1225,18.50002289,1.020249844,154,도로,1,819.709,0.512,100,1,0.3,136.8,2011,0,없음,,1,거짓,0.712,0.413,0.1,0.55,1,0.1,28
1226,18.80666334,1.396439013,154,도로,1,826.171,0.516,0,0,0,0,0,0,없음,,0,거짓,0.703,0.354,0,0,0,0,23
1227,19.76696205,2.574541807,154,도로,1,728.134,0.455,0,0,0,0,0,0,없음,,0,거짓,0.676,0.241,0,0,0,0,19
1228,19.76696205,2.574541807,154,도로,1,890.414,0.557,0,0,0,0,0,0,없음,,0,거짓,0.676,0.241,0,0,0,0,20
1229,19.25874521,3.304075374,112,공동주거시설,1,45.159,0.028,50,1,0,0,0,0,없음,,0.6,거짓,0.69,0.194,0.1,0.35,0,0,22
1230,19.25466347,3.309934616,111,단독주거시설,1,52.342,0.033,50,1,0,0,0,0,없음,,0.6,거짓,0.69,0.194,0.1,0.35,0,0,29
1231,18.84589794,2.675236927,111,단독주거시설,1,30.521,0.019,50,1,0,0,0,0,없음,,0.6,거짓,0.702,0.233,0.1,0.35,0,0,29
1232,18.70379066,2.45458436,154,도로,1,793.491,0.496,30,1,0.2,288.74,2022,0,없음,,0.2,거짓,0.706,0.249,0.1,0.15,1,0.1,29
1233,18.3787959,2.296667218,112,공동주거시설,1,15.13,0.009,30,1,0,0,0,0,없음,,0.2,거짓,0.716,0.262,0.1,0.15,0,0,29
1234,18.04327583,2.133635759,154,도로,1,666.335,0.416,30,1,0,0,0,0,없음,,0.2,거짓,0.726,0.276,0.1,0.15,0,0,28
1235,19.48499529,3.127336654,423,기타초지,0.4,64.182,0.016,30,1,0,0,0,0,없음,,0.2,거짓,0.683,0.204,0.1,0.15,0,0,24
1236,23.99999428,6.239286423,423,기타초지,0.4,13.327,0.003,30,1,0,0,0,0,없음,,0.2,거짓,0.568,0.076,0.1,0.15,0,0,17
1237,23.99999428,6.239286423,154,도로,1,828.589,0.518,0,0,0,0,0,0,없음,,0,거짓,0.568,0.076,0,0,0,0,20
1238,37.17456877,5.090439947,154,도로,1,1601.212,1,0,0,0,0,0,0,없음,,0,거짓,0.327,0.114,0,0,0,0,29
1239,37.28038025,5.081212997,154,도로,1,1234.256,0.771,0,0,0,0,0,0,없음,,0,거짓,0.325,0.114,0,0,0,0,15
1240,37.97996463,4.720776932,154,도로,1,985.549,0.616,0,0,0,0,0,0,없음,,0,거짓,0.315,0.128,0,0,0,0,13
1241,38.22317505,4.595471382,154,도로,1,1115.022,0.697,0,0,0,0,0,0,없음,,0,거짓,0.311,0.133,0,0,0,0,12
1242,38.22317505,5.062492752,154,도로,1,730.017,0.456,0,0,0,0,0,0,없음,,0,거짓,0.311,0.115,0,0,0,0,10
1243,38.22317505,5.544639111,131,상업·업무시설,1,310.225,0.194,30,1,0,0,0,0,없음,,0.2,거짓,0.311,0.098,0.1,0.15,0,0,13
1244,35.69298149,5.540318849,154,도로,1,1053.783,0.659,30,2,0,0,0,0,없음,,0.2,거짓,0.349,0.098,0.2,0.2,0,0,19
1245,27.7692337,5.526789188,154,도로,1,611.446,0.382,0,0,0,0,0,0,없음,,0,거짓,0.488,0.098,0,0,0,0,13
1246,27.7692337,5.526789188,154,도로,1,761.139,0.476,0,0,0,0,0,0,없음,,0,거짓,0.488,0.098,0,0,0,0,14
1247,29.76244158,6.432994154,154,도로,1,1013.579,0.633,0,0,0,0,0,0,없음,,0,거짓,0.45,0.07,0,0,0,0,12
1248,29.77845001,6.440272331,154,도로,1,696.533,0.435,0,0,0,0,0,0,없음,,0,거짓,0.449,0.07,0,0,0,0,13
1249,32.68723021,6.589361579,111,단독주거시설,1,78.753,0.049,0,0,0,0,0,0,없음,,0,거짓,0.398,0.066,0,0,0,0,11
1250,33.69846725,6.641192436,111,단독주거시설,1,14.521,0.009,0,0,0,0,0,0,없음,,0,거짓,0.381,0.064,0,0,0,0,10
1251,30.02041151,6.329520534,131,상업·업무시설,1,7.521,0.005,0,0,0,0,0,0,없음,,0,거짓,0.445,0.073,0,0,0,0,12
1252,26.22323799,6.007754803,112,공동주거시설,1,142.496,0.089,0,0,0,0,0,0,없음,,0,거짓,0.519,0.083,0,0,0,0,14
1253,24.87010363,5.561767977,131,상업·업무시설,1,0.141,0,0,0,0,0,0,0,없음,,0,거짓,0.549,0.097,0,0,0,0,14
1254,20.63252449,4.165081501,131,상업·업무시설,1,55.777,0.035,0,0,0,0,0,0,없음,,0,거짓,0.652,0.151,0,0,0,0,18
1255,20.63252449,4.165081501,131,상업·업무시설,1,2.845,0.002,0,0,0,0,0,27,강남역,11,0,참,0.652,0.151,0,0,0,0,33
1256,17.95202273,3.219514337,131,상업·업무시설,1,0.314,0,0,0,0,0,0,25,강남역,12,0,참,0.729,0.199,0,0,0,0,43
1257,17.93049431,3.211920023,131,상업·업무시설,1,0.384,0,30,1,0.5,15558.7,2022,24,강남역,1,0.2,참,0.729,0.199,0.1,0.15,2,0.2,50
1258,17.75152352,2.955716753,131,상업·업무시설,1,0.047,0,100,1,0.5,15558.7,2022,24,강남역,1,1,참,0.735,0.215,0.1,0.55,2,0.2,56
1259,17.68930435,2.86664772,154,도로,1,1181.745,0.739,100,1,0.5,44306,2022,18,강남역,7,1,참,0.737,0.221,0.1,0.55,2,0.2,58
1260,17.50023304,2.987083127,154,도로,1,1037.919,0.649,30,1,0.5,15558.7,2022,18,강남역,7,0.2,참,0.743,0.213,0.1,0.15,2,0.2,50
1261,17.30503845,3.111418962,131,상업·업무시설,1,89.079,0.056,30,1,0,0,0,18,강남역,7,0.2,참,0.749,0.205,0.1,0.15,0,0,53
1262,17.13166203,3.008176616,154,도로,1,1597.142,0.998,30,1,0.5,44306,2022,18,강남역,7,0.2,참,0.755,0.212,0.1,0.15,2,0.2,61
1263,16.58870316,2.684854984,112,공동주거시설,1,69.938,0.044,0,0,0.3,788.5,2010,18,강남역,7,0,참,0.772,0.233,0,0,1,0.1,60
1264,16.58870316,2.684854984,131,상업·업무시설,1,389.162,0.243,100,1,0,0,0,20,강남역,6,1,참,0.772,0.233,0.1,0.55,0,0,60
1265,17.10773365,1.223417694,154,도로,1,747.677,0.467,30,1,0.7,5334.03,2022,20,강남역,6,0.2,참,0.755,0.379,0.1,0.15,2,0.2,55
1266,17.11190224,1.211680174,154,도로,1,924.881,0.578,50,1,0.7,5334.03,2022,21,강남역,5,0.6,참,0.755,0.381,0.1,0.35,2,0.2,58
1267,17.11190224,0.685983652,131,상업·업무시설,1,26.888,0.017,30,2,0.7,1836.64,2022,21,강남역,5,0.2,참,0.755,0.487,0.2,0.2,2,0.2,60
1268,17.11190224,0.503225327,154,도로,1,776.115,0.485,30,1,0.7,5334.03,2022,21,강남역,5,0.2,참,0.755,0.545,0.1,0.15,2,0.2,49
1269,16.76584147,0.43398296,154,도로,1,906.859,0.567,100,1,0.7,9277.2,2022,0,없음,,1,거짓,0.767,0.572,0.1,0.55,2,0.2,40
1270,16.40857315,0.362498105,131,상업·업무시설,1,383.009,0.239,30,1,0.7,2302.48,2022,0,없음,,0.2,거짓,0.778,0.606,0.1,0.15,2,0.2,40
1271,16.58834468,0.348366334,131,상업·업무시설,1,0.521,0,30,1,0.7,2302.48,2022,0,없음,,0.2,거짓,0.772,0.613,0.1,0.15,2,0.2,39
1272,17.15133095,0.304110199,154,도로,1,682.843,0.427,30,1,0.7,9277.2,2022,0,없음,,0.2,거짓,0.754,0.638,0.1,0.15,2,0.2,41
1273,17.15133095,0.304110199,423,기타초지,0.4,182.321,0.046,30,1,0.7,9277.2,2022,0,없음,,0.2,거짓,0.754,0.638,0.1,0.15,2,0.2,39
1274,17.19878044,0.480180633,423,기타초지,0.4,178.787,0.045,30,1,0.7,9277.2,2022,0,없음,,0.2,거짓,0.752,0.553,0.1,0.15,2,0.2,44
1275,17.19916153,0.481594741,112,공동주거시설,1,247.96,0.155,30,1,0.7,51270.15,2022,0,없음,,0.2,거짓,0.752,0.553,0.1,0.15,2,0.2,36
1276,16.89228309,0.649589895,112,공동주거시설,1,164.088,0.103,30,1,0.7,51270.15,2022,0,없음,,0.2,거짓,0.762,0.497,0.1,0.15,2,0.2,33
1277,16.78559685,0.707993388,141,문화·체육·휴양시설,1,37.973,0.024,30,1,0.7,51270.15,2022,0,없음,,0.2,거짓,0.766,0.481,0.1,0.15,2,0.2,34
1278,16.95407609,0.645430694,423,기타초지,0.4,144.014,0.036,30,1,0.7,51270.15,2022,0,없음,,0.2,거짓,0.76,0.498,0.1,0.15,2,0.2,34
1279,17.1280117,0.580841839,423,기타초지,0.4,756.526,0.189,30,1,0.7,51270.15,2022,0,없음,,0.2,거짓,0.755,0.518,0.1,0.15,2,0.2,34
1280,17.25043134,0.544081937,141,문화·체육·휴양시설,1,196.773,0.123,30,1,0.7,51270.15,2022,0,없음,,0.2,거짓,0.751,0.53,0.1,0.15,2,0.2,36
1281,17.63381004,0.428961813,131,상업·업무시설,1,14.186,0.009,50,1,0.7,51270.15,2022,0,없음,,0.6,거짓,0.739,0.574,0.1,0.35,2,0.2,36
1282,17.63381004,0.428961813,423,기타초지,0.4,85.994,0.021,30,1,0.7,51270.15,2022,0,없음,,0.2,거짓,0.739,0.574,0.1,0.15,2,0.2,36
1283,18.20727396,0.594175879,154,도로,1,530.269,0.331,30,2,0.7,19446.73,2022,0,없음,,0.2,거짓,0.721,0.514,0.2,0.2,2,0.2,35
1284,18.21187973,0.595502794,154,도로,1,1336.515,0.835,30,2,0.7,19446.73,2022,0,없음,,0.2,거짓,0.721,0.513,0.2,0.2,2,0.2,38
1285,18.93460379,0.445634247,154,도로,1,941.856,0.589,50,1,0.7,19446.73,2022,0,없음,,0.6,거짓,0.699,0.567,0.1,0.35,2,0.2,44
1286,27.83719829,3.162916405,154,도로,1,273.706,0.171,30,1,0,0,0,0,없음,,0.2,거짓,0.486,0.202,0.1,0.15,0,0,24
1287,27.40829251,3.103756412,131,상업·업무시설,1,436.383,0.273,30,1,0,0,0,0,없음,,0.2,거짓,0.495,0.206,0.1,0.15,0,0,26
1288,25.49060699,2.46717381,131,상업·업무시설,1,77.407,0.048,30,1,0,0,0,0,없음,,0.2,거짓,0.535,0.248,0.1,0.15,0,0,24
1289,25.49060699,2.46717381,154,도로,1,675.419,0.422,30,1,0.2,1032,2023,0,없음,,0.2,거짓,0.535,0.248,0.1,0.15,1,0.1,27
1290,19.84028902,2.031340983,131,상업·업무시설,1,1.82,0.001,50,1,0.3,2264,2022,0,없음,,0.6,거짓,0.674,0.285,0.1,0.35,1,0.1,32
1291,19.79490854,2.027840596,154,도로,1,732.569,0.458,50,1,0.3,2264,2022,0,없음,,0.6,거짓,0.675,0.285,0.1,0.35,1,0.1,30
1292,19.79490854,1.94596949,154,도로,1,713.198,0.446,50,1,0.2,188.05,2022,0,없음,,0.6,거짓,0.675,0.293,0.1,0.35,1,0.1,25
1293,19.79490854,1.917507011,154,도로,1,853.045,0.533,100,1,0,0,0,0,없음,,1,거짓,0.675,0.295,0.1,0.55,0,0,29
1294,20.19521461,3.038714427,154,도로,1,799.571,0.5,100,1,0.5,107.1,2010,0,없음,,1,거짓,0.664,0.21,0.1,0.55,2,0.2,25
1295,20.60848503,4.196233346,154,도로,1,699.084,0.437,0,0,0,0,0,0,없음,,0,거짓,0.653,0.15,0,0,0,0,18
1296,21.97976734,4.595128391,154,도로,1,726.191,0.454,0,0,0,0,0,0,없음,,0,거짓,0.617,0.133,0,0,0,0,17
1297,26.27417997,5.844338641,154,도로,1,890.096,0.556,0,0,0,0,0,0,없음,,0,거짓,0.518,0.088,0,0,0,0,14
1298,26.27417997,5.844338641,154,도로,1,933.119,0.583,0,0,0,0,0,0,없음,,0,거짓,0.518,0.088,0,0,0,0,14
1299,27.67594235,5.61346897,154,도로,1,838.222,0.524,0,0,0,0,0,0,없음,,0,거짓,0.49,0.095,0,0,0,0,14
1300,27.6872006,5.611614742,154,도로,1,769.432,0.481,50,1,0,0,0,0,없음,,0.6,거짓,0.489,0.095,0.1,0.35,0,0,17
1301,24.75611155,4.693043141,154,도로,1,811.828,0.507,100,1,0.3,181.5,2011,0,없음,,1,거짓,0.551,0.129,0.1,0.55,1,0.1,25
1302,23.73711884,4.373701846,131,상업·업무시설,1,99.856,0.062,50,1,0.2,164.44,2022,0,없음,,0.6,거짓,0.574,0.142,0.1,0.35,1,0.1,25
1303,21.40038163,3.349219877,154,도로,1,805.324,0.503,30,1,0.2,164.44,2022,0,없음,,0.2,거짓,0.632,0.192,0.1,0.15,1,0.1,25
1304,18.98796669,2.291558961,112,공동주거시설,1,226.717,0.142,30,1,0,0,0,0,없음,,0.2,거짓,0.698,0.262,0.1,0.15,0,0,30
1305,21.25056457,3.410728988,154,도로,1,1020.36,0.638,30,2,0,0,0,0,없음,,0.2,거짓,0.636,0.188,0.2,0.2,0,0,29
1306,28.33628923,6.915607495,154,도로,1,1243.71,0.777,30,1,0,0,0,0,없음,,0.2,거짓,0.477,0.057,0.1,0.15,0,0,21
1307,28.33628923,6.915607495,154,도로,1,1164.73,0.728,0,0,0,0,0,0,없음,,0,거짓,0.477,0.057,0,0,0,0,21
1308,40.84953194,5.305435029,154,도로,1,1331.528,0.832,0,0,0,0,0,0,없음,,0,거짓,0.275,0.106,0,0,0,0,12
1309,40.95003194,5.292502944,154,도로,1,636.544,0.398,0,0,0,0,0,0,없음,,0,거짓,0.273,0.106,0,0,0,0,10
1310,42.01891723,3.656514137,154,도로,1,963.354,0.602,0,0,0,0,0,0,없음,,0,거짓,0.259,0.175,0,0,0,0,11
1311,42.39051506,3.087762846,154,도로,1,722.901,0.452,0,0,0,0,0,0,없음,,0,거짓,0.254,0.207,0,0,0,0,11
1312,42.39051506,3.767371434,154,도로,1,836.977,0.523,0,0,0,0,0,0,없음,,0,거짓,0.254,0.17,0,0,0,0,10
1313,42.39051506,4.468989875,154,도로,1,601.14,0.376,0,0,0,0,0,0,없음,,0,거짓,0.254,0.138,0,0,0,0,9
1314,40.89525013,4.874507702,154,도로,1,677.778,0.424,0,0,0,0,0,0,없음,,0,거짓,0.274,0.122,0,0,0,0,9
1315,36.21256405,6.144458362,154,도로,1,458.968,0.287,0,0,0,0,0,0,없음,,0,거짓,0.341,0.079,0,0,0,0,10
1316,36.21256405,6.144458362,154,도로,1,302.593,0.189,0,0,0.5,268.8,2010,0,없음,,0,거짓,0.341,0.079,0,0,2,0.2,10
1317,43.22952692,7.012353006,154,도로,1,717.032,0.448,0,0,0,0,0,0,없음,,0,거짓,0.243,0.054,0,0,0,0,8
1318,43.28588359,7.019323494,154,도로,1,604.148,0.378,0,0,0,0,0,0,없음,,0,거짓,0.243,0.054,0,0,0,0,8
1319,41.67682378,6.614999423,111,단독주거시설,1,6.475,0.004,0,0,0,0,0,0,없음,,0,거짓,0.264,0.065,0,0,0,0,9
1320,41.11743435,6.474436214,111,단독주거시설,1,20.859,0.013,0,0,0,0,0,0,없음,,0,거짓,0.271,0.069,0,0,0,0,8
1321,37.1831266,6.471465876,112,공동주거시설,1,19.274,0.012,0,0,0,0,0,0,없음,,0,거짓,0.327,0.069,0,0,0,0,10
1322,33.12140208,6.468399342,111,단독주거시설,1,211.036,0.132,0,0,0,0,0,0,없음,,0,거짓,0.391,0.069,0,0,0,0,12
1323,31.57601151,6.133174815,131,상업·업무시설,1,42.084,0.026,0,0,0,0,0,0,없음,,0,거짓,0.417,0.079,0,0,0,0,12
1324,26.73634815,5.083360032,131,상업·업무시설,1,116.447,0.073,0,0,0,0,0,0,없음,,0,거짓,0.509,0.114,0,0,0,0,14
1325,26.73634815,5.083360032,131,상업·업무시설,1,5.312,0.003,0,0,0,0,0,0,없음,,0,거짓,0.509,0.114,0,0,0,0,15
1326,26.55755702,3.621626143,131,상업·업무시설,1,60.442,0.038,0,0,0,0,0,25,강남역,12,0,참,0.512,0.177,0,0,0,0,29
1327,26.55612106,3.609886241,154,도로,1,740.617,0.463,30,1,0,0,0,24,강남역,1,0.2,참,0.513,0.178,0.1,0.15,0,0,42
1328,23.8209105,2.73101125,154,도로,1,1539.709,0.962,30,1,0.5,15558.7,2022,24,강남역,1,0.2,참,0.573,0.23,0.1,0.15,2,0.2,50
1329,22.87001491,2.425470477,131,상업·업무시설,1,650.599,0.407,30,1,0,0,0,19,강남역,2,0.2,참,0.595,0.252,0.1,0.15,0,0,50
1330,23.99967581,2.508238684,131,상업·업무시설,1,280.078,0.175,50,1,0,0,0,18,강남역,7,0.6,참,0.568,0.245,0.1,0.35,0,0,48
1331,25.16592199,2.593687428,131,상업·업무시설,1,29.199,0.018,50,1,0,0,0,18,강남역,7,0.6,참,0.542,0.239,0.1,0.35,0,0,48
1332,24.99728861,2.650872216,131,상업·업무시설,1,0.099,0,50,1,0.5,44306,2022,18,강남역,7,0.6,참,0.546,0.235,0.1,0.35,2,0.2,45
1333,24.46918344,2.829956472,154,도로,1,1076.491,0.673,100,1,0.5,44306,2022,18,강남역,7,1,참,0.558,0.223,0.1,0.55,2,0.2,46
1334,24.46918344,2.829956472,154,도로,1,1423.604,0.89,100,1,0.7,24932.26,2022,20,강남역,6,1,참,0.558,0.223,0.1,0.55,2,0.2,50
1335,18.17247769,1.84042591,154,도로,1,1573.155,0.983,100,1,0.5,44306,2022,20,강남역,6,1,참,0.722,0.303,0.1,0.55,2,0.2,61
1336,18.12190575,1.832478504,154,도로,1,1501.148,0.938,100,1,0.5,44306,2022,21,강남역,5,1,참,0.724,0.304,0.1,0.55,2,0.2,62
1337,18.12190575,0.78907961,131,상업·업무시설,1,0.043,0,30,1,0.7,1836.64,2022,21,강남역,5,0.2,참,0.724,0.461,0.1,0.15,2,0.2,58
1338,18.12190575,0.426342123,154,도로,1,785.812,0.491,30,2,0.7,24932.26,2022,21,강남역,5,0.2,참,0.724,0.575,0.2,0.2,2,0.2,50
1339,17.77383921,0.387810219,154,도로,1,1032.864,0.646,100,1,0.7,5334.03,2022,0,없음,,1,거짓,0.734,0.593,0.1,0.55,2,0.2,42
1340,17.41450016,0.348030418,112,공동주거시설,1,350.353,0.219,100,1,0.7,2367.79,2022,0,없음,,1,거짓,0.746,0.613,0.1,0.55,2,0.2,41
1341,17.39652342,0.310581981,154,도로,1,887.176,0.554,30,2,0.7,2367.79,2022,0,없음,,0.2,거짓,0.746,0.634,0.2,0.2,2,0.2,41
1342,17.3402261,0.193305593,154,도로,1,479.55,0.3,30,2,0.7,2367.79,2022,0,없음,,0.2,거짓,0.748,0.723,0.2,0.2,2,0.2,40
1343,17.3402261,0.193305593,154,도로,1,725.171,0.453,30,2,0.7,5802.81,2022,0,없음,,0.2,거짓,0.748,0.723,0.2,0.2,2,0.2,42
1344,17.60089762,0.420473046,154,도로,1,1133.628,0.709,30,2,0.7,5802.81,2022,0,없음,,0.2,거짓,0.74,0.578,0.2,0.2,2,0.2,44
1345,17.6029912,0.42229754,423,기타초지,0.4,0.505,0,50,1,0.7,51270.15,2022,0,없음,,0.6,거짓,0.74,0.577,0.1,0.35,2,0.2,39
1346,18.40102921,0.495988648,131,상업·업무시설,1,12.786,0.008,30,1,0.7,51270.15,2022,0,없음,,0.2,거짓,0.715,0.547,0.1,0.15,2,0.2,37
1347,18.67846702,0.521607351,423,기타초지,0.4,111.685,0.028,30,1,0.7,51270.15,2022,0,없음,,0.2,거짓,0.707,0.538,0.1,0.15,2,0.2,38
1348,18.49492568,0.483246829,423,기타초지,0.4,1.342,0,50,1,0.7,51270.15,2022,0,없음,,0.6,거짓,0.712,0.552,0.1,0.35,2,0.2,34
1349,18.30544016,0.44364396,154,도로,1,19.133,0.012,30,1,0.7,51270.15,2022,0,없음,,0.2,거짓,0.718,0.568,0.1,0.15,2,0.2,35
1350,18.28915048,0.403860236,141,문화·체육·휴양시설,1,0.089,0,50,1,0.7,51270.15,2022,0,없음,,0.6,거짓,0.718,0.585,0.1,0.35,2,0.2,35
1351,18.23813645,0.279270482,141,문화·체육·휴양시설,1,16.174,0.01,50,1,0.7,51270.15,2022,0,없음,,0.6,거짓,0.72,0.654,0.1,0.35,2,0.2,39
1352,18.23813645,0.279270482,131,상업·업무시설,1,5.515,0.003,30,1,0.7,51270.15,2022,0,없음,,0.2,거짓,0.72,0.654,0.1,0.15,2,0.2,38
1353,18.52424692,0.512591616,112,공동주거시설,1,136.369,0.085,30,2,0.7,51270.15,2022,0,없음,,0.2,거짓,0.711,0.541,0.2,0.2,2,0.2,34
1354,18.52654481,0.514465533,154,도로,1,561.963,0.351,30,2,0.7,19036.29,2022,0,없음,,0.2,거짓,0.711,0.54,0.2,0.2,2,0.2,36
1355,18.65226461,0.498752749,154,도로,1,333.069,0.208,30,1,0.7,19036.29,2022,0,없음,,0.2,거짓,0.708,0.546,0.1,0.15,2,0.2,36
1356,27.83311844,3.159714937,154,도로,1,838.238,0.524,30,1,0,0,0,0,없음,,0.2,거짓,0.487,0.202,0.1,0.15,0,0,24
1357,27.23744957,2.963378312,154,도로,1,697.536,0.436,30,1,0,0,0,0,없음,,0.2,거짓,0.499,0.214,0.1,0.15,0,0,24
1358,25.37200737,2.348515511,131,상업·업무시설,1,19.824,0.012,30,1,0,0,0,0,없음,,0.2,거짓,0.538,0.258,0.1,0.15,0,0,26
1359,25.37200737,2.348515511,111,단독주거시설,1,14,0.009,30,1,0,0,0,0,없음,,0.2,거짓,0.538,0.258,0.1,0.15,0,0,25
1360,19.86314544,2.016749156,154,도로,1,871.707,0.545,50,2,0.2,297.87,2022,0,없음,,0.6,거짓,0.673,0.286,0.2,0.4,1,0.1,29
1361,19.81890106,2.014084578,112,공동주거시설,1,71.635,0.045,50,1,0.2,305.64,2022,0,없음,,0.6,거짓,0.674,0.286,0.1,0.35,1,0.1,29
1362,19.81890106,2.070833565,154,도로,1,594.158,0.371,30,1,0.2,232.29,2022,0,없음,,0.2,거짓,0.674,0.281,0.1,0.15,1,0.1,23
1363,19.81890106,2.090562344,154,도로,1,844.793,0.528,100,1,0,0,0,0,없음,,1,거짓,0.674,0.279,0.1,0.55,0,0,23
1364,20.31066328,3.282163669,154,도로,1,902.849,0.564,0,0,0,0,0,0,없음,,0,거짓,0.661,0.195,0,0,0,0,18
1365,20.81835175,4.512356281,154,도로,1,921.92,0.576,0,0,0.5,267.4,2011,0,없음,,0,거짓,0.647,0.136,0,0,2,0.2,18
1366,22.29560366,4.913511365,154,도로,1,843.092,0.527,0,0,0,0,0,0,없음,,0,거짓,0.609,0.12,0,0,0,0,16
1367,26.92187881,6.169799328,154,도로,1,765.995,0.479,0,0,0.2,245,2022,0,없음,,0,거짓,0.505,0.078,0,0,1,0.1,14
1368,26.92187881,6.169799328,154,도로,1,814.157,0.509,0,0,0,0,0,0,없음,,0,거짓,0.505,0.078,0,0,0,0,14
1369,28.51375183,5.843335492,154,도로,1,735.967,0.46,0,0,0,0,0,0,없음,,0,거짓,0.473,0.088,0,0,0,0,13
1370,28.52653694,5.840713501,131,상업·업무시설,1,0.865,0.001,100,1,0,0,0,0,없음,,1,거짓,0.473,0.088,0.1,0.55,0,0,17
1371,25.3443873,4.893886383,111,단독주거시설,1,0.604,0,100,1,0,0,0,0,없음,,1,거짓,0.538,0.121,0.1,0.55,0,0,26
1372,24.2381134,4.564722061,154,도로,1,677.884,0.424,30,1,0,0,0,0,없음,,0.2,거짓,0.563,0.134,0.1,0.15,0,0,25
1373,21.70113652,3.453986176,154,도로,1,621.508,0.388,30,1,0.2,270.09,2022,0,없음,,0.2,거짓,0.624,0.186,0.1,0.15,1,0.1,26
1374,19.08199692,2.307277918,154,도로,1,1123.214,0.702,30,2,0.2,270.09,2022,0,없음,,0.2,거짓,0.695,0.261,0.2,0.2,1,0.1,33
1375,21.42630129,3.438936571,154,도로,1,1237.24,0.773,30,2,0,0,0,0,없음,,0.2,거짓,0.631,0.187,0.2,0.2,0,0,33
1376,28.76790428,6.982925415,154,도로,1,806.322,0.504,30,2,0,0,0,0,없음,,0.2,거짓,0.468,0.055,0.2,0.2,0,0,22
1377,28.76790428,6.982925415,423,기타초지,0.4,17.166,0.004,30,1,0,0,0,0,없음,,0.2,거짓,0.468,0.055,0.1,0.15,0,0,28
1378,41.21532104,5.326834661,154,도로,1,714.882,0.447,30,1,0,0,0,0,없음,,0.2,거짓,0.27,0.105,0.1,0.15,0,0,16
1379,41.31529236,5.313533783,154,도로,1,336.633,0.21,0,0,0,0,0,0,없음,,0,거짓,0.268,0.106,0,0,0,0,10
1380,42.42093618,3.550582265,154,도로,1,703.544,0.44,0,0,0,0,0,0,없음,,0,거짓,0.254,0.181,0,0,0,0,11
1381,42.80531311,2.937692404,154,도로,1,517.386,0.323,0,0,0,0,0,0,없음,,0,거짓,0.249,0.216,0,0,0,0,11
1382,42.80531311,3.638460956,423,기타초지,0.4,171.841,0.043,0,0,0.3,278.8,2011,0,없음,,0,거짓,0.249,0.176,0,0,1,0.1,10
1383,42.80531311,4.361924648,154,도로,1,691.873,0.432,0,0,0,0,0,0,없음,,0,거짓,0.249,0.142,0,0,0,0,9
1384,41.41306026,4.808235892,154,도로,1,540.166,0.338,0,0,0,0,0,0,없음,,0,거짓,0.267,0.124,0,0,0,0,10
1385,37.0529747,6.205938339,112,공동주거시설,1,0.02,0,0,0,0.5,268.8,2010,0,없음,,0,거짓,0.329,0.077,0,0,2,0.2,9
1386,37.0529747,6.205938339,154,도로,1,938.087,0.586,0,0,0.5,268.8,2010,0,없음,,0,거짓,0.329,0.077,0,0,2,0.2,10
1387,44.56997927,7.070019748,154,도로,1,596.502,0.373,0,0,0,0,0,0,없음,,0,거짓,0.227,0.052,0,0,0,0,7
1388,44.63035202,7.07695961,154,도로,1,679.72,0.425,0,0,0,0,0,0,없음,,0,거짓,0.226,0.052,0,0,0,0,7
1389,42.57160699,6.617551297,111,단독주거시설,1,6.781,0.004,0,0,0,0,0,0,없음,,0,거짓,0.252,0.065,0,0,0,0,8
1390,41.85588455,6.457838058,111,단독주거시설,1,124.073,0.078,0,0,0,0,0,0,없음,,0,거짓,0.261,0.069,0,0,0,0,9
1391,37.89607064,6.485594469,112,공동주거시설,1,245.748,0.154,0,0,0,0,0,0,없음,,0,거짓,0.316,0.068,0,0,0,0,10
1392,33.80801392,6.514249802,111,단독주거시설,1,199.074,0.124,0,0,0,0,0,0,없음,,0,거짓,0.379,0.068,0,0,0,0,11
1393,32.24348704,6.19005005,131,상업·업무시설,1,1.484,0.001,0,0,0,0,0,0,없음,,0,거짓,0.405,0.077,0,0,0,0,11
1394,27.34389496,5.174761295,131,상업·업무시설,1,56.434,0.035,0,0,0,0,0,0,없음,,0,거짓,0.496,0.111,0,0,0,0,15
1395,27.34389496,5.174761295,131,상업·업무시설,1,92.286,0.058,0,0,0,0,0,0,없음,,0,거짓,0.496,0.111,0,0,0,0,16
1396,27.41411271,3.661650521,131,상업·업무시설,1,11.634,0.007,0,0,0,0,0,25,강남역,12,0,참,0.495,0.175,0,0,0,0,31
1397,27.41467667,3.649497986,131,상업·업무시설,1,37.278,0.023,30,1,0,0,0,24,강남역,1,0.2,참,0.495,0.176,0.1,0.15,0,0,43
1398,24.42502964,2.708645088,154,도로,1,1505.711,0.941,30,1,0,0,0,24,강남역,1,0.2,참,0.559,0.231,0.1,0.15,0,0,48
1399,23.38567924,2.381557703,154,도로,1,902.959,0.564,50,1,0,0,0,24,강남역,1,0.6,참,0.583,0.255,0.1,0.35,0,0,46
1400,24.64660074,2.460576689,131,상업·업무시설,1,14.568,0.009,0,0,0,0,0,19,강남역,2,0,참,0.554,0.249,0,0,0,0,33
1401,25.94835854,2.542154789,131,상업·업무시설,1,85.909,0.054,0,0,0,0,0,19,강남역,2,0,참,0.525,0.243,0,0,0,0,32
1402,25.78019726,2.615307763,131,상업·업무시설,1,625.043,0.391,0,0,0,0,0,19,강남역,2,0,참,0.529,0.238,0,0,0,0,40
1403,25.25357056,2.844399214,131,상업·업무시설,1,387.259,0.242,0,0,0,0,0,20,강남역,6,0,참,0.54,0.222,0,0,0,0,39
1404,25.25357056,2.844399214,131,상업·업무시설,1,474.643,0.297,0,0,0,0,0,20,강남역,6,0,참,0.54,0.222,0,0,0,0,39
1405,18.27845746,1.901840098,131,상업·업무시설,1,1.868,0.001,100,1,0.5,44306,2022,21,강남역,5,1,참,0.719,0.297,0.1,0.55,2,0.2,49
1406,18.2224369,1.894269943,154,도로,1,1019.805,0.637,50,1,0.5,44306,2022,21,강남역,5,0.6,참,0.72,0.298,0.1,0.35,2,0.2,52
1407,18.2224369,0.799341312,154,도로,1,1529.194,0.956,30,1,0.5,44306,2022,21,강남역,5,0.2,참,0.72,0.458,0.1,0.15,2,0.2,63
1408,18.2224369,0.418689519,154,도로,1,1586.685,0.992,30,1,0.5,44306,2022,0,없음,,0.2,거짓,0.72,0.579,0.1,0.15,2,0.2,48
1409,17.87417071,0.383214395,154,도로,1,1257.351,0.786,30,1,0.5,44306,2022,0,없음,,0.2,거짓,0.731,0.595,0.1,0.15,2,0.2,44
1410,17.51462555,0.34659037,154,도로,1,861.71,0.539,30,2,0.7,24932.26,2022,0,없음,,0.2,거짓,0.742,0.614,0.2,0.2,2,0.2,40
1411,17.47696585,0.306821099,154,도로,1,792.092,0.495,50,2,0.7,24932.26,2022,0,없음,,0.6,거짓,0.744,0.637,0.2,0.4,2,0.2,41
1412,17.35902786,0.182276607,154,도로,1,1121.097,0.701,30,1,0.7,2367.79,2022,0,없음,,0.2,거짓,0.747,0.734,0.1,0.15,2,0.2,46
1413,17.35902786,0.182276607,154,도로,1,1187.532,0.742,30,1,0.7,5802.81,2022,0,없음,,0.2,거짓,0.747,0.734,0.1,0.15,2,0.2,47
1414,17.64092253,0.414530025,154,도로,1,709.811,0.444,30,1,0.7,5802.81,2022,0,없음,,0.2,거짓,0.738,0.581,0.1,0.15,2,0.2,42
1415,17.64318657,0.416395366,154,도로,1,440.717,0.275,30,1,0.7,1653.22,2022,0,없음,,0.2,거짓,0.738,0.58,0.1,0.15,2,0.2,38
1416,18.55120293,0.480699879,131,상업·업무시설,1,275.561,0.172,30,1,0.7,1653.22,2022,0,없음,,0.2,거짓,0.711,0.553,0.1,0.15,2,0.2,37
1417,18.86687469,0.503055334,154,도로,1,655.044,0.409,50,1,0.7,6256.35,2022,0,없음,,0.6,거짓,0.701,0.545,0.1,0.35,2,0.2,37
1418,18.64829484,0.467103785,423,기타초지,0.4,9.846,0.002,50,1,0.7,51270.15,2022,0,없음,,0.6,거짓,0.708,0.558,0.1,0.35,2,0.2,38
1419,18.42263603,0.429987907,423,기타초지,0.4,493.124,0.123,100,1,0.7,51270.15,2022,0,없음,,1,거짓,0.714,0.574,0.1,0.55,2,0.2,38
1420,18.39253985,0.389903206,423,기타초지,0.4,579.631,0.145,50,2,0.7,51270.15,2022,0,없음,,0.6,거짓,0.715,0.592,0.2,0.4,2,0.2,42
1421,18.29828835,0.264370888,154,도로,1,28.663,0.018,30,1,0.7,51270.15,2022,0,없음,,0.2,거짓,0.718,0.664,0.1,0.15,2,0.2,39
1422,18.29828835,0.264370888,154,도로,1,263.077,0.164,30,2,0.7,51270.15,2022,0,없음,,0.2,거짓,0.718,0.664,0.2,0.2,2,0.2,38
1423,18.55579696,0.50447109,423,기타초지,0.4,166.966,0.042,50,2,0.7,51270.15,2022,0,없음,,0.6,거짓,0.71,0.544,0.2,0.4,2,0.2,35
1424,18.55786514,0.506399453,423,기타초지,0.4,196.342,0.049,30,2,0.7,19036.29,2022,0,없음,,0.2,거짓,0.71,0.543,0.2,0.2,2,0.2,36
1425,18.55786514,0.506399453,154,도로,1,0.675,0,30,1,0.7,19036.29,2022,0,없음,,0.2,거짓,0.71,0.543,0.1,0.15,2,0.2,32
1426,27.44859314,1.85299778,154,도로,1,27.774,0.017,100,1,0,0,0,37,학동역,5,1,참,0.494,0.302,0.1,0.55,0,0,43
1427,27.56408599,2.245472578,154,도로,1,996.516,0.623,100,1,0,0,0,37,학동역,5,1,참,0.492,0.266,0.1,0.55,0,0,35
1428,27.2710457,2.564284486,131,상업·업무시설,1,738.36,0.461,30,1,0,0,0,0,없음,,0.2,거짓,0.498,0.241,0.1,0.15,0,0,24
1429,26.30496133,3.398302704,131,상업·업무시설,1,23.39,0.015,30,1,0,0,0,0,없음,,0.2,거짓,0.518,0.189,0.1,0.15,0,0,22
1430,26.30496133,3.398302704,154,도로,1,636.896,0.398,30,1,0.2,217.82,2022,0,없음,,0.2,거짓,0.518,0.189,0.1,0.15,1,0.1,23
1431,22.88799248,5.555296078,154,도로,1,625.932,0.391,30,1,0.2,217.82,2022,0,없음,,0.2,거짓,0.595,0.097,0.1,0.15,1,0.1,24
1432,22.86054912,5.57261995,154,도로,1,869.763,0.544,50,1,0.2,235.01,2022,0,없음,,0.6,거짓,0.595,0.097,0.1,0.35,1,0.1,21
1433,22.86054912,6.550262082,154,도로,1,549.904,0.344,0,0,0.2,232.29,2022,0,없음,,0,거짓,0.595,0.067,0,0,1,0.1,15
1434,22.86054912,6.890139238,154,도로,1,648.599,0.405,0,0,0,0,0,0,없음,,0,거짓,0.595,0.057,0,0,0,0,15
1435,24.66051332,7.182389572,154,도로,1,891.959,0.557,0,0,0,0,0,0,없음,,0,거짓,0.553,0.049,0,0,0,0,15
1436,26.51877129,7.484104745,154,도로,1,930.47,0.582,0,0,0,0,0,0,없음,,0,거짓,0.513,0.042,0,0,0,0,14
1437,28.82399177,7.063468212,154,도로,1,559.216,0.35,0,0,0,0,0,0,없음,,0,거짓,0.467,0.053,0,0,0,0,12
1438,36.04319662,5.746170652,111,단독주거시설,1,0.354,0,0,0,0.2,245,2022,0,없음,,0,거짓,0.344,0.091,0,0,1,0.1,11
1439,36.04319662,5.746170652,154,도로,1,840.721,0.525,0,0,0,0,0,0,없음,,0,거짓,0.344,0.091,0,0,0,0,10
1440,35.81748383,4.683893283,112,공동주거시설,1,0.027,0,100,1,0,0,0,0,없음,,1,거짓,0.347,0.129,0.1,0.55,0,0,16
1441,35.81567102,4.675361612,111,단독주거시설,1,24.189,0.015,100,1,0,0,0,0,없음,,1,거짓,0.347,0.129,0.1,0.55,0,0,20
1442,29.18443101,4.606009264,112,공동주거시설,1,9.917,0.006,100,1,0.5,547,2011,0,없음,,1,거짓,0.46,0.132,0.1,0.55,2,0.2,26
1443,26.8790813,4.581898929,154,도로,1,608.892,0.381,50,1,0.5,547,2011,0,없음,,0.6,거짓,0.506,0.133,0.1,0.35,2,0.2,22
1444,24.1113949,4.75885947,112,공동주거시설,1,67.866,0.042,30,1,0,0,0,0,없음,,0.2,거짓,0.566,0.126,0.1,0.15,0,0,22
1445,21.25407402,4.941551068,154,도로,1,1067.053,0.667,30,2,0,0,0,0,없음,,0.2,거짓,0.636,0.119,0.2,0.2,0,0,26
1446,23.26163335,5.75630745,131,상업·업무시설,1,7.455,0.005,30,2,0,0,0,0,없음,,0.2,거짓,0.586,0.091,0.2,0.2,0,0,26
1447,29.5486598,8.307860888,154,도로,1,956.332,0.598,30,2,0,0,0,0,없음,,0.2,거짓,0.454,0.022,0.2,0.2,0,0,22
1448,29.5486598,8.307860888,131,상업·업무시설,1,192.628,0.12,30,1,0,0,0,0,없음,,0.2,거짓,0.454,0.022,0.1,0.15,0,0,23
1449,42.88454299,7.105962254,154,도로,1,997.565,0.623,30,1,0,0,0,0,없음,,0.2,거짓,0.248,0.051,0.1,0.15,0,0,14
1450,42.99165001,7.096309216,154,도로,1,936.35,0.585,0,0,0,0,0,0,없음,,0,거짓,0.246,0.052,0,0,0,0,8
1451,45.41819148,6.080652018,154,도로,1,669.441,0.418,0,0,0,0,0,0,없음,,0,거짓,0.216,0.08,0,0,0,0,8
1452,46.2617783,5.727558928,154,도로,1,139.199,0.087,0,0,0,0,0,0,없음,,0,거짓,0.206,0.092,0,0,0,0,7
1453,46.2617783,6.058621531,154,도로,1,334.89,0.209,0,0,0.3,278.8,2011,0,없음,,0,거짓,0.206,0.081,0,0,1,0.1,7
1454,46.2617783,6.400405951,154,도로,1,618.014,0.386,0,0,0,0,0,0,없음,,0,거짓,0.206,0.071,0,0,0,0,7
1455,45.95159387,6.25608997,154,도로,1,795.417,0.497,0,0,0,0,0,0,없음,,0,거짓,0.21,0.075,0,0,0,0,7
1456,44.98019657,5.804138999,423,기타초지,0.4,276.66,0.069,0,0,0,0,0,0,없음,,0,거짓,0.221,0.089,0,0,0,0,8
1457,44.98019657,5.804138999,423,기타초지,0.4,520.814,0.13,0,0,0,0,0,0,없음,,0,거짓,0.221,0.089,0,0,0,0,9
1458,51.80370141,4.505545751,423,기타초지,0.4,529.132,0.132,0,0,0,0,0,0,없음,,0,거짓,0.143,0.136,0,0,0,0,8
1459,51.85850433,4.495116111,423,기타초지,0.4,454.729,0.114,0,0,0,0,0,0,없음,,0,거짓,0.143,0.137,0,0,0,0,7
1460,47.85259078,4.915588432,423,기타초지,0.4,1274.629,0.319,0,0,0,0,0,0,없음,,0,거짓,0.187,0.12,0,0,0,0,9
1461,46.45993546,5.061765579,154,도로,1,8.639,0.005,0,0,0,0,0,0,없음,,0,거짓,0.204,0.115,0,0,0,0,10
1462,42.75486057,5.404746187,163,기타 공공시설,1,968.358,0.605,0,0,0,0,0,0,없음,,0,거짓,0.25,0.102,0,0,0,0,13
1463,38.92979285,5.75883459,112,공동주거시설,1,93.313,0.058,0,0,0,0,0,0,없음,,0,거짓,0.301,0.091,0,0,0,0,10
1464,37.45080761,5.612645634,111,단독주거시설,1,6.373,0.004,0,0,0,0,0,0,없음,,0,거짓,0.323,0.095,0,0,0,0,10
1465,32.81910423,5.15482911,131,상업·업무시설,1,0.01,0,0,0,0,0,0,0,없음,,0,거짓,0.396,0.111,0,0,0,0,11
1466,32.81910423,5.15482911,131,상업·업무시설,1,239.79,0.15,0,0,0,0,0,0,없음,,0,거짓,0.396,0.111,0,0,0,0,12
1467,27.45773644,3.624963921,154,도로,1,740.707,0.463,30,1,0,0,0,0,없음,,0.2,거짓,0.494,0.177,0.1,0.15,0,0,22
1468,27.41467667,3.612676822,154,도로,1,1555.687,0.972,30,1,0,0,0,24,강남역,1,0.2,참,0.495,0.177,0.1,0.15,0,0,32
1469,24.42502964,2.011714292,131,상업·업무시설,1,133.299,0.083,50,1,0,0,0,24,강남역,1,0.6,참,0.559,0.286,0.1,0.35,0,0,49
1470,23.38567924,1.455139882,131,상업·업무시설,1,416.111,0.26,0,0,0,0,0,24,강남역,1,0,참,0.583,0.347,0,0,0,0,44
1471,24.64660074,1.441775355,131,상업·업무시설,1,518.499,0.324,0,0,0,0,0,24,강남역,1,0,참,0.554,0.349,0,0,0,0,30
1472,25.94835854,1.427978004,131,상업·업무시설,1,107.065,0.067,0,0,0,0,0,0,없음,,0,거짓,0.525,0.35,0,0,0,0,21
1473,25.78019726,1.726223804,131,상업·업무시설,1,317.809,0.199,0,0,0,0,0,23,강남역,3,0,참,0.529,0.315,0,0,0,0,29
1474,25.25357056,2.660233177,131,상업·업무시설,1,103.242,0.065,0,0,0,0,0,22,강남역,4,0,참,0.54,0.234,0,0,0,0,29
1475,25.25357056,2.660233177,131,상업·업무시설,1,58.229,0.036,0,0,0,0,0,22,강남역,4,0,참,0.54,0.234,0,0,0,0,31
1476,18.27845746,2.188870162,131,상업·업무시설,1,103.478,0.065,0,0,0,0,0,21,강남역,5,0,참,0.719,0.271,0,0,0,0,42
1477,18.2224369,2.185084415,131,상업·업무시설,1,173.129,0.108,0,0,0,0,0,21,강남역,5,0,참,0.72,0.271,0,0,0,0,44
1478,18.2224369,0.868686831,154,도로,1,1020.703,0.638,50,1,0.5,44306,2022,22,강남역,4,0.6,참,0.72,0.443,0.1,0.35,2,0.2,53
1479,18.2224369,0.411041386,154,도로,1,1111.126,0.694,30,1,0.5,44306,2022,0,없음,,0.2,거짓,0.72,0.582,0.1,0.15,2,0.2,39
1480,17.87417071,0.396084038,154,도로,1,1273.075,0.796,100,1,0.5,44306,2022,0,없음,,1,거짓,0.731,0.589,0.1,0.55,2,0.2,46
1481,17.51462555,0.380642281,154,도로,1,1572.165,0.983,100,1,0.5,44306,2022,0,없음,,1,거짓,0.742,0.597,0.1,0.55,2,0.2,51
1482,17.47696585,0.319662692,154,도로,1,1520.59,0.95,30,1,0.5,44306,2022,0,없음,,0.2,거짓,0.744,0.629,0.1,0.15,2,0.2,48
1483,17.35902786,0.128694343,154,도로,1,1096.02,0.685,50,1,0.5,44306,2022,0,없음,,0.6,거짓,0.747,0.798,0.1,0.35,2,0.2,49
1484,17.35902786,0.128694343,154,도로,1,1249.44,0.781,30,2,0.7,5802.81,2022,0,없음,,0.2,거짓,0.747,0.798,0.2,0.2,2,0.2,49
1485,17.64092253,0.439785471,154,도로,1,673.397,0.421,30,1,0.7,24932.26,2022,0,없음,,0.2,거짓,0.738,0.57,0.1,0.15,2,0.2,39
1486,17.64318657,0.442283996,154,도로,1,761.845,0.476,30,1,0.7,1230.08,2022,0,없음,,0.2,거짓,0.738,0.569,0.1,0.15,2,0.2,39
1487,18.55120293,0.410607297,154,도로,1,997.202,0.623,30,1,0.7,669.43,2022,0,없음,,0.2,거짓,0.711,0.582,0.1,0.15,2,0.2,35
1488,18.86687469,0.399594897,154,도로,1,811.519,0.507,30,1,0.7,6256.35,2022,0,없음,,0.2,거짓,0.701,0.587,0.1,0.15,2,0.2,37
1489,18.64829484,0.370853582,154,도로,1,844.614,0.528,50,1,0.7,6256.35,2022,0,없음,,0.6,거짓,0.708,0.601,0.1,0.35,2,0.2,40
1490,18.42263603,0.341181448,131,상업·업무시설,1,491.598,0.307,50,1,0.3,1047.1,2010,0,없음,,0.6,거짓,0.714,0.617,0.1,0.35,1,0.1,38
1491,18.39253985,0.340149574,154,도로,1,544.7,0.34,50,2,0.7,6256.35,2022,0,없음,,0.6,거짓,0.715,0.617,0.2,0.4,2,0.2,39
1492,18.29828835,0.336918081,423,기타초지,0.4,158.832,0.04,50,2,0.7,51270.15,2022,0,없음,,0.6,거짓,0.718,0.619,0.2,0.4,2,0.2,40
1493,18.29828835,0.336918081,423,기타초지,0.4,668.1,0.167,30,1,0.7,51270.15,2022,0,없음,,0.2,거짓,0.718,0.619,0.1,0.15,2,0.2,39
1494,18.55579696,0.464763547,154,도로,1,563.126,0.352,30,1,0.7,19036.29,2022,0,없음,,0.2,거짓,0.71,0.559,0.1,0.15,2,0.2,36
1495,18.55786514,0.471663426,423,기타초지,0.4,75.431,0.019,30,1,0.7,19036.29,2022,0,없음,,0.2,거짓,0.71,0.557,0.1,0.15,2,0.2,37
1496,27.44859314,1.85299778,154,도로,1,483.336,0.302,50,1,0,0,0,37,학동역,5,0.6,참,0.494,0.302,0.1,0.35,0,0,46
1497,27.44859314,1.85299778,131,상업·업무시설,1,20.045,0.013,50,1,0,0,0,37,학동역,5,0.6,참,0.494,0.302,0.1,0.35,0,0,46
1498,27.28839332,2.358209313,154,도로,1,1000.443,0.625,30,1,0,0,0,37,학동역,5,0.2,참,0.497,0.257,0.1,0.15,0,0,34
1499,26.7866993,3.940368414,154,도로,1,646.229,0.404,0,0,0,0,0,0,없음,,0,거짓,0.508,0.161,0,0,0,0,15
1500,26.7866993,3.940368414,111,단독주거시설,1,94.88,0.059,0,0,0.2,214.4,2022,0,없음,,0,거짓,0.508,0.161,0,0,1,0.1,17
1501,24.44989557,7.382452059,112,공동주거시설,1,171.399,0.107,0,0,0.2,259.8,2022,0,없음,,0,거짓,0.558,0.044,0,0,1,0.1,15
1502,24.43112755,7.410097122,154,도로,1,746.688,0.467,0,0,0.2,235.01,2022,0,없음,,0,거짓,0.559,0.044,0,0,1,0.1,14
1503,24.43112755,8.863249527,154,도로,1,135.09,0.084,0,0,0,0,0,0,없음,,0,거짓,0.559,0.01,0,0,0,0,14
1504,24.43112755,9.368437767,154,도로,1,527.319,0.33,0,0,0,0,0,0,없음,,0,거짓,0.559,0,0,0,0,0,14
1505,26.90659192,9.196301283,112,공동주거시설,1,0.512,0,0,0,0.2,232.93,2022,0,없음,,0,거짓,0.505,0.003,0,0,1,0.1,12
1506,29.46222687,9.018589973,154,도로,1,685.021,0.428,0,0,0.2,232.93,2022,0,없음,,0,거짓,0.455,0.007,0,0,1,0.1,11
1507,32.19497529,8.173615003,154,도로,1,800.323,0.5,0,0,0.3,215.9,2010,0,없음,,0,거짓,0.406,0.025,0,0,1,0.1,10
1508,40.75305939,5.52742672,112,공동주거시설,1,150.378,0.094,0,0,0.3,215.9,2010,0,없음,,0,거짓,0.276,0.098,0,0,1,0.1,9
1509,40.75305939,5.52742672,112,공동주거시설,1,42.624,0.027,50,1,0,0,0,0,없음,,0.6,거짓,0.276,0.098,0.1,0.35,0,0,15
1510,39.58882215,4.08520636,112,공동주거시설,1,53.268,0.033,50,1,0,0,0,0,없음,,0.6,거짓,0.292,0.155,0.1,0.35,0,0,20
1511,39.57947159,4.07362318,111,단독주거시설,1,174.271,0.109,50,1,0,0,0,0,없음,,0.6,거짓,0.292,0.155,0.1,0.35,0,0,20
1512,31.16726717,4.457361694,154,도로,1,955.685,0.597,50,1,0.1,416.1,2011,0,없음,,0.6,거짓,0.424,0.138,0.1,0.35,1,0.1,23
1513,28.24276543,4.590768337,154,도로,1,795.125,0.497,50,1,0.5,547,2011,0,없음,,0.6,거짓,0.479,0.133,0.1,0.35,2,0.2,24
1514,25.3559504,5.432640855,154,도로,1,799.041,0.499,30,1,0.2,211.65,2022,0,없음,,0.2,거짓,0.538,0.101,0.1,0.15,1,0.1,23
1515,22.37564278,6.301778316,154,도로,1,902.512,0.564,30,1,0.2,222.5,2022,0,없음,,0.2,거짓,0.607,0.074,0.1,0.15,1,0.1,24
1516,24.20932121,6.952899767,154,도로,1,812.874,0.508,30,2,0,0,0,0,없음,,0.2,거짓,0.564,0.056,0.2,0.2,0,0,24
1517,29.95180893,8.992001534,154,도로,1,1414.836,0.884,30,1,0,0,0,0,없음,,0.2,거짓,0.446,0.008,0.1,0.15,0,0,23
1518,29.95180893,8.992001534,112,공동주거시설,1,129.547,0.081,30,2,0,0,0,0,없음,,0.2,거짓,0.446,0.008,0.2,0.2,0,0,21
1519,43.74645861,8.024628502,154,도로,1,978.124,0.611,30,1,0,0,0,0,없음,,0.2,거짓,0.237,0.029,0.1,0.15,0,0,14
1520,43.85725021,8.016859055,154,도로,1,683.192,0.427,0,0,0,0,0,0,없음,,0,거짓,0.235,0.029,0,0,0,0,7
1521,46.96584736,7.387073038,154,도로,1,603.817,0.377,0,0,0,0,0,0,없음,,0,거짓,0.198,0.044,0,0,0,0,6
1522,48.04655075,7.168128014,154,도로,1,810.133,0.506,0,0,0,0,0,0,없음,,0,거짓,0.185,0.05,0,0,0,0,6
1523,48.04655075,7.3082901,154,도로,1,449.896,0.281,0,0,0,0,0,0,없음,,0,거짓,0.185,0.046,0,0,0,0,6
1524,48.04655075,7.452991486,154,도로,1,517.25,0.323,0,0,0,0,0,0,없음,,0,거짓,0.185,0.043,0,0,0,0,6
1525,48.29510069,7.003700584,154,도로,1,747.434,0.467,0,0,0,0,0,0,없음,,0,거짓,0.182,0.054,0,0,0,0,6
1526,49.0734787,5.596666813,423,기타초지,0.4,63.26,0.016,0,0,0,0,0,0,없음,,0,거짓,0.173,0.096,0,0,0,0,7
1527,49.0734787,5.596666813,423,기타초지,0.4,31.467,0.008,0,0,0,0,0,0,없음,,0,거짓,0.173,0.096,0,0,0,0,9
1528,55.53888961,3.181359833,423,기타초지,0.4,41.413,0.01,0,0,0,0,0,0,없음,,0,거짓,0.105,0.201,0,0,0,0,9
1529,55.5908165,3.161961317,411,자연초지,0.4,357.973,0.089,0,0,0,0,0,0,없음,,0,거짓,0.105,0.202,0,0,0,0,10
1530,50.57946747,4.036766787,411,자연초지,0.4,793.625,0.198,0,0,0,0,0,0,없음,,0,거짓,0.157,0.157,0,0,0,0,9
1531,48.83727264,4.340892792,131,상업·업무시설,1,2.484,0.002,0,0,0,0,0,0,없음,,0,거짓,0.176,0.143,0,0,0,0,9
1532,45.2637342,4.846641845,163,기타 공공시설,1,579.859,0.362,0,0,0,0,0,0,없음,,0,거짓,0.218,0.123,0,0,0,0,13
1533,41.57446289,5.368770123,623,기타나지,0.7,1198.274,0.524,0,0,0,0,0,0,없음,,0,거짓,0.265,0.104,0,0,0,0,13
1534,40.13964773,5.314498413,623,기타나지,0.7,217.635,0.095,0,0,0,0,0,0,없음,,0,거짓,0.284,0.106,0,0,0,0,12
1535,35.64627075,5.144536972,131,상업·업무시설,1,6.663,0.004,0,0,0,0,0,0,없음,,0,거짓,0.35,0.112,0,0,0,0,12
1536,35.64627075,5.144536972,131,상업·업무시설,1,3.157,0.002,0,0,0,0,0,0,없음,,0,거짓,0.35,0.112,0,0,0,0,12
1537,27.48026189,3.606020512,154,도로,1,797.869,0.499,30,1,0,0,0,0,없음,,0.2,거짓,0.494,0.178,0.1,0.15,0,0,27
1538,27.41467667,3.593663931,154,도로,1,1591.769,0.995,30,1,0,0,0,0,없음,,0.2,거짓,0.495,0.178,0.1,0.15,0,0,36
1539,24.42502964,1.651848704,154,도로,1,696.875,0.436,30,1,0,0,0,0,없음,,0.2,거짓,0.559,0.323,0.1,0.15,0,0,32
1540,23.38567924,0.976776898,131,상업·업무시설,1,19.206,0.012,0,0,0,0,0,0,없음,,0,거짓,0.583,0.421,0,0,0,0,23
1541,24.64660074,0.915709433,131,상업·업무시설,1,47.132,0.029,0,0,0,0,0,0,없음,,0,거짓,0.554,0.433,0,0,0,0,22
1542,25.94835854,0.852664232,131,상업·업무시설,1,28.76,0.018,0,0,0,0,0,0,없음,,0,거짓,0.525,0.446,0,0,0,0,22
1543,25.78019726,1.267138449,131,상업·업무시설,1,336.011,0.21,0,0,0,0,0,0,없음,,0,거짓,0.529,0.373,0,0,0,0,23
1544,25.25357056,2.565137625,112,공동주거시설,1,145.386,0.091,0,0,0,0,0,0,없음,,0,거짓,0.54,0.241,0,0,0,0,18
1545,25.25357056,2.565137625,131,상업·업무시설,1,231.995,0.145,0,0,0,0,0,22,강남역,4,0,참,0.54,0.241,0,0,0,0,19
1546,18.27845746,2.337080349,131,상업·업무시설,1,44.088,0.028,0,0,0,0,0,22,강남역,4,0,참,0.719,0.259,0,0,0,0,31
1547,18.2224369,2.335248709,154,도로,1,981.958,0.614,0,0,0,0,0,22,강남역,4,0,참,0.72,0.259,0,0,0,0,30
1548,18.2224369,0.904493924,112,공동주거시설,1,147.634,0.092,0,0,0,0,0,0,없음,,0,거짓,0.72,0.435,0,0,0,0,28
1549,18.2224369,0.407092214,131,상업·업무시설,1,127.155,0.079,50,1,0,0,0,0,없음,,0.6,거짓,0.72,0.584,0.1,0.35,0,0,34
1550,17.87417071,0.402729378,131,상업·업무시설,1,459.4,0.287,30,1,0,0,0,0,없음,,0.2,거짓,0.731,0.586,0.1,0.15,0,0,37
1551,17.51462555,0.398225248,154,도로,1,152.865,0.096,100,1,0.5,44306,2022,0,없음,,1,거짓,0.742,0.588,0.1,0.55,2,0.2,40
1552,17.47696585,0.326293547,154,도로,1,925.67,0.579,30,2,0.5,44306,2022,0,없음,,0.2,거짓,0.744,0.625,0.2,0.2,2,0.2,42
1553,17.35902786,0.101026729,154,도로,1,1406.089,0.879,30,2,0.5,44306,2022,0,없음,,0.2,거짓,0.747,0.844,0.2,0.2,2,0.2,55
1554,17.35902786,0.101026729,154,도로,1,1601.213,1,30,1,0.5,44306,2022,0,없음,,0.2,거짓,0.747,0.844,0.1,0.15,2,0.2,59
1555,17.64092253,0.452826315,154,도로,1,1412.963,0.883,30,1,0.5,44306,2022,0,없음,,0.2,거짓,0.738,0.564,0.1,0.15,2,0.2,45
1556,17.64318657,0.45565179,154,도로,1,1071.701,0.67,30,1,0.7,24932.26,2022,0,없음,,0.2,거짓,0.738,0.563,0.1,0.15,2,0.2,37
1557,18.55120293,0.374414453,154,도로,1,791.925,0.495,30,1,0.7,24932.26,2022,0,없음,,0.2,거짓,0.711,0.6,0.1,0.15,2,0.2,36
1558,18.86687469,0.346172303,154,도로,1,647.57,0.405,30,1,0.7,6256.35,2022,0,없음,,0.2,거짓,0.701,0.614,0.1,0.15,2,0.2,38
1559,18.64829484,0.321154047,154,도로,1,966.831,0.604,30,1,0.7,692.35,2022,0,없음,,0.2,거짓,0.708,0.628,0.1,0.15,2,0.2,36
1560,18.42263603,0.295325547,131,상업·업무시설,1,65.179,0.041,30,1,0.3,1047.1,2010,0,없음,,0.2,거짓,0.714,0.644,0.1,0.15,1,0.1,41
1561,18.39253985,0.314458903,131,상업·업무시설,1,649.93,0.406,50,1,0.7,1604.46,2022,0,없음,,0.6,거짓,0.715,0.632,0.1,0.35,2,0.2,40
1562,18.29828835,0.374378383,154,도로,1,482.12,0.301,30,1,0.7,692.35,2022,0,없음,,0.2,거짓,0.718,0.6,0.1,0.15,2,0.2,38
1563,18.29828835,0.374378383,154,도로,1,896.056,0.56,30,1,0.7,6256.35,2022,0,없음,,0.2,거짓,0.718,0.6,0.1,0.15,2,0.2,39
1564,18.55575519,0.444248914,154,도로,1,861.835,0.539,30,2,0.7,19036.29,2022,0,없음,,0.2,거짓,0.71,0.568,0.2,0.2,2,0.2,40
1565,18.55786514,0.444821507,154,도로,1,139.624,0.087,30,1,0.7,19036.29,2022,0,없음,,0.2,거짓,0.71,0.568,0.1,0.15,2,0.2,34
1566,30.06500516,1.901035746,131,상업·업무시설,1,8.006,0.005,30,1,0,0,0,37,학동역,5,0.2,참,0.444,0.297,0.1,0.15,0,0,45
1567,29.22259847,1.607745646,131,상업·업무시설,1,51.09,0.032,50,1,0,0,0,37,학동역,5,0.6,참,0.46,0.328,0.1,0.35,0,0,46
1568,29.34946877,2.274481759,131,상업·업무시설,1,23.626,0.015,0,0,0,0,0,37,학동역,5,0,참,0.457,0.264,0,0,0,0,41
1569,29.74678552,4.362483598,154,도로,1,802.294,0.501,0,0,0,0,0,0,없음,,0,거짓,0.45,0.142,0,0,0,0,14
1570,29.74678552,4.362483598,154,도로,1,812.106,0.508,0,0,0,0,0,0,없음,,0,거짓,0.45,0.142,0,0,0,0,14
1571,34.09819486,7.203851059,154,도로,1,886.169,0.554,0,0,0,0,0,0,없음,,0,거짓,0.374,0.049,0,0,0,0,10
1572,34.13314317,7.226671476,154,도로,1,929.105,0.581,0,0,0,0,0,0,없음,,0,거짓,0.374,0.048,0,0,0,0,10
1573,34.13314317,8.312800559,154,도로,1,853.996,0.534,0,0,0.2,175.28,2022,0,없음,,0,거짓,0.374,0.022,0,0,1,0.1,9
1574,34.13314317,8.69039319,154,도로,1,686.575,0.429,0,0,0,0,0,0,없음,,0,거짓,0.374,0.014,0,0,0,0,9
1575,36.68593644,8.207678159,154,도로,1,708.384,0.443,0,0,0,0,0,0,없음,,0,거짓,0.334,0.025,0,0,0,0,9
1576,39.32140467,7.709329884,154,도로,1,600.54,0.375,0,0,0,0,0,0,없음,,0,거짓,0.296,0.036,0,0,0,0,8
1577,39.82110057,7.047829077,154,도로,1,712.565,0.445,0,0,0.2,256.85,2022,0,없음,,0,거짓,0.289,0.053,0,0,1,0.1,9
1578,41.38598649,4.976222524,112,공동주거시설,1,23.443,0.015,0,0,0.2,188.97,2022,0,없음,,0,거짓,0.267,0.118,0,0,1,0.1,10
1579,41.38598649,4.976222524,154,도로,1,647.795,0.405,50,1,0.2,188.97,2022,0,없음,,0.6,거짓,0.267,0.118,0.1,0.35,1,0.1,17
1580,37.40653684,3.780204403,154,도로,1,778.277,0.486,100,1,0.2,561.15,2022,0,없음,,1,거짓,0.323,0.169,0.1,0.55,1,0.1,21
1581,37.37457592,3.770598595,131,상업·업무시설,1,72.643,0.045,30,1,0,0,0,0,없음,,0.2,거짓,0.324,0.169,0.1,0.15,0,0,21
1582,31.91765785,3.54169782,112,공동주거시설,1,40.02,0.025,30,1,0,0,0,0,없음,,0.2,거짓,0.411,0.181,0.1,0.15,0,0,21
1583,30.020561,3.462120496,154,도로,1,912.746,0.57,30,2,0,0,0,0,없음,,0.2,거짓,0.445,0.185,0.2,0.2,0,0,23
1584,30.13054146,4.935983911,112,공동주거시설,1,75.107,0.047,30,1,0,0,0,0,없음,,0.2,거짓,0.443,0.119,0.1,0.15,0,0,22
1585,30.24408375,6.457579974,423,기타초지,0.4,13.244,0.003,30,1,0,0,0,0,없음,,0.2,거짓,0.441,0.069,0.1,0.15,0,0,21
1586,32.21641829,6.949846033,131,상업·업무시설,1,378.484,0.237,30,1,0,0,0,0,없음,,0.2,거짓,0.406,0.056,0.1,0.15,0,0,20
1587,38.39313206,8.491464098,112,공동주거시설,1,73.923,0.046,30,1,0,0,0,0,없음,,0.2,거짓,0.309,0.018,0.1,0.15,0,0,20
1588,38.39313206,8.491464098,154,도로,1,1028.98,0.643,30,1,0,0,0,0,없음,,0.2,거짓,0.309,0.018,0.1,0.15,0,0,13
1589,48.8935623,7.780550638,154,도로,1,887.286,0.555,0,0,0,0,0,0,없음,,0,거짓,0.175,0.035,0,0,0,0,7
1590,48.97789641,7.774840943,111,단독주거시설,1,4.857,0.003,0,0,0.2,309.93,2022,0,없음,,0,거짓,0.174,0.035,0,0,1,0.1,6
1591,54.09891717,7.046967159,154,도로,1,788.23,0.493,0,0,0.2,309.93,2022,0,없음,,0,거짓,0.12,0.053,0,0,1,0.1,5
1592,55.87923936,6.793921935,154,도로,1,868.471,0.543,0,0,0,0,0,0,없음,,0,거짓,0.102,0.06,0,0,0,0,5
1593,55.87923936,6.76122129,154,도로,1,817.658,0.511,0,0,0,0,0,0,없음,,0,거짓,0.102,0.061,0,0,0,0,4
1594,55.87923936,6.7274616,154,도로,1,485.829,0.304,0,0,0,0,0,0,없음,,0,거짓,0.102,0.062,0,0,0,0,5
1595,55.02980406,6.306650034,154,도로,1,855.37,0.535,0,0,0,0,0,0,없음,,0,거짓,0.11,0.074,0,0,0,0,5
1596,52.36964748,4.988804328,154,도로,1,918.292,0.574,0,0,0,0,0,0,없음,,0,거짓,0.137,0.117,0,0,0,0,7
1597,52.36964748,4.988804328,154,도로,1,913.039,0.571,0,0,0,0,0,0,없음,,0,거짓,0.137,0.117,0,0,0,0,8
1598,53.56753383,2.657018329,154,도로,1,881.48,0.551,0,0,0,0,0,0,없음,,0,거짓,0.125,0.235,0,0,0,0,10
1599,53.57715464,2.638290611,154,도로,1,363.388,0.227,0,0,0,0,0,0,없음,,0,거짓,0.125,0.236,0,0,0,0,14
1600,50.20765422,3.232010048,411,자연초지,0.4,889.428,0.222,0,0,0,0,0,0,없음,,0,거짓,0.161,0.198,0,0,0,0,10
1601,49.03624784,3.438416532,131,상업·업무시설,1,227.2,0.142,0,0,0,0,0,0,없음,,0,거짓,0.174,0.187,0,0,0,0,11
1602,46.33598425,4.023398511,131,상업·업무시설,1,186.697,0.117,0,0,0,0,0,0,없음,,0,거짓,0.205,0.157,0,0,0,0,14
1603,43.54826972,4.627325759,131,상업·업무시설,1,115.66,0.072,0,0,0,0,0,0,없음,,0,거짓,0.239,0.131,0,0,0,0,11
1604,42.0224853,4.767655616,131,상업·업무시설,1,0.665,0,0,0,0,0,0,0,없음,,0,거짓,0.259,0.126,0,0,0,0,10
1605,37.24422201,5.207123335,131,상업·업무시설,1,169.519,0.106,0,0,0,0,0,0,없음,,0,거짓,0.326,0.109,0,0,0,0,12
1606,37.24422201,5.207123335,131,상업·업무시설,1,288.151,0.18,0,0,0,0,0,0,없음,,0,거짓,0.326,0.109,0,0,0,0,12
1607,28.16435045,3.813844826,154,도로,1,1254.268,0.784,100,1,0,0,0,0,없음,,1,거짓,0.48,0.167,0.1,0.55,0,0,29
1608,28.09142554,3.802654722,154,도로,1,1273.316,0.796,100,1,0,0,0,0,없음,,1,거짓,0.481,0.168,0.1,0.55,0,0,24
1609,25.72798047,1.716635134,131,상업·업무시설,1,310.102,0.194,30,1,0,0,0,0,없음,,0.2,거짓,0.53,0.316,0.1,0.15,0,0,24
1610,24.9063291,0.991430701,131,상업·업무시설,1,17.131,0.011,0,0,0,0,0,0,없음,,0,거짓,0.548,0.418,0,0,0,0,22
1611,25.77428195,0.760148585,112,공동주거시설,1,138.193,0.086,0,0,0,0,0,0,없음,,0,거짓,0.529,0.468,0,0,0,0,22
1612,26.67034439,0.521376151,112,공동주거시설,1,7.365,0.005,0,0,0,0,0,0,없음,,0,거짓,0.51,0.538,0,0,0,0,25
1613,26.51330338,1.001743113,131,상업·업무시설,1,138.797,0.087,0,0,0,0,0,0,없음,,0,거짓,0.513,0.416,0,0,0,0,21
1614,26.02150176,2.506097054,111,단독주거시설,1,34.31,0.021,0,0,0,0,0,0,없음,,0,거짓,0.524,0.246,0,0,0,0,17
1615,26.02150176,2.506097054,112,공동주거시설,1,69.972,0.044,0,0,0,0,0,0,없음,,0,거짓,0.524,0.246,0,0,0,0,18
1616,18.72947367,2.288795688,112,공동주거시설,1,1.75,0.001,0,0,0,0,0,0,없음,,0,거짓,0.705,0.262,0,0,0,0,22
1617,18.67090781,2.287050434,112,공동주거시설,1,56.938,0.036,0,0,0,0,0,0,없음,,0,거짓,0.707,0.263,0,0,0,0,23
1618,18.67090781,0.890116355,154,도로,1,758.105,0.474,100,1,0.3,431,2022,0,없음,,1,거짓,0.707,0.438,0.1,0.55,1,0.1,28
1619,18.67090781,0.404472408,154,도로,1,986.886,0.617,50,1,0.3,431,2022,0,없음,,0.6,거짓,0.707,0.585,0.1,0.35,1,0.1,36
1620,18.22408262,0.419617055,154,도로,1,1096.927,0.686,50,1,0.3,346.7,2022,0,없음,,0.6,거짓,0.72,0.578,0.1,0.35,1,0.1,37
1621,17.76278651,0.435252177,131,상업·업무시설,1,918.414,0.574,30,1,0,0,0,0,없음,,0.2,거짓,0.735,0.572,0.1,0.15,0,0,40
1622,17.68918707,0.357102126,131,상업·업무시설,1,1072.596,0.67,30,1,0,0,0,0,없음,,0.2,거짓,0.737,0.608,0.1,0.15,0,0,38
1623,17.45869744,0.112361446,131,상업·업무시설,1,18.141,0.011,30,1,0,0,0,0,없음,,0.2,거짓,0.744,0.824,0.1,0.15,0,0,45
1624,17.45869744,0.112361446,154,도로,1,525.573,0.328,50,1,0.5,44306,2022,0,없음,,0.6,거짓,0.744,0.824,0.1,0.35,2,0.2,45
1625,17.71240374,0.466184896,154,도로,1,868.508,0.543,30,1,0.5,44306,2022,0,없음,,0.2,거짓,0.736,0.559,0.1,0.15,2,0.2,40
1626,17.71444138,0.469026625,154,도로,1,1555.95,0.972,30,1,0.5,44306,2022,0,없음,,0.2,거짓,0.736,0.558,0.1,0.15,2,0.2,46
1627,18.54392366,0.453155911,154,도로,1,1559.677,0.975,30,1,0.5,44306,2022,0,없음,,0.2,거짓,0.711,0.564,0.1,0.15,2,0.2,43
1628,18.83229306,0.44763846,154,도로,1,1309.206,0.818,30,1,0.5,44306,2022,0,없음,,0.2,거짓,0.702,0.566,0.1,0.15,2,0.2,46
1629,18.87813532,0.421302953,154,도로,1,919.376,0.575,30,1,0.7,24932.26,2022,0,없음,,0.2,거짓,0.701,0.578,0.1,0.15,2,0.2,36
1630,18.92546222,0.394114543,154,도로,1,449.484,0.281,30,1,0.7,24932.26,2022,0,없음,,0.2,거짓,0.7,0.59,0.1,0.15,2,0.2,39
1631,18.89331204,0.417295753,131,상업·업무시설,1,769.329,0.481,30,1,0,0,0,0,없음,,0.2,거짓,0.701,0.579,0.1,0.15,0,0,39
1632,18.79262806,0.489891802,154,도로,1,1138.451,0.712,50,1,0.7,6256.35,2022,0,없음,,0.6,거짓,0.703,0.55,0.1,0.35,2,0.2,40
1633,18.79262806,0.489891802,154,도로,1,595.133,0.372,50,1,0.7,6256.35,2022,0,없음,,0.6,거짓,0.703,0.55,0.1,0.35,2,0.2,39
1634,18.91472855,0.583135492,154,도로,1,1031.708,0.645,50,1,0.7,19036.29,2022,0,없음,,0.6,거짓,0.7,0.517,0.1,0.35,2,0.2,37
1635,31.95219983,1.62103113,131,상업·업무시설,1,23.498,0.015,50,1,0,0,0,37,학동역,5,0.6,참,0.41,0.327,0.1,0.35,0,0,45
1636,31.78098297,1.254054904,131,상업·업무시설,1,10.937,0.007,30,1,0,0,0,37,학동역,5,0.2,참,0.413,0.374,0.1,0.15,0,0,46
1637,32.32185189,2.153733939,154,도로,1,986.349,0.616,30,1,0,0,0,37,학동역,5,0.2,참,0.404,0.274,0.1,0.15,0,0,48
1638,34.01567841,4.971237659,131,상업·업무시설,1,516.344,0.323,50,1,0,0,0,0,없음,,0.6,거짓,0.376,0.118,0.1,0.35,0,0,16
1639,34.01567841,4.971237659,154,도로,1,969.023,0.606,0,0,0.2,197.66,2022,0,없음,,0,거짓,0.376,0.118,0,0,1,0.1,11
1640,48.01250451,6.946281353,154,도로,1,920.432,0.575,0,0,0.2,197.66,2022,0,없음,,0,거짓,0.185,0.056,0,0,1,0.1,6
1641,48.12491989,6.962143898,154,도로,1,871.182,0.544,0,0,0,0,0,0,없음,,0,거짓,0.184,0.055,0,0,0,0,7
1642,48.12491989,7.518969735,154,도로,1,754.15,0.471,0,0,0,0,0,0,없음,,0,거짓,0.184,0.041,0,0,0,0,6
1643,48.12491989,7.712550163,154,도로,1,988.384,0.618,0,0,0,0,0,0,없음,,0,거짓,0.184,0.036,0,0,0,0,6
1644,50.78923316,6.781933804,154,도로,1,108.032,0.068,0,0,0,0,0,0,없음,,0,거짓,0.154,0.06,0,0,0,0,5
1645,53.53983307,5.821178436,154,도로,1,192.165,0.12,0,0,0,0,0,0,없음,,0,거짓,0.125,0.089,0,0,0,0,5
1646,50.81912884,5.424275175,154,도로,1,761.241,0.476,0,0,0.2,256.85,2022,0,없음,,0,거짓,0.154,0.102,0,0,1,0.1,6
1647,42.29876328,4.181302547,154,도로,1,784.372,0.49,0,0,0,0,0,0,없음,,0,거짓,0.255,0.15,0,0,0,0,10
1648,42.29876328,4.181302547,111,단독주거시설,1,6.183,0.004,50,1,0,0,0,0,없음,,0.6,거짓,0.255,0.15,0.1,0.35,0,0,11
1649,34.25935073,3.340345363,112,공동주거시설,1,131.928,0.082,50,1,0,0,0,0,없음,,0.6,거짓,0.372,0.192,0.1,0.35,0,0,22
1650,34.19478226,3.333591223,131,상업·업무시설,1,0.481,0,30,1,0,0,0,0,없음,,0.2,거짓,0.373,0.192,0.1,0.15,0,0,20
1651,32.99983491,2.221171757,111,단독주거시설,1,0.923,0.001,30,1,0,0,0,0,없음,,0.2,거짓,0.393,0.268,0.1,0.15,0,0,23
1652,32.58441162,1.834439278,112,공동주거시설,1,588.062,0.368,30,2,0,0,0,0,없음,,0.2,거짓,0.4,0.304,0.2,0.2,0,0,25
1653,37.01622529,4.219729338,154,도로,1,874.06,0.546,30,4,0,0,0,0,없음,,0.2,거짓,0.329,0.149,0.6,0.4,0,0,24
1654,41.59156799,6.682269573,423,기타초지,0.4,308.636,0.077,30,1,0,0,0,0,없음,,0.2,거짓,0.265,0.063,0.1,0.15,0,0,17
1655,43.76386563,6.945442086,154,도로,1,725.127,0.453,30,1,0,0,0,0,없음,,0.2,거짓,0.237,0.056,0.1,0.15,0,0,18
1656,50.56679916,7.769613266,112,공동주거시설,1,112.342,0.07,30,1,0,0,0,0,없음,,0.2,거짓,0.157,0.035,0.1,0.15,0,0,16
1657,50.56679916,7.769613266,154,도로,1,410.126,0.256,0,0,0,0,0,0,없음,,0,거짓,0.157,0.035,0,0,0,0,8
1658,56.3164658,7.428553371,154,도로,1,950.637,0.594,0,0,0,0,0,0,없음,,0,거짓,0.097,0.043,0,0,0,0,6
1659,56.3626442,7.425814152,111,단독주거시설,1,0.415,0,0,0,0.2,309.93,2022,0,없음,,0,거짓,0.097,0.043,0,0,1,0.1,5
1660,64.38588475,6.556482943,154,도로,1,657.269,0.411,0,0,0.2,309.93,2022,0,없음,,0,거짓,0.023,0.066,0,0,1,0.1,3
1661,67.17516327,6.254260063,154,도로,1,882.843,0.552,0,0,0,0,0,0,없음,,0,거짓,0,0.075,0,0,0,0,3
1662,67.17516327,5.972265166,154,도로,1,601.249,0.376,0,0,0,0,0,0,없음,,0,거짓,0,0.084,0,0,0,0,3
1663,67.17516327,5.681137562,154,도로,1,1190.935,0.744,0,0,0,0,0,0,없음,,0,거짓,0,0.093,0,0,0,0,4
1664,64.74226688,5.301397512,154,도로,1,731.932,0.457,0,0,0,0,0,0,없음,,0,거짓,0.02,0.106,0,0,0,0,4
1665,57.12322235,4.112174511,154,도로,1,873.444,0.546,0,0,0,0,0,0,없음,,0,거짓,0.09,0.153,0,0,0,0,7
1666,57.12322235,4.112174511,154,도로,1,681.373,0.426,0,0,0,0,0,0,없음,,0,거짓,0.09,0.153,0,0,0,0,6
1667,50.72454007,1.900838424,154,도로,1,901.616,0.564,0,0,0,0,0,0,없음,,0,거짓,0.155,0.297,0,0,0,0,12
1668,50.67314911,1.883078098,411,자연초지,0.4,608.967,0.152,0,0,0,0,0,0,없음,,0,거짓,0.156,0.299,0,0,0,0,11
1669,49.67144316,2.071428883,112,공동주거시설,1,61.852,0.039,0,0,0,0,0,0,없음,,0,거짓,0.167,0.281,0,0,0,0,11
1670,49.32320023,2.136909008,112,공동주거시설,1,53.905,0.034,0,0,0,0,0,0,없음,,0,거짓,0.171,0.275,0,0,0,0,11
1671,47.88233129,2.836156874,131,상업·업무시설,1,181.558,0.113,0,0,0,0,0,0,없음,,0,거짓,0.187,0.223,0,0,0,0,11
1672,46.39479828,3.558050632,131,상업·업무시설,1,1530.101,0.956,0,0,0,0,0,0,없음,,0,거짓,0.204,0.18,0,0,0,0,13
1673,44.73782239,3.979025438,131,상업·업무시설,1,211.423,0.132,0,0,0,0,0,0,없음,,0,거짓,0.224,0.159,0,0,0,0,11
1674,39.54870987,5.297382355,131,상업·업무시설,1,538.808,0.337,0,0,0,0,0,0,없음,,0,거짓,0.293,0.106,0,0,0,0,15
1675,39.54870987,5.297382355,154,도로,1,1018.845,0.637,100,1,0,0,0,0,없음,,1,거짓,0.293,0.106,0.1,0.55,0,0,18
1676,29.15090982,4.11355898,154,도로,1,1596.313,0.998,100,1,0,0,0,0,없음,,1,거짓,0.461,0.153,0.1,0.55,0,0,33
1677,29.06739998,4.104051113,154,도로,1,1023.568,0.64,100,1,0,0,0,0,없음,,1,거짓,0.463,0.154,0.1,0.55,0,0,17
1678,27.60703301,1.810066983,131,상업·업무시설,1,4.179,0.003,0,0,0,0,0,0,없음,,0,거짓,0.491,0.306,0,0,0,0,19
1679,27.09933662,1.012563705,131,상업·업무시설,1,23.511,0.015,0,0,0,0,0,0,없음,,0,거짓,0.501,0.414,0,0,0,0,22
1680,27.40056914,0.535806271,112,공동주거시설,1,67.005,0.042,0,0,0,0,0,0,없음,,0,거짓,0.495,0.533,0,0,0,0,24
1681,27.71155739,0.043608535,131,상업·업무시설,1,6.798,0.004,0,0,0,0,0,0,없음,,0,거짓,0.489,1,0,0,0,0,33
1682,27.5705535,0.619002822,112,공동주거시설,1,81.765,0.051,0,0,0,0,0,0,없음,,0,거짓,0.492,0.506,0,0,0,0,22
1683,27.12897491,2.420951605,111,단독주거시설,1,106.175,0.066,0,0,0,0,0,0,없음,,0,거짓,0.501,0.252,0,0,0,0,17
1684,27.12897491,2.420951605,112,공동주거시설,1,7.276,0.005,0,0,0,0,0,0,없음,,0,거짓,0.501,0.252,0,0,0,0,16
1685,19.37990739,2.21916189,112,공동주거시설,1,4.815,0.003,0,0,0,0,0,0,없음,,0,거짓,0.686,0.268,0,0,0,0,24
1686,19.31767082,2.217541218,112,공동주거시설,1,354.398,0.221,100,1,0,0,0,0,없음,,1,거짓,0.688,0.268,0.1,0.55,0,0,30
1687,19.31767082,0.869381721,154,도로,1,1027.73,0.642,30,1,0.3,1778.1,2022,0,없음,,0.2,거짓,0.688,0.443,0.1,0.15,1,0.1,33
1688,19.31767082,0.400694251,154,도로,1,728.647,0.455,30,1,0.3,1778.1,2022,0,없음,,0.2,거짓,0.688,0.587,0.1,0.15,1,0.1,34
1689,18.72870861,0.443971643,154,도로,1,495.421,0.31,50,1,0.3,671.3,2022,0,없음,,0.6,거짓,0.705,0.568,0.1,0.35,1,0.1,36
1690,18.12067223,0.48865062,154,도로,1,501.059,0.313,50,1,0.3,1444.8,2022,0,없음,,0.6,거짓,0.724,0.55,0.1,0.35,1,0.1,36
1691,17.99524223,0.401532766,154,도로,1,505.396,0.316,30,1,0.3,1444.8,2022,0,없음,,0.2,거짓,0.727,0.587,0.1,0.15,1,0.1,40
1692,17.60243607,0.128707826,154,도로,1,1131.75,0.707,30,2,0,0,0,0,없음,,0.2,거짓,0.74,0.798,0.2,0.2,0,0,45
1693,17.60243607,0.128707826,623,기타나지,0.7,369.348,0.162,30,1,0,0,0,0,없음,,0.2,거짓,0.74,0.798,0.1,0.15,0,0,42
1694,17.81549047,0.485449994,623,기타나지,0.7,800.329,0.35,30,2,0,0,0,0,없음,,0.2,거짓,0.733,0.551,0.2,0.2,0,0,37
1695,17.81720161,0.488315165,154,도로,1,537.971,0.336,30,1,0.5,44306,2022,0,없음,,0.2,거짓,0.733,0.55,0.1,0.15,2,0.2,35
1696,18.53342585,0.566713027,154,도로,1,959.563,0.6,50,1,0.5,44306,2022,0,없음,,0.6,거짓,0.711,0.522,0.1,0.35,2,0.2,35
1697,18.78242111,0.593968034,154,도로,1,1307.497,0.817,50,1,0.5,44306,2022,0,없음,,0.6,거짓,0.704,0.514,0.1,0.35,2,0.2,42
1698,19.20960012,0.565732853,154,도로,1,1561.859,0.976,100,1,0.5,44306,2022,0,없음,,1,거짓,0.691,0.523,0.1,0.55,2,0.2,40
1699,19.65061378,0.536583245,154,도로,1,1540.431,0.963,100,1,0.5,44306,2022,0,없음,,1,거짓,0.679,0.533,0.1,0.55,2,0.2,48
1700,19.61550142,0.565602073,154,도로,1,1451.139,0.907,30,1,0.5,44306,2022,0,없음,,0.2,거짓,0.68,0.523,0.1,0.15,2,0.2,46
1701,19.50554085,0.656479657,154,도로,1,1202.616,0.752,30,1,0.7,24932.26,2022,0,없음,,0.2,거짓,0.683,0.495,0.1,0.15,2,0.2,41
1702,19.50554085,0.656479657,154,도로,1,734.313,0.459,30,1,0.7,19036.29,2022,0,없음,,0.2,거짓,0.683,0.495,0.1,0.15,2,0.2,39
1703,19.60351994,0.847594434,154,도로,1,491.558,0.307,50,1,0.7,19036.29,2022,0,없음,,0.6,거짓,0.68,0.447,0.1,0.35,2,0.2,36
1704,31.78098297,1.254054904,154,도로,1,14.645,0.009,30,1,0,0,0,37,학동역,5,0.2,참,0.413,0.374,0.1,0.15,0,0,43
1705,32.60543141,2.625438878,154,도로,1,425.543,0.266,50,1,0,0,0,37,학동역,5,0.6,참,0.399,0.237,0.1,0.35,0,0,36
1706,34.01567841,4.971237659,154,도로,1,764.751,0.478,50,1,0,0,0,0,없음,,0.6,거짓,0.376,0.118,0.1,0.35,0,0,20
1707,34.01567841,5.037527604,154,도로,1,780.489,0.488,50,1,0,0,0,0,없음,,0.6,거짓,0.376,0.116,0.1,0.35,0,0,18
1708,48.01250451,6.580538437,154,도로,1,1034.095,0.646,0,0,0.2,197.66,2022,0,없음,,0,거짓,0.185,0.066,0,0,1,0.1,8
1709,48.12491989,6.592761627,154,도로,1,733.615,0.459,0,0,0,0,0,0,없음,,0,거짓,0.184,0.065,0,0,0,0,7
1710,48.12491989,6.704030743,154,도로,1,930.282,0.581,0,0,0,0,0,0,없음,,0,거짓,0.184,0.062,0,0,0,0,8
1711,48.12491989,6.742713436,154,도로,1,418.52,0.262,0,0,0,0,0,0,없음,,0,거짓,0.184,0.061,0,0,0,0,10
1712,50.78923316,5.985751075,154,도로,1,703.874,0.44,0,0,0,0,0,0,없음,,0,거짓,0.154,0.083,0,0,0,0,6
1713,53.53983307,5.204273677,154,도로,1,799.819,0.5,0,0,0,0,0,0,없음,,0,거짓,0.125,0.109,0,0,0,0,7
1714,50.81912884,5.023559789,154,도로,1,852.262,0.533,0,0,0,0,0,0,없음,,0,거짓,0.154,0.116,0,0,0,0,7
1715,42.29876328,4.45762235,154,도로,1,631.848,0.395,0,0,0.2,1294.02,2022,0,없음,,0,거짓,0.255,0.138,0,0,1,0.1,9
1716,42.29876328,4.45762235,154,도로,1,415.513,0.26,0,0,0.2,1294.02,2022,0,없음,,0,거짓,0.255,0.138,0,0,1,0.1,10
1717,34.25935073,3.338916161,154,도로,1,994.225,0.621,50,1,0,0,0,0,없음,,0.6,거짓,0.372,0.192,0.1,0.35,0,0,20
1718,34.19478226,3.329931282,131,상업·업무시설,1,14.943,0.009,30,1,0,0,0,0,없음,,0.2,거짓,0.373,0.193,0.1,0.15,0,0,19
1719,32.99983491,2.303913392,111,단독주거시설,1,40.382,0.025,30,1,0,0,0,0,없음,,0.2,거짓,0.393,0.261,0.1,0.15,0,0,22
1720,32.58441162,1.947218409,111,단독주거시설,1,8.091,0.005,30,1,0,0,0,0,없음,,0.2,거짓,0.4,0.293,0.1,0.15,0,0,22
1721,37.01622529,4.183984755,154,도로,1,1005.913,0.629,30,3,0,0,0,0,없음,,0.2,거짓,0.329,0.15,0.4,0.3,0,0,21
1722,41.59156799,6.493191178,131,상업·업무시설,1,223.297,0.14,30,1,0,0,0,0,없음,,0.2,거짓,0.265,0.068,0.1,0.15,0,0,18
1723,43.76386563,6.671020753,154,도로,1,1436.41,0.898,30,1,0,0,0,0,없음,,0.2,거짓,0.237,0.063,0.1,0.15,0,0,22
1724,50.56679916,7.227925461,154,도로,1,1085.168,0.678,100,1,0,0,0,0,없음,,1,거짓,0.157,0.048,0.1,0.55,0,0,11
1725,50.56679916,7.227925461,154,도로,1,184.269,0.115,0,0,0,0,0,0,없음,,0,거짓,0.157,0.048,0,0,0,0,11
1726,56.3164658,6.982331634,154,도로,1,363.083,0.227,0,0,0,0,0,0,없음,,0,거짓,0.097,0.055,0,0,0,0,5
1727,56.3626442,6.98035915,154,도로,1,789.151,0.493,0,0,0,0,0,0,없음,,0,거짓,0.097,0.055,0,0,0,0,5
1728,64.38588475,6.131768919,154,도로,1,342.987,0.214,0,0,0,0,0,0,없음,,0,거짓,0.023,0.079,0,0,0,0,3
1729,67.17516327,5.836756638,154,도로,1,584.717,0.365,0,0,0,0,0,0,없음,,0,거짓,0,0.088,0,0,0,0,3
1730,67.17516327,5.598885649,154,도로,1,165.436,0.103,0,0,0,0,0,0,없음,,0,거짓,0,0.096,0,0,0,0,3
1731,67.17516327,5.353310954,154,도로,1,645.614,0.404,0,0,0.3,232,2011,0,없음,,0,거짓,0,0.104,0,0,1,0.1,4
1732,64.74226688,5.110874307,423,기타초지,0.4,5.208,0.001,30,1,0,0,0,0,없음,,0.2,거짓,0.02,0.113,0.1,0.15,0,0,10
1733,57.12322235,4.351641149,154,도로,1,1065.088,0.666,30,1,0,0,0,0,없음,,0.2,거짓,0.09,0.143,0.1,0.15,0,0,14
1734,57.12322235,4.351641149,154,도로,1,683.742,0.427,50,1,0,0,0,0,없음,,0.6,거짓,0.09,0.143,0.1,0.35,0,0,11
1735,50.72454007,2.230691719,154,도로,1,1049.436,0.656,0,0,0,0,0,0,없음,,0,거짓,0.155,0.267,0,0,0,0,10
1736,50.67314911,2.213657333,154,도로,1,535.088,0.334,0,0,0.3,343.6,2010,0,없음,,0,거짓,0.156,0.269,0,0,1,0.1,10
1737,49.67144316,2.303873091,154,도로,1,757.954,0.474,0,0,0.3,343.6,2010,0,없음,,0,거짓,0.167,0.261,0,0,1,0.1,11
1738,49.32320023,2.335236587,154,도로,1,942.068,0.589,0,0,0.2,210.88,2022,0,없음,,0,거짓,0.171,0.259,0,0,1,0.1,11
1739,47.88233129,2.988854872,112,공동주거시설,1,162.406,0.102,0,0,0,0,0,0,없음,,0,거짓,0.187,0.213,0,0,0,0,10
1740,46.39479828,3.663641285,112,공동주거시설,1,33.643,0.021,0,0,0,0,0,0,없음,,0,거짓,0.204,0.175,0,0,0,0,11
1741,44.73782239,4.045328947,131,상업·업무시설,1,2.621,0.002,0,0,0,0,0,0,없음,,0,거짓,0.224,0.156,0,0,0,0,11
1742,39.54870987,5.240651239,131,상업·업무시설,1,384.855,0.241,0,0,0,0,0,0,없음,,0,거짓,0.293,0.108,0,0,0,0,12
1743,39.54870987,5.240651239,131,상업·업무시설,1,80.418,0.05,0,0,0,0,0,0,없음,,0,거짓,0.293,0.108,0,0,0,0,15
1744,29.34113118,4.015015787,154,도로,1,1575.557,0.985,100,1,0,0,0,0,없음,,1,거짓,0.457,0.158,0.1,0.55,0,0,28
1745,29.2591491,4.005172107,131,상업·업무시설,1,34.362,0.021,0,0,0,0,0,0,없음,,0,거짓,0.459,0.158,0,0,0,0,14
1746,27.60766086,1.862438634,131,상업·업무시설,1,42.094,0.026,0,0,0,0,0,0,없음,,0,거짓,0.491,0.301,0,0,0,0,19
1747,27.03352119,1.117517626,131,상업·업무시설,1,1.937,0.001,0,0,0,0,0,0,없음,,0,거짓,0.503,0.396,0,0,0,0,21
1748,27.14402063,0.718651693,131,상업·업무시설,1,57.087,0.036,0,0,0,0,0,0,없음,,0,거짓,0.5,0.478,0,0,0,0,22
1749,27.25809872,0.306868059,131,상업·업무시설,1,13.769,0.009,0,0,0,0,0,0,없음,,0,거짓,0.498,0.637,0,0,0,0,25
1750,27.1146619,0.81606788,112,공동주거시설,1,176.279,0.11,0,0,0.2,250.74,2022,0,없음,,0,거짓,0.501,0.455,0,0,1,0.1,21
1751,26.66546419,2.41071701,111,단독주거시설,1,76.932,0.048,0,0,0,0,0,0,없음,,0,거짓,0.51,0.253,0,0,0,0,17
1752,26.66546419,2.41071701,112,공동주거시설,1,155.791,0.097,0,0,0,0,0,0,없음,,0,거짓,0.51,0.253,0,0,0,0,18
1753,19.33081896,2.127730802,112,공동주거시설,1,378.404,0.237,0,0,0,0,0,0,없음,,0,거짓,0.688,0.276,0,0,0,0,23
1754,19.27191082,2.125458,131,상업·업무시설,1,67.826,0.042,30,1,0,0,0,0,없음,,0.2,거짓,0.69,0.276,0.1,0.15,0,0,28
1755,19.27191082,0.838753705,154,도로,1,596.222,0.373,30,1,0.3,1778.1,2022,0,없음,,0.2,거짓,0.69,0.449,0.1,0.15,1,0.1,32
1756,19.27191082,0.391431128,154,도로,1,941.966,0.589,50,1,0.3,1778.1,2022,0,없음,,0.6,거짓,0.69,0.591,0.1,0.35,1,0.1,37
1757,18.70263807,0.437861707,154,도로,1,1165.055,0.728,30,1,0.3,1778.1,2022,0,없음,,0.2,거짓,0.706,0.57,0.1,0.15,1,0.1,40
1758,18.1149288,0.485795991,131,상업·업무시설,1,354.249,0.221,30,1,0.3,1778.1,2022,0,없음,,0.2,거짓,0.724,0.551,0.1,0.15,1,0.1,39
1759,17.99001319,0.399083605,154,도로,1,881.162,0.551,50,2,0.3,1778.1,2022,0,없음,,0.6,거짓,0.728,0.588,0.2,0.4,1,0.1,41
1760,17.59881791,0.127528463,154,도로,1,760.929,0.476,30,2,0,0,0,0,없음,,0.2,거짓,0.74,0.8,0.2,0.2,0,0,42
1761,17.59881791,0.127528463,131,상업·업무시설,1,14.661,0.009,30,1,0,0,0,0,없음,,0.2,거짓,0.74,0.8,0.1,0.15,0,0,41
1762,17.87762595,0.521508308,623,기타나지,0.7,108.843,0.048,30,2,0,0,0,0,없음,,0.2,거짓,0.731,0.538,0.2,0.2,0,0,35
1763,17.8798652,0.524672554,131,상업·업무시설,1,16.015,0.01,30,1,0,0,0,0,없음,,0.2,거짓,0.731,0.537,0.1,0.15,0,0,34
1764,18.63605385,0.627405,131,상업·업무시설,1,0.001,0,30,1,0,0,0,0,없음,,0.2,거짓,0.708,0.503,0.1,0.15,0,0,33
1765,18.89894273,0.663119922,131,상업·업무시설,1,31.147,0.019,30,1,0,0,0,0,없음,,0.2,거짓,0.7,0.493,0.1,0.15,0,0,33
1766,19.31602857,0.632042225,154,도로,1,660.22,0.413,50,1,0.5,44306,2022,0,없음,,0.6,거짓,0.688,0.502,0.1,0.35,2,0.2,36
1767,19.74662218,0.599958043,154,도로,1,1087.874,0.68,100,1,0.5,44306,2022,0,없음,,1,거짓,0.676,0.512,0.1,0.55,2,0.2,39
1768,19.72582414,0.624232668,154,도로,1,1435.823,0.897,50,1,0.5,44306,2022,0,없음,,0.6,거짓,0.677,0.504,0.1,0.35,2,0.2,42
1769,19.6606914,0.700252942,154,도로,1,1601.213,1,100,1,0.5,44306,2022,0,없음,,1,거짓,0.679,0.483,0.1,0.55,2,0.2,50
1770,19.63648079,0.6934223,154,도로,1,1429.037,0.893,100,1,0.5,44306,2022,0,없음,,1,거짓,0.679,0.485,0.1,0.55,2,0.2,46
1771,19.59288495,0.826850177,154,도로,1,28.771,0.018,30,1,0.7,19036.29,2022,0,없음,,0.2,거짓,0.68,0.452,0.1,0.15,2,0.2,30
1772,34.01567841,5.519241333,154,도로,1,76.201,0.048,0,0,0,0,0,0,없음,,0,거짓,0.376,0.099,0,0,0,0,10
1773,48.06780545,4.649439823,154,도로,1,594.762,0.372,0,0,0,0,0,0,없음,,0,거짓,0.185,0.13,0,0,0,0,14
1774,48.12491989,4.645904541,154,도로,1,875.716,0.547,0,0,0,0,0,0,없음,,0,거짓,0.184,0.131,0,0,0,0,14
1775,48.12491989,2.391169071,154,도로,1,780.402,0.488,0,0,0,0,0,0,없음,,0,거짓,0.184,0.254,0,0,0,0,16
1776,48.12491989,1.631115913,154,도로,1,384.393,0.24,0,0,0,0,0,0,없음,,0,거짓,0.184,0.326,0,0,0,0,15
1777,50.78923316,1.78941003,154,도로,1,800.485,0.5,0,0,0,0,0,0,없음,,0,거짓,0.154,0.308,0,0,0,0,13
1778,53.53983307,1.952830672,154,도로,1,578.007,0.361,0,0,0,0,0,0,없음,,0,거짓,0.125,0.292,0,0,0,0,11
1779,50.81912884,2.911559164,154,도로,1,904.497,0.565,0,0,0,0,0,0,없음,,0,거짓,0.154,0.218,0,0,0,0,9
1780,42.29876328,5.913986683,423,기타초지,0.4,16.989,0.004,0,0,0.2,1294.02,2022,0,없음,,0,거짓,0.255,0.086,0,0,1,0.1,9
1781,42.29876328,5.913986683,112,공동주거시설,1,0.035,0,0,0,0.2,1294.02,2022,0,없음,,0,거짓,0.255,0.086,0,0,1,0.1,9
1782,34.25935073,3.331383443,154,도로,1,1010.539,0.632,0,0,0,0,0,0,없음,,0,거짓,0.372,0.193,0,0,0,0,14
1783,34.19478226,3.310641289,112,공동주거시설,1,10.541,0.007,30,1,0,0,0,0,없음,,0.2,거짓,0.373,0.194,0.1,0.15,0,0,19
1784,32.99983491,2.740009411,111,단독주거시설,1,19.589,0.012,30,1,0,0,0,0,없음,,0.2,거짓,0.393,0.229,0.1,0.15,0,0,21
1785,32.58441162,2.541629314,112,공동주거시설,1,18.548,0.012,30,1,0,0,0,0,없음,,0.2,거짓,0.4,0.243,0.1,0.15,0,0,21
1786,37.01622529,3.995590241,131,상업·업무시설,1,9.577,0.006,30,1,0,0,0,0,없음,,0.2,거짓,0.329,0.159,0.1,0.15,0,0,19
1787,41.59156799,5.496639252,154,도로,1,829.367,0.518,30,1,0,0,0,0,없음,,0.2,거짓,0.265,0.099,0.1,0.15,0,0,17
1788,43.76386563,5.22466245,154,도로,1,1479.53,0.925,30,1,0,0,0,0,없음,,0.2,거짓,0.237,0.109,0.1,0.15,0,0,23
1789,50.56679916,4.372919083,154,도로,1,1086.817,0.679,50,1,0,0,0,0,없음,,0.6,거짓,0.157,0.142,0.1,0.35,0,0,17
1790,50.56679916,4.372919083,131,상업·업무시설,1,7.447,0.005,100,1,0,0,0,0,없음,,1,거짓,0.157,0.142,0.1,0.55,0,0,13
1791,56.3164658,4.630486359,154,도로,1,1053.865,0.659,100,1,0,0,0,0,없음,,1,거짓,0.097,0.131,0.1,0.55,0,0,10
1792,56.3626442,4.632555008,154,도로,1,880.83,0.551,0,0,0,0,0,0,없음,,0,거짓,0.097,0.131,0,0,0,0,7
1793,64.38588475,3.893281664,154,도로,1,333.259,0.208,0,0,0,0,0,0,없음,,0,거짓,0.023,0.164,0,0,0,0,5
1794,67.17516327,3.636273384,154,도로,1,739.955,0.462,0,0,0.2,205.77,2022,0,없음,,0,거짓,0,0.176,0,0,1,0.1,6
1795,67.17516327,3.63096078,154,도로,1,928.624,0.58,0,0,0,0,0,0,없음,,0,거짓,0,0.177,0,0,0,0,5
1796,67.17516327,3.625476122,154,도로,1,511.825,0.32,0,0,0,0,0,0,없음,,0,거짓,0,0.177,0,0,0,0,5
1797,64.74226688,4.1067074,423,기타초지,0.4,4.772,0.001,30,1,0,0,0,0,없음,,0.2,거짓,0.02,0.154,0.1,0.15,0,0,10
1798,57.12322235,5.613768101,111,단독주거시설,1,40.356,0.025,50,1,0.2,353.27,2022,0,없음,,0.6,거짓,0.09,0.095,0.1,0.35,1,0.1,13
1799,57.12322235,5.613768101,154,도로,1,522.151,0.326,50,1,0.2,353.27,2022,0,없음,,0.6,거짓,0.09,0.095,0.1,0.35,1,0.1,11
1800,50.72454007,3.969208356,154,도로,1,544.295,0.34,0,0,0,0,0,0,없음,,0,거짓,0.155,0.16,0,0,0,0,8
1801,50.67314911,3.95600009,154,도로,1,640.158,0.4,100,1,0.3,343.6,2010,0,없음,,1,거짓,0.156,0.161,0.1,0.55,1,0.1,9
1802,49.67144316,3.528987799,154,도로,1,795.402,0.497,100,1,0.3,343.6,2010,0,없음,,1,거짓,0.167,0.182,0.1,0.55,1,0.1,15
1803,49.32320023,3.380537033,154,도로,1,832.871,0.521,100,1,0.2,210.88,2022,0,없음,,1,거짓,0.171,0.19,0.1,0.55,1,0.1,13
1804,47.88233129,3.79366117,112,공동주거시설,1,1.012,0.001,0,0,0,0,0,0,없음,,0,거짓,0.187,0.168,0,0,0,0,8
1805,46.39479828,4.220164776,112,공동주거시설,1,175.663,0.11,0,0,0,0,0,0,없음,,0,거짓,0.204,0.149,0,0,0,0,10
1806,44.73782239,4.394786589,131,상업·업무시설,1,32.929,0.021,0,0,0,0,0,0,없음,,0,거짓,0.224,0.141,0,0,0,0,10
1807,39.54870987,4.941645622,131,상업·업무시설,1,2.486,0.002,0,0,0,0,0,0,없음,,0,거짓,0.293,0.119,0,0,0,0,11
1808,39.54870987,4.941645622,154,도로,1,1485.333,0.928,100,1,0,0,0,0,없음,,1,거짓,0.293,0.119,0.1,0.55,0,0,13
1809,30.34370719,3.495636465,154,도로,1,1170.877,0.732,100,1,0,0,0,0,없음,,1,거짓,0.439,0.184,0.1,0.55,0,0,28
1810,30.2697773,3.484022856,131,상업·업무시설,1,6.61,0.004,0,0,0,0,0,0,없음,,0,거짓,0.44,0.184,0,0,0,0,17
1811,27.61096998,2.138467361,131,상업·업무시설,1,5.112,0.003,0,0,0,0,0,0,없음,,0,거짓,0.491,0.275,0,0,0,0,17
1812,26.68663597,1.670685172,131,상업·업무시설,1,83.622,0.052,0,0,0,0,0,0,없음,,0,거짓,0.51,0.321,0,0,0,0,19
1813,25.79186241,1.682352266,154,도로,1,1080.006,0.675,30,1,0,0,0,0,없음,,0.2,거짓,0.529,0.32,0.1,0.15,0,0,28
1814,24.86811066,1.694397211,131,상업·업무시설,1,150.061,0.094,30,1,0,0,0,0,없음,,0.2,거짓,0.549,0.318,0.1,0.15,0,0,26
1815,24.71185094,1.854714117,131,상업·업무시설,1,156.401,0.098,30,1,0,0,0,0,없음,,0.2,거짓,0.552,0.302,0.1,0.15,0,0,26
1816,24.22249603,2.356774807,141,문화·체육·휴양시설,1,559.159,0.349,30,1,0,0,0,0,없음,,0.2,거짓,0.563,0.257,0.1,0.15,0,0,25
1817,24.22249603,2.356774807,131,상업·업무시설,1,90.837,0.057,30,1,0,0,0,0,없음,,0.2,거짓,0.563,0.257,0.1,0.15,0,0,20
1818,19.0720947,1.645836362,131,상업·업무시설,1,56.937,0.036,30,1,0,0,0,0,없음,,0.2,거짓,0.695,0.324,0.1,0.15,0,0,27
1819,19.03072929,1.640126467,154,도로,1,916.207,0.573,30,1,0.3,677.6,2022,0,없음,,0.2,거짓,0.697,0.325,0.1,0.15,1,0.1,29
1820,19.03072929,0.677326439,154,도로,1,813.83,0.509,30,1,0.3,677.6,2022,0,없음,,0.2,거짓,0.697,0.489,0.1,0.15,1,0.1,34
1821,19.03072929,0.342609137,131,상업·업무시설,1,0.043,0,30,1,0.3,3287.4,2022,0,없음,,0.2,거짓,0.697,0.616,0.1,0.15,1,0.1,36
1822,18.56523131,0.405658828,131,상업·업무시설,1,89.049,0.056,50,1,0.3,3287.4,2022,0,없음,,0.6,거짓,0.71,0.585,0.1,0.35,1,0.1,35
1823,18.08465767,0.470750451,154,도로,1,773.19,0.483,30,1,0.3,1778.1,2022,0,없음,,0.2,거짓,0.725,0.557,0.1,0.15,1,0.1,36
1824,17.96245316,0.386175121,154,도로,1,1285.858,0.804,50,1,0.3,1778.1,2022,0,없음,,0.6,거짓,0.728,0.594,0.1,0.35,1,0.1,43
1825,17.57974815,0.121312544,154,도로,1,986.457,0.617,50,1,0.3,4773.2,2022,0,없음,,0.6,거짓,0.74,0.809,0.1,0.35,1,0.1,43
1826,17.57974815,0.121312544,131,상업·업무시설,1,59.772,0.037,30,1,0,0,0,0,없음,,0.2,거짓,0.74,0.809,0.1,0.15,0,0,41
1827,18.20511569,0.711556373,131,상업·업무시설,1,155.288,0.097,30,1,0,0,0,0,없음,,0.2,거짓,0.721,0.48,0.1,0.15,0,0,34
1828,18.21013832,0.716296911,131,상업·업무시설,1,207.572,0.13,30,1,0,0,0,0,없음,,0.2,거짓,0.721,0.479,0.1,0.15,0,0,34
1829,19.17696242,0.947286616,131,상업·업무시설,1,9.715,0.006,30,1,0,0,0,0,없음,,0.2,거짓,0.692,0.427,0.1,0.15,0,0,33
1830,19.51307869,1.027590156,131,상업·업무시설,1,280.355,0.175,30,1,0,0,0,0,없음,,0.2,거짓,0.683,0.412,0.1,0.15,0,0,33
1831,19.87696772,0.981530764,154,도로,1,1338.005,0.836,30,1,0,0,0,0,없음,,0.2,거짓,0.673,0.42,0.1,0.15,0,0,34
1832,20.25264168,0.93397969,131,상업·업무시설,1,876.863,0.548,0,0,0,0,0,0,없음,,0,거짓,0.662,0.429,0,0,0,0,29
1833,20.30728836,0.933249635,154,도로,1,777.803,0.486,30,1,0,0,0,0,없음,,0.2,거짓,0.661,0.43,0.1,0.15,0,0,30
1834,20.47842407,0.930963337,154,도로,1,868.125,0.543,50,1,0.5,44306,2022,0,없음,,0.6,거짓,0.656,0.43,0.1,0.35,2,0.2,39
1835,20.47842407,0.930963337,154,도로,1,875.196,0.547,30,1,0.5,44306,2022,0,없음,,0.2,거짓,0.656,0.43,0.1,0.15,2,0.2,40
1836,48.12491989,1.643921285,154,도로,1,185.826,0.116,0,0,0,0,0,0,없음,,0,거짓,0.184,0.324,0,0,0,0,12
1837,48.12491989,1.631115913,154,도로,1,709.335,0.443,0,0,0,0,0,0,없음,,0,거짓,0.184,0.326,0,0,0,0,13
1838,51.08088223,1.806737697,154,도로,1,965.676,0.604,0,0,0,0,0,0,없음,,0,거짓,0.151,0.306,0,0,0,0,13
1839,53.53983307,1.952830672,154,도로,1,974.702,0.609,0,0,0,0,0,0,없음,,0,거짓,0.125,0.292,0,0,0,0,12
1840,50.81912884,2.911559164,154,도로,1,791.969,0.495,0,0,0,0,0,0,없음,,0,거짓,0.154,0.218,0,0,0,0,10
1841,42.29876328,5.913986683,154,도로,1,740.239,0.463,0,0,0,0,0,0,없음,,0,거짓,0.255,0.086,0,0,0,0,9
1842,42.29876328,5.913986683,154,도로,1,943.768,0.59,0,0,0,0,0,0,없음,,0,거짓,0.255,0.086,0,0,0,0,9
1843,34.25935073,3.331383443,131,상업·업무시설,1,21.492,0.013,30,1,0,0,0,0,없음,,0.2,거짓,0.372,0.193,0.1,0.15,0,0,19
1844,34.19478226,3.310641289,112,공동주거시설,1,2.465,0.002,0,0,0.2,871.54,2022,0,없음,,0,거짓,0.373,0.194,0,0,1,0.1,20
1845,32.99983491,2.740009411,154,도로,1,984.652,0.615,30,1,0.2,871.54,2022,0,없음,,0.2,거짓,0.393,0.229,0.1,0.15,1,0.1,22
1846,32.58441162,2.541629314,131,상업·업무시설,1,1.613,0.001,30,1,0,0,0,35,언주역,1,0.2,참,0.4,0.243,0.1,0.15,0,0,28
1847,37.01622529,3.995590241,131,상업·업무시설,1,32.171,0.02,50,1,0,0,0,34,언주역,8,0.6,참,0.329,0.159,0.1,0.35,0,0,35
1848,41.59156799,5.496639252,154,도로,1,1214.77,0.759,50,1,0,0,0,34,언주역,8,0.6,참,0.265,0.099,0.1,0.35,0,0,38
1849,43.76386563,5.22466245,154,도로,1,1028.422,0.643,30,1,0,0,0,35,언주역,1,0.2,참,0.237,0.109,0.1,0.15,0,0,32
1850,50.56679916,4.372919083,154,도로,1,1075.355,0.672,100,1,0,0,0,0,없음,,1,거짓,0.157,0.142,0.1,0.55,0,0,13
1851,50.56679916,4.372919083,131,상업·업무시설,1,335.031,0.209,100,1,0,0,0,0,없음,,1,거짓,0.157,0.142,0.1,0.55,0,0,20
1852,56.3164658,4.630486359,154,도로,1,1298.794,0.812,100,1,0,0,0,0,없음,,1,거짓,0.097,0.131,0.1,0.55,0,0,11
1853,56.3626442,4.632555008,154,도로,1,426.332,0.266,0,0,0,0,0,0,없음,,0,거짓,0.097,0.131,0,0,0,0,6
1854,64.38588475,3.893281664,154,도로,1,758.929,0.474,0,0,0,0,0,0,없음,,0,거짓,0.023,0.164,0,0,0,0,5
1855,67.17516327,3.636273384,154,도로,1,504.148,0.315,0,0,0.2,205.77,2022,0,없음,,0,거짓,0,0.176,0,0,1,0.1,5
1856,67.17516327,3.63096078,154,도로,1,566.899,0.354,0,0,0,0,0,0,없음,,0,거짓,0,0.177,0,0,0,0,5
1857,67.17516327,3.625476122,154,도로,1,468.757,0.293,0,0,0,0,0,0,없음,,0,거짓,0,0.177,0,0,0,0,5
1858,64.74226688,4.1067074,154,도로,1,575.457,0.36,0,0,0,0,0,0,없음,,0,거짓,0.02,0.154,0,0,0,0,5
1859,57.12322235,5.613768101,111,단독주거시설,1,76.135,0.048,30,1,0.2,353.27,2022,0,없음,,0.2,거짓,0.09,0.095,0.1,0.15,1,0.1,12
1860,57.12322235,5.613768101,154,도로,1,595.91,0.372,100,1,0.2,353.27,2022,0,없음,,1,거짓,0.09,0.095,0.1,0.55,1,0.1,11
1861,50.72454007,3.969208356,154,도로,1,673.406,0.421,30,2,0,0,0,0,없음,,0.2,거짓,0.155,0.16,0.2,0.2,0,0,14
1862,50.67314911,3.95600009,154,도로,1,703.13,0.439,30,1,0,0,0,0,없음,,0.2,거짓,0.156,0.161,0.1,0.15,0,0,16
1863,49.67144316,3.528987799,154,도로,1,719.433,0.45,100,2,0,0,0,0,없음,,1,거짓,0.167,0.182,0.2,0.6,0,0,20
1864,49.32320023,3.380537033,112,공동주거시설,1,7.841,0.005,100,1,0,0,0,0,없음,,1,거짓,0.171,0.19,0.1,0.55,0,0,19
1865,47.88233129,3.79366117,154,도로,1,762.962,0.477,100,1,0,0,0,0,없음,,1,거짓,0.187,0.168,0.1,0.55,0,0,13
1866,46.39479828,4.220164776,154,도로,1,1468.889,0.918,100,1,0,0,0,0,없음,,1,거짓,0.204,0.149,0.1,0.55,0,0,15
1867,44.73782239,4.394786589,131,상업·업무시설,1,53.685,0.034,0,0,0,0,0,0,없음,,0,거짓,0.224,0.141,0,0,0,0,11
1868,39.54870987,4.941645622,154,도로,1,710.182,0.444,30,1,0,0,0,0,없음,,0.2,거짓,0.293,0.119,0.1,0.15,0,0,20
1869,39.54870987,4.941645622,154,도로,1,1584.935,0.991,30,1,0,0,0,0,없음,,0.2,거짓,0.293,0.119,0.1,0.15,0,0,28
1870,30.34370719,3.495636465,154,도로,1,1008.857,0.631,30,1,0,0,0,0,없음,,0.2,거짓,0.439,0.184,0.1,0.15,0,0,26
1871,30.2697773,3.484022856,131,상업·업무시설,1,34.385,0.021,0,0,0,0,0,0,없음,,0,거짓,0.44,0.184,0,0,0,0,16
1872,27.61096998,2.138467361,131,상업·업무시설,1,14.351,0.009,0,0,0,0,0,0,없음,,0,거짓,0.491,0.275,0,0,0,0,18
1873,26.68663597,1.670685172,131,상업·업무시설,1,325.481,0.203,50,1,0,0,0,0,없음,,0.6,거짓,0.51,0.321,0.1,0.35,0,0,21
1874,25.79186241,1.682352266,131,상업·업무시설,1,3.909,0.002,30,1,0,0,0,0,없음,,0.2,거짓,0.529,0.32,0.1,0.15,0,0,28
1875,24.86811066,1.694397211,131,상업·업무시설,1,427.994,0.267,30,1,0,0,0,0,없음,,0.2,거짓,0.549,0.318,0.1,0.15,0,0,30
1876,24.71185094,1.854714117,154,도로,1,1237.833,0.774,30,1,0,0,0,0,없음,,0.2,거짓,0.552,0.302,0.1,0.15,0,0,29
1877,24.22249603,2.356774807,131,상업·업무시설,1,62.782,0.039,30,1,0,0,0,0,없음,,0.2,거짓,0.563,0.257,0.1,0.15,0,0,28
1878,24.22249603,2.356774807,154,도로,1,889.339,0.556,30,2,0,0,0,0,없음,,0.2,거짓,0.563,0.257,0.2,0.2,0,0,29
1879,19.0720947,1.645836362,154,도로,1,1121.153,0.701,30,2,0,0,0,0,없음,,0.2,거짓,0.695,0.324,0.2,0.2,0,0,32
1880,19.03072929,1.640126467,131,상업·업무시설,1,0.068,0,30,1,0,0,0,0,없음,,0.2,거짓,0.697,0.325,0.1,0.15,0,0,30
1881,19.03072929,0.677326439,154,도로,1,844.668,0.528,30,1,0.3,677.6,2022,0,없음,,0.2,거짓,0.697,0.489,0.1,0.15,1,0.1,36
1882,19.03072929,0.342609137,112,공동주거시설,1,7.141,0.004,100,1,0.3,677.6,2022,0,없음,,1,거짓,0.697,0.616,0.1,0.55,1,0.1,38
1883,18.56523131,0.405658828,111,단독주거시설,1,32.063,0.02,30,1,0.3,3287.4,2022,0,없음,,0.2,거짓,0.71,0.585,0.1,0.15,1,0.1,39
1884,18.08465767,0.470750451,131,상업·업무시설,1,68.242,0.043,30,1,0.3,3287.4,2022,0,없음,,0.2,거짓,0.725,0.557,0.1,0.15,1,0.1,38
1885,17.96245316,0.386175121,154,도로,1,1050.912,0.657,30,1,0.3,5919.6,2022,0,없음,,0.2,거짓,0.728,0.594,0.1,0.15,1,0.1,40
1886,17.57974815,0.121312544,131,상업·업무시설,1,55.766,0.035,30,1,0.3,4773.2,2022,0,없음,,0.2,거짓,0.74,0.809,0.1,0.15,1,0.1,42
1887,17.57974815,0.121312544,162,교육·행정시설,1,308.232,0.193,30,1,0,0,0,0,없음,,0.2,거짓,0.74,0.809,0.1,0.15,0,0,42
1888,18.20511569,0.711556373,131,상업·업무시설,1,21.707,0.014,30,1,0,0,0,0,없음,,0.2,거짓,0.721,0.48,0.1,0.15,0,0,36
1889,18.21013832,0.716296911,154,도로,1,1203.308,0.752,30,1,0,0,0,0,없음,,0.2,거짓,0.721,0.479,0.1,0.15,0,0,36
1890,19.17696242,0.947286616,131,상업·업무시설,1,81.352,0.051,30,1,0,0,0,0,없음,,0.2,거짓,0.692,0.427,0.1,0.15,0,0,34
1891,19.51307869,1.027590156,131,상업·업무시설,1,91.632,0.057,30,1,0,0,0,0,없음,,0.2,거짓,0.683,0.412,0.1,0.15,0,0,33
1892,19.87696772,0.981530764,154,도로,1,707.76,0.442,30,1,0,0,0,0,없음,,0.2,거짓,0.673,0.42,0.1,0.15,0,0,33
1893,20.25264168,0.93397969,154,도로,1,1228.834,0.768,30,1,0,0,0,0,없음,,0.2,거짓,0.662,0.429,0.1,0.15,0,0,30
1894,20.30728836,0.933249635,131,상업·업무시설,1,1.414,0.001,0,0,0,0,0,0,없음,,0,거짓,0.661,0.43,0,0,0,0,24
1895,20.47842407,0.930963337,154,도로,1,667.093,0.417,30,1,0,0,0,0,없음,,0.2,거짓,0.656,0.43,0.1,0.15,0,0,36
1896,20.47842407,0.930963337,154,도로,1,267.593,0.167,30,1,0,0,0,0,없음,,0.2,거짓,0.656,0.43,0.1,0.15,0,0,32
1897,53.53983307,1.952830672,154,도로,1,1.851,0.001,0,0,0,0,0,0,없음,,0,거짓,0.125,0.292,0,0,0,0,8
1898,52.95267224,2.68650969,154,도로,1,341.669,0.214,0,0,0,0,0,0,없음,,0,거짓,0.131,0.233,0,0,0,0,12
1899,50.71794095,3.84136784,154,도로,1,768.979,0.481,0,0,0,0,0,0,없음,,0,거짓,0.155,0.166,0,0,0,0,9
1900,46.15403064,5.871935464,154,도로,1,978.68,0.612,0,0,0,0,0,0,없음,,0,거짓,0.207,0.087,0,0,0,0,9
1901,46.18509805,5.871596597,131,상업·업무시설,1,63.155,0.039,50,1,0,0,0,0,없음,,0.6,거짓,0.207,0.087,0.1,0.35,0,0,13
1902,36.54720173,3.77834019,154,도로,1,235.868,0.147,30,1,0,0,0,0,없음,,0.2,거짓,0.336,0.169,0.1,0.15,0,0,15
1903,36.46979506,3.76152822,112,공동주거시설,1,3.301,0.002,0,0,0.2,871.54,2022,0,없음,,0,거짓,0.337,0.17,0,0,1,0.1,19
1904,35.93820021,2.574569519,154,도로,1,770.942,0.482,100,1,0.2,871.54,2022,35,언주역,1,1,참,0.345,0.241,0.1,0.55,1,0.1,34
1905,35.75339133,2.161923485,154,도로,1,1200.58,0.75,30,1,0,0,0,34,언주역,8,0.2,참,0.348,0.273,0.1,0.15,0,0,43
1906,39.75999066,3.330711669,131,상업·업무시설,1,85.51,0.053,30,1,0,0,0,34,언주역,8,0.2,참,0.29,0.193,0.1,0.15,0,0,39
1907,43.896348,4.537352312,131,상업·업무시설,1,1.762,0.001,30,1,0,0,0,34,언주역,8,0.2,참,0.235,0.135,0.1,0.15,0,0,41
1908,45.57147983,4.381879578,623,기타나지,0.7,520.614,0.228,30,1,0,0,0,34,언주역,8,0.2,참,0.214,0.142,0.1,0.15,0,0,36
1909,50.81745087,3.894989266,623,기타나지,0.7,66.691,0.029,0,0,0,0,0,34,언주역,8,0,참,0.154,0.163,0,0,0,0,14
1910,50.81745087,3.894989266,154,도로,1,1105.344,0.691,0,0,0,0,0,0,없음,,0,거짓,0.154,0.163,0,0,0,0,8
1911,54.95258839,4.322322865,423,기타초지,0.4,224.735,0.056,100,1,0,0,0,0,없음,,1,거짓,0.111,0.144,0.1,0.55,0,0,11
1912,54.98579971,4.325754991,154,도로,1,1099.185,0.687,0,0,0,0,0,0,없음,,0,거짓,0.111,0.144,0,0,0,0,7
1913,57.94661967,4.058122631,154,도로,1,579.428,0.362,0,0,0,0,0,0,없음,,0,거짓,0.082,0.156,0,0,0,0,6
1914,58.97594833,3.965080277,111,단독주거시설,1,45.818,0.029,50,1,0,0,0,0,없음,,0.6,거짓,0.072,0.16,0.1,0.35,0,0,12
1915,58.97594833,3.866060151,154,도로,1,427.779,0.267,0,0,0.2,263.43,2022,0,없음,,0,거짓,0.072,0.165,0,0,1,0.1,6
1916,58.97594833,3.763833151,154,도로,1,829.153,0.518,0,0,0,0,0,0,없음,,0,거짓,0.072,0.17,0,0,0,0,7
1917,57.85124522,4.277973823,154,도로,1,1104.628,0.69,0,0,0,0,0,0,없음,,0,거짓,0.083,0.146,0,0,0,0,7
1918,54.32903888,5.888096099,154,도로,1,3.593,0.002,30,1,0,0,0,0,없음,,0.2,거짓,0.117,0.086,0.1,0.15,0,0,11
1919,54.32903888,5.888096099,423,기타초지,0.4,57.005,0.014,30,1,0,0,0,0,없음,,0.2,거짓,0.117,0.086,0.1,0.15,0,0,11
1920,42.2342494,5.385654309,423,기타초지,0.4,23.485,0.006,30,1,0,0,0,0,없음,,0.2,거짓,0.256,0.103,0.1,0.15,0,0,15
1921,42.13711021,5.381618953,131,상업·업무시설,1,7.841,0.005,30,1,0,0,0,0,없음,,0.2,거짓,0.258,0.103,0.1,0.15,0,0,17
1922,40.66557613,4.807800495,154,도로,1,710.981,0.444,30,1,0,0,0,0,없음,,0.2,거짓,0.277,0.124,0.1,0.15,0,0,18
1923,40.15399751,4.608312584,154,도로,1,567.905,0.355,30,1,0,0,0,0,없음,,0.2,거짓,0.284,0.132,0.1,0.15,0,0,18
1924,39.02454968,4.706463904,131,상업·업무시설,1,53.955,0.034,100,1,0,0,0,0,없음,,1,거짓,0.3,0.128,0.1,0.55,0,0,21
1925,37.85852346,4.80779396,154,도로,1,566.242,0.354,30,1,0,0,0,0,없음,,0.2,거짓,0.317,0.124,0.1,0.15,0,0,18
1926,36.36742751,4.606042961,131,상업·업무시설,1,24.821,0.016,0,0,0,0,0,0,없음,,0,거짓,0.339,0.132,0,0,0,0,12
1927,31.69779731,3.97422409,154,도로,1,1341.9,0.839,30,1,0,0,0,0,없음,,0.2,거짓,0.415,0.16,0.1,0.15,0,0,25
1928,31.69779731,3.97422409,131,상업·업무시설,1,119.704,0.075,30,1,0,0,0,0,없음,,0.2,거짓,0.415,0.16,0.1,0.15,0,0,27
1929,29.97199825,2.576567147,163,기타 공공시설,1,52.136,0.033,30,1,0,0,0,0,없음,,0.2,거짓,0.446,0.24,0.1,0.15,0,0,23
1930,29.95813751,2.565341878,163,기타 공공시설,1,536.308,0.335,30,1,0,0,0,0,없음,,0.2,거짓,0.446,0.241,0.1,0.15,0,0,20
1931,27.06307873,2.134167081,131,상업·업무시설,1,157.769,0.099,0,0,0,0,0,0,없음,,0,거짓,0.502,0.275,0,0,0,0,18
1932,26.05661193,1.984269221,131,상업·업무시설,1,63.984,0.04,30,1,0,0,0,0,없음,,0.2,거짓,0.523,0.289,0.1,0.15,0,0,27
1933,24.29080739,1.694161132,112,공동주거시설,1,7.667,0.005,30,1,0,0,0,0,없음,,0.2,거짓,0.562,0.318,0.1,0.15,0,0,28
1934,22.46781537,1.394657582,111,단독주거시설,1,359.766,0.225,30,1,0.2,240.41,2022,0,없음,,0.2,거짓,0.605,0.355,0.1,0.15,1,0.1,29
1935,22.08846984,1.371687079,154,도로,1,743.183,0.464,30,1,0.2,240.41,2022,0,없음,,0.2,거짓,0.614,0.358,0.1,0.15,1,0.1,28
1936,20.90048233,1.299750894,154,도로,1,850.439,0.532,100,1,0.2,542.96,2022,0,없음,,1,거짓,0.645,0.368,0.1,0.55,1,0.1,32
1937,20.90048233,1.299750894,154,도로,1,609.08,0.381,30,2,0,0,0,0,없음,,0.2,거짓,0.645,0.368,0.2,0.2,0,0,32
1938,19.26080693,0.863452413,154,도로,1,1150.206,0.719,50,1,0.3,3624,2022,0,없음,,0.6,거짓,0.69,0.444,0.1,0.35,1,0.1,37
1939,19.24763789,0.859948286,131,상업·업무시설,1,136.591,0.085,30,1,0.3,3624,2022,0,없음,,0.2,거짓,0.69,0.445,0.1,0.15,1,0.1,34
1940,19.24763789,0.746636775,131,상업·업무시설,1,67.705,0.042,30,1,0.3,1828.4,2022,0,없음,,0.2,거짓,0.69,0.471,0.1,0.15,1,0.1,36
1941,19.24763789,0.707244043,112,공동주거시설,1,36.837,0.023,30,1,0.3,1828.4,2022,0,없음,,0.2,거짓,0.69,0.481,0.1,0.15,1,0.1,35
1942,18.66347988,0.638268882,154,도로,1,933.828,0.584,30,2,0.3,1828.4,2022,0,없음,,0.2,거짓,0.707,0.5,0.2,0.2,1,0.1,36
1943,18.06040329,0.567059887,154,도로,1,1080.325,0.675,30,1,0.3,677.6,2022,0,없음,,0.2,거짓,0.725,0.522,0.1,0.15,1,0.1,41
1944,18.03084506,0.505002349,154,도로,1,748.262,0.468,30,1,0.3,5919.6,2022,0,없음,,0.2,거짓,0.726,0.544,0.1,0.15,1,0.1,41
1945,17.93827824,0.310658212,154,도로,1,1038.631,0.649,50,1,0.3,4773.2,2022,0,없음,,0.6,거짓,0.729,0.634,0.1,0.35,1,0.1,43
1946,17.93827824,0.310658212,622,운동장,0.7,1127.521,0.493,30,1,0,0,0,0,없음,,0.2,거짓,0.729,0.634,0.1,0.15,0,0,37
1947,18.54656619,1.106854346,141,문화·체육·휴양시설,1,189.908,0.119,0,0,0,0,0,0,없음,,0,거짓,0.711,0.398,0,0,0,0,25
1948,18.55145165,1.113248988,112,공동주거시설,1,281.433,0.176,0,0,0,0,0,0,없음,,0,거짓,0.711,0.397,0,0,0,0,24
1949,20.23633268,1.627856212,111,단독주거시설,1,43.597,0.027,0,0,0,0,0,0,없음,,0,거짓,0.663,0.326,0,0,0,0,22
1950,20.82208134,1.806759346,111,단독주거시설,1,5.769,0.004,0,0,0,0,0,0,없음,,0,거짓,0.647,0.306,0,0,0,0,23
1951,21.63186981,1.763149642,131,상업·업무시설,1,22.803,0.014,0,0,0,0,0,0,없음,,0,거짓,0.626,0.311,0,0,0,0,20
1952,22.46788414,1.718127591,131,상업·업무시설,1,0.209,0,0,0,0,0,0,0,없음,,0,거짓,0.605,0.316,0,0,0,0,21
1953,22.38648712,1.709304789,131,상업·업무시설,1,82.982,0.052,0,0,0,0,0,0,없음,,0,거짓,0.607,0.317,0,0,0,0,21
1954,22.09539129,1.665241933,131,상업·업무시설,1,242.409,0.152,50,1,0,0,0,0,없음,,0.6,거짓,0.614,0.322,0.1,0.35,0,0,30
1955,46.57192612,5.867377281,154,도로,1,39.227,0.025,0,0,0,0,0,0,없음,,0,거짓,0.202,0.087,0,0,0,0,6
1956,46.57192612,5.867377281,154,도로,1,507.032,0.317,50,1,0,0,0,0,없음,,0.6,거짓,0.202,0.087,0.1,0.35,0,0,18
1957,36.75399362,3.81846024,154,도로,1,842.858,0.527,30,1,0,0,0,0,없음,,0.2,거짓,0.333,0.167,0.1,0.15,0,0,22
1958,36.69623947,3.806407452,154,도로,1,1060.012,0.663,30,1,0,0,0,36,언주역,2,0.2,참,0.334,0.168,0.1,0.15,0,0,27
1959,36.23067171,2.558102386,111,단독주거시설,1,100.486,0.063,50,1,0,0,0,35,언주역,1,0.6,참,0.341,0.242,0.1,0.35,0,0,40
1960,36.06881714,2.124129295,112,공동주거시설,1,152.022,0.095,30,1,0,0,0,34,언주역,8,0.2,참,0.343,0.276,0.1,0.15,0,0,41
1961,40.03309257,3.264532684,154,도로,1,1090.443,0.682,50,1,0,0,0,33,언주역,7,0.6,참,0.286,0.196,0.1,0.35,0,0,40
1962,44.12575531,4.441869259,154,도로,1,1050.637,0.657,50,1,0,0,0,33,언주역,7,0.6,참,0.232,0.139,0.1,0.35,0,0,39
1963,45.75140152,4.297992809,154,도로,1,617.823,0.386,50,1,0,0,0,33,언주역,7,0.6,참,0.212,0.145,0.1,0.35,0,0,34
1964,50.8423996,3.847418308,154,도로,1,857.891,0.536,0,0,0,0,0,33,언주역,7,0,참,0.154,0.166,0,0,0,0,19
1965,50.8423996,3.847418308,154,도로,1,892.566,0.558,0,0,0,0,0,0,없음,,0,거짓,0.154,0.166,0,0,0,0,8
1966,54.81683425,4.291649674,154,도로,1,22.564,0.014,30,1,0,0,0,0,없음,,0.2,거짓,0.112,0.145,0.1,0.15,0,0,11
1967,54.84875488,4.295217514,423,기타초지,0.4,5.244,0.001,30,1,0,0,0,0,없음,,0.2,거짓,0.112,0.145,0.1,0.15,0,0,14
1968,57.30568454,4.074530151,623,기타나지,0.7,292.251,0.128,30,1,0,0,0,0,없음,,0.2,거짓,0.088,0.155,0.1,0.15,0,0,14
1969,58.15983582,3.997808218,112,공동주거시설,1,242.016,0.151,100,1,0.2,419.92,2022,0,없음,,1,거짓,0.08,0.159,0.1,0.55,1,0.1,16
1970,58.15983582,3.889460871,154,도로,1,874.953,0.547,100,1,0.2,419.92,2022,0,없음,,1,거짓,0.08,0.164,0.1,0.55,1,0.1,11
1971,58.15983582,3.77760458,154,도로,1,669.049,0.418,0,0,0,0,0,0,없음,,0,거짓,0.08,0.169,0,0,0,0,7
1972,57.1653443,4.295020903,154,도로,1,895.971,0.56,0,0,0,0,0,0,없음,,0,거짓,0.089,0.145,0,0,0,0,6
1973,54.05091858,5.915401459,154,도로,1,613.036,0.383,0,0,0,0,0,0,없음,,0,거짓,0.12,0.086,0,0,0,0,6
1974,54.05091858,5.915401459,131,상업·업무시설,1,80.893,0.051,30,1,0,0,0,0,없음,,0.2,거짓,0.12,0.086,0.1,0.15,0,0,13
1975,41.38916453,5.526640889,154,도로,1,847.141,0.529,30,1,0.3,83.9,2011,0,없음,,0.2,거짓,0.267,0.098,0.1,0.15,1,0.1,16
1976,41.28747177,5.523518562,131,상업·업무시설,1,35.451,0.022,30,1,0,0,0,0,없음,,0.2,거짓,0.269,0.098,0.1,0.15,0,0,16
1977,39.76917314,4.935087687,154,도로,1,1042.311,0.651,30,1,0.2,560.14,2022,0,없음,,0.2,거짓,0.289,0.119,0.1,0.15,1,0.1,17
1978,39.24133682,4.730519772,131,상업·업무시설,1,2.467,0.002,30,1,0,0,0,0,없음,,0.2,거짓,0.297,0.127,0.1,0.15,0,0,18
1979,38.14288643,4.797320132,154,도로,1,906.753,0.567,30,1,0,0,0,0,없음,,0.2,거짓,0.313,0.125,0.1,0.15,0,0,19
1980,37.00886154,4.866283894,131,상업·업무시설,1,191.043,0.119,30,1,0,0,0,0,없음,,0.2,거짓,0.329,0.122,0.1,0.15,0,0,18
1981,35.53427652,4.627070458,154,도로,1,148.133,0.093,30,1,0,0,0,0,없음,,0.2,거짓,0.352,0.131,0.1,0.15,0,0,19
1982,30.91635323,3.877931356,131,상업·업무시설,1,0.958,0.001,30,1,0,0,0,0,없음,,0.2,거짓,0.429,0.164,0.1,0.15,0,0,25
1983,30.91635323,3.877931356,131,상업·업무시설,1,19.622,0.012,30,1,0,0,0,0,없음,,0.2,거짓,0.429,0.164,0.1,0.15,0,0,23
1984,29.93500003,2.485087172,163,기타 공공시설,1,33.817,0.021,30,1,0,0,0,0,없음,,0.2,거짓,0.446,0.247,0.1,0.15,0,0,24
1985,29.9271183,2.473900557,154,도로,1,915.917,0.572,30,2,0,0,0,0,없음,,0.2,거짓,0.447,0.248,0.2,0.2,0,0,28
1986,27.00854413,2.133739051,131,상업·업무시설,1,51.596,0.032,30,1,0,0,0,0,없음,,0.2,거짓,0.503,0.276,0.1,0.15,0,0,25
1987,25.99390221,2.015481949,131,상업·업무시설,1,0.275,0,30,1,0,0,0,0,없음,,0.2,거짓,0.524,0.286,0.1,0.15,0,0,26
1988,24.14139921,1.695336533,112,공동주거시설,1,290.397,0.181,30,1,0,0,0,0,없음,,0.2,거짓,0.565,0.318,0.1,0.15,0,0,27
1989,22.22890091,1.364822865,112,공동주거시설,1,192.194,0.12,30,1,0.2,231.75,2022,0,없음,,0.2,거짓,0.611,0.359,0.1,0.15,1,0.1,29
1990,21.82735043,1.323608767,112,공동주거시설,1,188.638,0.118,50,1,0.2,542.96,2022,0,없음,,0.6,거짓,0.621,0.364,0.1,0.35,1,0.1,31
1991,20.56982422,1.194539547,112,공동주거시설,1,1.408,0.001,30,1,0.2,542.96,2022,0,없음,,0.2,거짓,0.654,0.384,0.1,0.15,1,0.1,33
1992,20.56982422,1.194539547,154,도로,1,1200.137,0.75,30,1,0.2,586.51,2022,0,없음,,0.2,거짓,0.654,0.384,0.1,0.15,1,0.1,35
1993,19.27959048,0.785577478,163,기타 공공시설,1,4.501,0.003,30,1,0,0,0,0,없음,,0.2,거짓,0.689,0.462,0.1,0.15,0,0,31
1994,19.26922798,0.782292902,162,교육·행정시설,1,0.775,0,30,2,0,0,0,0,없음,,0.2,거짓,0.69,0.462,0.2,0.2,0,0,33
1995,19.26922798,0.75353561,154,도로,1,1152.217,0.72,30,1,0.3,3624,2022,0,없음,,0.2,거짓,0.69,0.469,0.1,0.15,1,0.1,36
1996,19.26922798,0.743538141,131,상업·업무시설,1,41.839,0.026,30,2,0.3,3624,2022,0,없음,,0.2,거짓,0.69,0.472,0.2,0.2,1,0.1,35
1997,18.6732591,0.661421828,154,도로,1,1007.688,0.63,50,1,0.3,5919.6,2022,0,없음,,0.6,거짓,0.707,0.494,0.1,0.35,1,0.1,38
1998,18.05798912,0.57664609,154,도로,1,1328.695,0.83,30,2,0.3,5919.6,2022,0,없음,,0.2,거짓,0.726,0.519,0.2,0.2,1,0.1,42
1999,18.03765248,0.51682987,154,도로,1,779.752,0.487,30,1,0.3,4773.2,2022,0,없음,,0.2,거짓,0.726,0.54,0.1,0.15,1,0.1,36
2000,17.97396469,0.329504818,154,도로,1,503.314,0.315,30,1,0.3,4773.2,2022,0,없음,,0.2,거짓,0.728,0.623,0.1,0.15,1,0.1,37
2001,17.97396469,0.329504818,141,문화·체육·휴양시설,1,153.322,0.096,30,1,0,0,0,0,없음,,0.2,거짓,0.728,0.623,0.1,0.15,0,0,36
2002,18.58055262,1.146200506,131,상업·업무시설,1,0,0,0,0,0,0,0,0,없음,,0,거짓,0.71,0.391,0,0,0,0,25
2003,18.58542442,1.15275979,112,공동주거시설,1,12.836,0.008,0,0,0,0,0,0,없음,,0,거짓,0.71,0.39,0,0,0,0,24
2004,20.34177757,1.695597011,111,단독주거시설,1,62.492,0.039,0,0,0,0,0,0,없음,,0,거짓,0.66,0.318,0,0,0,0,21
2005,20.9523735,1.884314299,111,단독주거시설,1,91.675,0.057,0,0,0,0,0,0,없음,,0,거짓,0.643,0.299,0,0,0,0,21
2006,21.80654477,1.840948426,131,상업·업무시설,1,28.903,0.018,0,0,0,0,0,0,없음,,0,거짓,0.621,0.303,0,0,0,0,20
2007,22.68837929,1.796178102,131,상업·업무시설,1,106.698,0.067,30,1,0,0,0,0,없음,,0.2,거짓,0.599,0.308,0.1,0.15,0,0,27
2008,22.5934411,1.786549785,131,상업·업무시설,1,60.581,0.038,30,1,0,0,0,0,없음,,0.2,거짓,0.602,0.309,0.1,0.15,0,0,28
2009,22.29612541,1.756397009,154,도로,1,641.571,0.401,50,1,0,0,0,0,없음,,0.6,거짓,0.609,0.312,0.1,0.35,0,0,30
2010,36.69623947,3.806407452,154,도로,1,124.672,0.078,30,1,0,0,0,36,언주역,2,0.2,참,0.334,0.168,0.1,0.15,0,0,39
2011,36.24632118,2.126762985,131,상업·업무시설,1,4.107,0.003,50,1,0,0,0,36,언주역,2,0.6,참,0.341,0.276,0.1,0.35,0,0,45
2012,36.23775294,1.398822702,131,상업·업무시설,1,200.064,0.125,50,1,0,0,0,33,언주역,7,0.6,참,0.341,0.354,0.1,0.35,0,0,44
2013,39.03156844,2.498965743,154,도로,1,1336.859,0.836,50,1,0,0,0,33,언주역,7,0.6,참,0.3,0.246,0.1,0.35,0,0,48
2014,41.88438458,3.749580916,131,상업·업무시설,1,424.826,0.266,30,1,0,0,0,33,언주역,7,0.2,참,0.261,0.171,0.1,0.15,0,0,40
2015,43.06106054,3.78570143,112,공동주거시설,1,513.381,0.321,30,1,0,0,0,33,언주역,7,0.2,참,0.246,0.169,0.1,0.15,0,0,33
2016,46.74602901,3.898819196,154,도로,1,662.777,0.414,30,1,0,0,0,33,언주역,7,0.2,참,0.2,0.163,0.1,0.15,0,0,32
2017,46.74602901,3.898819196,154,도로,1,816.655,0.51,30,1,0.2,223.2,2022,0,없음,,0.2,거짓,0.2,0.163,0.1,0.15,1,0.1,15
2018,50.41993456,4.374628536,111,단독주거시설,1,9.73,0.006,30,1,0,0,0,0,없음,,0.2,거짓,0.158,0.142,0.1,0.15,0,0,14
2019,50.44944149,4.378449994,131,상업·업무시설,1,54.878,0.034,30,1,0,0,0,0,없음,,0.2,거짓,0.158,0.142,0.1,0.15,0,0,14
2020,54.74922311,3.510063569,154,도로,1,602.177,0.376,30,1,0,0,0,0,없음,,0.2,거짓,0.113,0.183,0.1,0.15,0,0,15
2021,56.24404162,3.208169144,111,단독주거시설,1,11.451,0.007,50,1,0,0,0,0,없음,,0.6,거짓,0.098,0.2,0.1,0.35,0,0,14
2022,56.24404162,2.78871156,154,도로,1,998.917,0.624,50,1,0,0,0,0,없음,,0.6,거짓,0.098,0.226,0.1,0.35,0,0,13
2023,56.24404162,2.355669394,154,도로,1,708.031,0.443,0,0,0,0,0,0,없음,,0,거짓,0.098,0.257,0,0,0,0,9
2024,55.22828252,3.05920096,154,도로,1,692.962,0.433,0,0,0,0,0,0,없음,,0,거짓,0.108,0.208,0,0,0,0,8
2025,52.04725359,5.262434254,154,도로,1,613.598,0.383,0,0,0,0,0,0,없음,,0,거짓,0.141,0.107,0,0,0,0,7
2026,52.04725359,5.262434254,131,상업·업무시설,1,4.906,0.003,30,1,0,0,0,0,없음,,0.2,거짓,0.141,0.107,0.1,0.15,0,0,12
2027,40.32708471,5.073561816,131,상업·업무시설,1,4.751,0.003,30,1,0,0,0,0,없음,,0.2,거짓,0.282,0.114,0.1,0.15,0,0,16
2028,40.23295428,5.072044889,112,공동주거시설,1,11.685,0.007,30,1,0.3,238.7,2010,0,없음,,0.2,거짓,0.283,0.114,0.1,0.15,1,0.1,18
2029,36.92934189,3.532455589,154,도로,1,823.807,0.515,30,1,0.2,560.14,2022,0,없음,,0.2,거짓,0.33,0.182,0.1,0.15,1,0.1,20
2030,35.78084148,2.997217573,154,도로,1,841.198,0.526,30,1,0.5,196.3,2010,0,없음,,0.2,거짓,0.348,0.212,0.1,0.15,2,0.2,21
2031,34.7843825,2.91070682,154,도로,1,917.786,0.574,30,1,0,0,0,0,없음,,0.2,거짓,0.363,0.218,0.1,0.15,0,0,21
2032,33.75565213,2.821394323,131,상업·업무시설,1,23.924,0.015,30,1,0,0,0,0,없음,,0.2,거짓,0.38,0.223,0.1,0.15,0,0,22
2033,32.95235791,2.711592113,154,도로,1,328.654,0.205,30,1,0,0,0,0,없음,,0.2,거짓,0.393,0.231,0.1,0.15,0,0,26
2034,30.43670028,2.367727107,154,도로,1,1588.832,0.993,30,1,0,0,0,0,없음,,0.2,거짓,0.437,0.256,0.1,0.15,0,0,27
2035,30.43670028,2.367727107,154,도로,1,626.975,0.392,30,1,0,0,0,0,없음,,0.2,거짓,0.437,0.256,0.1,0.15,0,0,24
2036,28.88522873,1.910511902,112,공동주거시설,1,445.953,0.279,30,1,0,0,0,0,없음,,0.2,거짓,0.466,0.296,0.1,0.15,0,0,27
2037,28.8727681,1.906839782,154,도로,1,399.789,0.25,30,2,0,0,0,0,없음,,0.2,거짓,0.466,0.296,0.2,0.2,0,0,27
2038,26.44281032,1.713720543,623,기타나지,0.7,8.689,0.004,30,1,0,0,0,0,없음,,0.2,거짓,0.515,0.316,0.1,0.15,0,0,26
2039,25.59803582,1.646582665,131,상업·업무시설,1,38.784,0.024,30,1,0,0,0,0,없음,,0.2,거짓,0.533,0.324,0.1,0.15,0,0,28
2040,24.6140634,1.740839134,131,상업·업무시설,1,83.704,0.052,30,1,0,0,0,0,없음,,0.2,거짓,0.554,0.313,0.1,0.15,0,0,21
2041,23.59822398,1.838148201,112,공동주거시설,1,25.709,0.016,0,0,0.2,231.75,2022,0,없음,,0,거짓,0.578,0.303,0,0,1,0.1,21
2042,23.11749224,1.850119705,112,공동주거시설,1,123.197,0.077,100,1,0.2,359.32,2022,0,없음,,1,거짓,0.589,0.302,0.1,0.55,1,0.1,26
2043,21.61199592,1.887610586,154,도로,1,644.879,0.403,30,1,0,0,0,0,없음,,0.2,거짓,0.626,0.298,0.1,0.15,0,0,24
2044,21.61199592,1.887610586,131,상업·업무시설,1,2.458,0.002,0,0,0,0,0,0,없음,,0,거짓,0.626,0.298,0,0,0,0,21
2045,20.58736962,0.976625049,112,공동주거시설,1,131.403,0.082,30,1,0,0,0,0,없음,,0.2,거짓,0.653,0.421,0.1,0.15,0,0,28
2046,20.57914034,0.969308477,162,교육·행정시설,1,241.75,0.151,30,1,0,0,0,0,없음,,0.2,거짓,0.653,0.422,0.1,0.15,0,0,29
2047,20.57914034,0.836066642,111,단독주거시설,1,137.708,0.086,0,0,0,0,0,0,없음,,0,거짓,0.653,0.45,0,0,0,0,24
2048,20.57914034,0.789745136,154,도로,1,810.659,0.507,30,1,0.3,202.5,2022,0,없음,,0.2,거짓,0.653,0.461,0.1,0.15,1,0.1,32
2049,19.30248087,0.699519866,154,도로,1,976.641,0.61,30,2,0.3,5919.6,2022,0,없음,,0.2,거짓,0.689,0.483,0.2,0.2,1,0.1,39
2050,17.98447541,0.606372554,154,도로,1,1062.458,0.664,30,1,0.3,5919.6,2022,0,없음,,0.2,거짓,0.728,0.51,0.1,0.15,1,0.1,43
2051,18.10760016,0.574848658,154,도로,1,1219.547,0.762,30,1,0.3,210,2022,0,없음,,0.2,거짓,0.724,0.52,0.1,0.15,1,0.1,35
2052,18.49318704,0.476126015,154,도로,1,1041.652,0.651,30,1,0,0,0,0,없음,,0.2,거짓,0.712,0.555,0.1,0.15,0,0,37
2053,18.49318704,0.476126015,154,도로,1,1515.916,0.947,30,1,0,0,0,0,없음,,0.2,거짓,0.712,0.555,0.1,0.15,0,0,40
2054,19.03743354,1.252904211,154,도로,1,956.061,0.598,30,1,0,0,0,0,없음,,0.2,거짓,0.696,0.375,0.1,0.15,0,0,27
2055,19.04180465,1.259142898,112,공동주거시설,1,14.272,0.009,0,0,0.5,184,2011,0,없음,,0,거짓,0.696,0.374,0,0,2,0.2,23
2056,21.67018731,1.909159256,112,공동주거시설,1,123.256,0.077,0,0,0.5,184,2011,0,없음,,0,거짓,0.625,0.296,0,0,2,0.2,20
2057,22.5839442,2.135137356,111,단독주거시설,1,20.598,0.013,0,0,0,0,0,0,없음,,0,거짓,0.602,0.275,0,0,0,0,19
2058,24.00287262,1.918053338,141,문화·체육·휴양시설,1,781.763,0.489,30,1,0,0,0,0,없음,,0.2,거짓,0.568,0.295,0.1,0.15,0,0,23
2059,25.46775457,1.69393882,131,상업·업무시설,1,157.347,0.098,30,1,0,0,0,0,없음,,0.2,거짓,0.536,0.318,0.1,0.15,0,0,26
2060,25.16038144,1.830735859,131,상업·업무시설,1,363.161,0.227,30,1,0,0,0,0,없음,,0.2,거짓,0.542,0.304,0.1,0.15,0,0,28
2061,22.75895115,1.910061134,154,도로,1,98.126,0.061,50,1,0,0,0,0,없음,,0.6,거짓,0.598,0.296,0.1,0.35,0,0,28
2062,39.74654668,2.821103662,154,도로,1,258.185,0.161,30,1,0,0,0,33,언주역,7,0.2,참,0.29,0.224,0.1,0.15,0,0,41
2063,40.72703552,3.392112494,154,도로,1,709.306,0.443,30,1,0,0,0,33,언주역,7,0.2,참,0.276,0.189,0.1,0.15,0,0,40
2064,41.79039682,3.537364579,131,상업·업무시설,1,58.774,0.037,30,1,0,0,0,33,언주역,7,0.2,참,0.262,0.181,0.1,0.15,0,0,39
2065,44.63083649,3.925360441,154,도로,1,770.775,0.482,50,1,0,0,0,33,언주역,7,0.6,참,0.226,0.162,0.1,0.35,0,0,39
2066,44.63083649,3.925360441,154,도로,1,921.244,0.576,30,1,0.2,223.2,2022,0,없음,,0.2,거짓,0.226,0.162,0.1,0.15,1,0.1,17
2067,48.14956151,4.417475311,623,기타나지,0.7,332.677,0.146,30,1,0,0,0,0,없음,,0.2,거짓,0.184,0.14,0.1,0.15,0,0,16
2068,48.17782211,4.421427727,154,도로,1,879.961,0.55,30,1,0,0,0,0,없음,,0.2,거짓,0.184,0.14,0.1,0.15,0,0,16
2069,53.42917454,3.218596898,154,도로,1,791.879,0.495,50,1,0,0,0,0,없음,,0.6,거짓,0.126,0.199,0.1,0.35,0,0,13
2070,55.25480652,2.80043292,154,도로,1,964.243,0.603,0,0,0,0,0,0,없음,,0,거짓,0.108,0.225,0,0,0,0,9
2071,55.25480652,2.220331168,154,도로,1,636.65,0.398,0,0,0,0,0,0,없음,,0,거짓,0.108,0.268,0,0,0,0,9
2072,55.25480652,1.621442199,154,도로,1,752.695,0.47,0,0,0,0,0,0,없음,,0,거짓,0.108,0.327,0,0,0,0,11
2073,54.22806574,2.421075805,154,도로,1,656.328,0.41,0,0,0,0,0,0,없음,,0,거짓,0.118,0.252,0,0,0,0,9
2074,51.01264572,4.925269604,154,도로,1,604.725,0.378,0,0,0,0,0,0,없음,,0,거짓,0.152,0.12,0,0,0,0,8
2075,51.01264572,4.925269604,154,도로,1,796.703,0.498,0,0,0,0,0,0,없음,,0,거짓,0.152,0.12,0,0,0,0,8
2076,39.77867161,4.839610944,112,공동주거시설,1,1.272,0.001,30,1,0,0,0,0,없음,,0.2,거짓,0.289,0.123,0.1,0.15,0,0,16
2077,39.68844604,4.838922977,111,단독주거시설,1,98.7,0.062,30,1,0.5,227.2,2011,0,없음,,0.2,거짓,0.291,0.123,0.1,0.15,2,0.2,17
2078,35.46297313,2.808195692,154,도로,1,851.248,0.532,30,1,0,0,0,0,없음,,0.2,거짓,0.353,0.224,0.1,0.15,0,0,20
2079,33.99398804,2.102213621,154,도로,1,888.56,0.555,30,1,0.5,162,2011,0,없음,,0.2,거짓,0.376,0.278,0.1,0.15,2,0.2,21
2080,33.05019311,1.936539493,154,도로,1,1055.158,0.659,30,1,0,0,0,28,역삼역,4,0.2,참,0.392,0.294,0.1,0.15,0,0,28
2081,32.07583237,1.76549983,131,상업·업무시설,1,903.821,0.565,30,1,0,0,0,28,역삼역,4,0.2,참,0.408,0.311,0.1,0.15,0,0,36
2082,31.61916434,1.722520103,154,도로,1,985.64,0.616,30,1,0,0,0,28,역삼역,4,0.2,참,0.416,0.315,0.1,0.15,0,0,42
2083,30.18902779,1.5879215,131,상업·업무시설,1,184.647,0.115,30,1,0,0,0,0,없음,,0.2,거짓,0.442,0.331,0.1,0.15,0,0,30
2084,30.18902779,1.5879215,131,상업·업무시설,1,0.005,0,30,1,0,0,0,0,없음,,0.2,거짓,0.442,0.331,0.1,0.15,0,0,26
2085,28.34317123,1.613825532,131,상업·업무시설,1,56.949,0.036,30,1,0,0,0,0,없음,,0.2,거짓,0.477,0.328,0.1,0.15,0,0,26
2086,28.32834625,1.61403358,131,상업·업무시설,1,38.66,0.024,30,1,0,0,0,0,없음,,0.2,거짓,0.477,0.327,0.1,0.15,0,0,24
2087,26.15068931,1.496840748,131,상업·업무시설,1,436.457,0.273,30,1,0,0,0,0,없음,,0.2,거짓,0.521,0.342,0.1,0.15,0,0,28
2088,25.39362717,1.456098676,154,도로,1,1522.782,0.952,30,1,0,0,0,0,없음,,0.2,거짓,0.537,0.347,0.1,0.15,0,0,31
2089,24.8581272,1.764334753,111,단독주거시설,1,38.318,0.024,0,0,0,0,0,0,없음,,0,거짓,0.549,0.311,0,0,0,0,19
2090,24.3052845,2.082553387,111,단독주거시설,1,73.902,0.046,0,0,0,0,0,0,없음,,0,거짓,0.561,0.28,0,0,0,0,18
2091,23.7836669,2.121987687,112,공동주거시설,1,0.3,0,0,0,0,0,0,0,없음,,0,거짓,0.573,0.277,0,0,0,0,18
2092,22.15012932,2.24548316,111,단독주거시설,1,128.469,0.08,0,0,0.5,174.3,2010,0,없음,,0,거짓,0.613,0.266,0,0,2,0.2,20
2093,22.15012932,2.24548316,112,공동주거시설,1,27.134,0.017,0,0,0.3,521.4,2011,0,없음,,0,거짓,0.613,0.266,0,0,1,0.1,20
2094,21.26265145,1.075273936,154,도로,1,592.626,0.37,50,1,0.3,521.4,2011,0,없음,,0.6,거짓,0.635,0.403,0.1,0.35,1,0.1,28
2095,21.25552368,1.065875411,131,상업·업무시설,1,178.238,0.111,30,1,0,0,0,0,없음,,0.2,거짓,0.635,0.405,0.1,0.15,0,0,28
2096,21.25552368,0.878682177,154,도로,1,813.534,0.508,30,1,0.5,304.6,2011,0,없음,,0.2,거짓,0.635,0.441,0.1,0.15,2,0.2,28
2097,21.25552368,0.813604474,154,도로,1,722.91,0.452,100,2,0.3,167,2022,0,없음,,1,거짓,0.635,0.455,0.2,0.6,1,0.1,34
2098,19.62738438,0.719192082,154,도로,1,1087.176,0.679,100,3,0.3,5919.6,2022,0,없음,,1,거짓,0.679,0.478,0.4,0.7,1,0.1,39
2099,17.94651604,0.621722043,154,도로,1,670.919,0.419,30,1,0.3,5919.6,2022,0,없음,,0.2,거짓,0.729,0.505,0.1,0.15,1,0.1,37
2100,18.14371818,0.604807107,131,상업·업무시설,1,74.384,0.046,30,1,0.3,210,2022,0,없음,,0.2,거짓,0.723,0.51,0.1,0.15,1,0.1,36
2101,18.7612915,0.551835001,131,상업·업무시설,1,372.846,0.233,30,1,0,0,0,0,없음,,0.2,거짓,0.704,0.527,0.1,0.15,0,0,36
2102,18.7612915,0.551835001,131,상업·업무시설,1,213.908,0.134,30,1,0,0,0,0,없음,,0.2,거짓,0.704,0.527,0.1,0.15,0,0,36
2103,19.27334752,1.308001491,154,도로,1,1255.211,0.785,30,1,0,0,0,0,없음,,0.2,거짓,0.69,0.367,0.1,0.15,0,0,33
2104,19.2774601,1.314074636,112,공동주거시설,1,11.081,0.007,30,1,0,0,0,0,없음,,0.2,거짓,0.689,0.366,0.1,0.15,0,0,29
2105,22.35612193,2.019433767,154,도로,1,851.84,0.532,30,1,0,0,0,0,없음,,0.2,거짓,0.608,0.286,0.1,0.15,0,0,25
2106,23.4264183,2.264651775,111,단독주거시설,1,0.741,0,0,0,0,0,0,0,없음,,0,거짓,0.582,0.264,0,0,0,0,19
2107,25.13696344,1.957867053,141,문화·체육·휴양시설,1,6.481,0.004,30,1,0,0,0,0,없음,,0.2,거짓,0.543,0.292,0.1,0.15,0,0,23
2108,26.90290642,1.641146779,163,기타 공공시설,1,23.718,0.015,30,1,0,0,0,0,없음,,0.2,거짓,0.505,0.324,0.1,0.15,0,0,24
2109,26.88178291,1.654360699,154,도로,1,845.166,0.528,30,1,0,0,0,0,없음,,0.2,거짓,0.506,0.323,0.1,0.15,0,0,27
2110,44.63083649,3.925360441,154,도로,1,14.417,0.009,30,1,0,0,0,33,언주역,7,0.2,참,0.226,0.162,0.1,0.15,0,0,35
2111,44.63083649,3.925360441,154,도로,1,425.35,0.266,30,1,0,0,0,33,언주역,7,0.2,참,0.226,0.162,0.1,0.15,0,0,40
2112,44.18785623,3.723738637,154,도로,1,823.32,0.515,30,1,0,0,0,0,없음,,0.2,거짓,0.231,0.172,0.1,0.15,0,0,18
2113,46.48611772,4.327980627,131,상업·업무시설,1,339.873,0.212,30,1,0,0,0,0,없음,,0.2,거짓,0.203,0.144,0.1,0.15,0,0,18
2114,46.38848241,4.328089033,131,상업·업무시설,1,850.724,0.532,100,1,0,0,0,0,없음,,1,거짓,0.204,0.144,0.1,0.55,0,0,20
2115,52.89901004,3.29893695,154,도로,1,770.663,0.482,0,0,0,0,0,0,없음,,0,거짓,0.132,0.194,0,0,0,0,9
2116,55.1623941,2.941152366,154,도로,1,956.814,0.598,0,0,0,0,0,0,없음,,0,거짓,0.109,0.216,0,0,0,0,9
2117,55.1623941,2.108118095,154,도로,1,682.991,0.427,0,0,0,0,0,0,없음,,0,거짓,0.109,0.278,0,0,0,0,10
2118,55.1623941,1.248105117,154,도로,1,928.146,0.58,0,0,0,0,0,0,없음,,0,거짓,0.109,0.375,0,0,0,0,12
2119,54.18386282,2.047246648,154,도로,1,608.741,0.38,0,0,0,0,0,0,없음,,0,거짓,0.119,0.283,0,0,0,0,10
2120,51.11941938,4.549899427,154,도로,1,885.664,0.554,0,0,0,0,0,0,없음,,0,거짓,0.151,0.134,0,0,0,0,8
2121,51.11941938,4.549899427,154,도로,1,801.324,0.501,0,0,0,0,0,0,없음,,0,거짓,0.151,0.134,0,0,0,0,7
2122,40.5403433,4.900739966,154,도로,1,1003.822,0.627,0,0,0,0,0,0,없음,,0,거짓,0.279,0.121,0,0,0,0,10
2123,40.45537755,4.903557739,154,도로,1,661.014,0.413,0,0,0,0,0,0,없음,,0,거짓,0.28,0.121,0,0,0,0,10
2124,37.24554375,3.314360368,154,도로,1,928.591,0.58,0,0,0.2,426.92,2022,0,없음,,0,거짓,0.326,0.194,0,0,1,0.1,13
2125,36.12964546,2.761876114,154,도로,1,798.279,0.499,0,0,0.5,162,2011,28,역삼역,4,0,참,0.343,0.227,0,0,2,0.2,24
2126,34.66740654,2.552700708,131,상업·업무시설,1,164.502,0.103,100,1,0,0,0,28,역삼역,4,1,참,0.365,0.242,0.1,0.55,0,0,37
2127,33.15781145,2.336750933,131,상업·업무시설,1,36.746,0.023,30,1,0,0,0,28,역삼역,4,0.2,참,0.39,0.259,0.1,0.15,0,0,46
2128,32.72641883,2.283322385,154,도로,1,312.915,0.196,30,1,0,0,0,28,역삼역,4,0.2,참,0.397,0.263,0.1,0.15,0,0,47
2129,31.37543671,2.116001456,154,도로,1,1035.439,0.647,50,1,0,0,0,28,역삼역,4,0.6,참,0.42,0.277,0.1,0.35,0,0,41
2130,31.37543671,2.116001456,131,상업·업무시설,1,18.471,0.012,100,1,0,0,0,29,역삼역,3,1,참,0.42,0.277,0.1,0.55,0,0,27
2131,28.78509172,2.131628494,131,상업·업무시설,1,2.724,0.002,30,1,0,0,0,0,없음,,0.2,거짓,0.468,0.276,0.1,0.15,0,0,24
2132,28.76428739,2.131754003,154,도로,1,811.376,0.507,30,1,0,0,0,0,없음,,0.2,거짓,0.468,0.276,0.1,0.15,0,0,24
2133,26.89620466,2.021932072,154,도로,1,921.42,0.576,30,1,0,0,0,0,없음,,0.2,거짓,0.505,0.286,0.1,0.15,0,0,28
2134,26.24676595,1.983752492,131,상업·업무시설,1,272.667,0.17,30,1,0,0,0,0,없음,,0.2,거짓,0.519,0.289,0.1,0.15,0,0,25
2135,26.4050937,2.222006562,112,공동주거시설,1,203.556,0.127,100,1,0,0,0,0,없음,,1,거짓,0.516,0.268,0.1,0.55,0,0,21
2136,26.56854906,2.467976745,154,도로,1,835.061,0.522,100,1,0.3,192.7,2010,0,없음,,1,거짓,0.512,0.248,0.1,0.55,1,0.1,20
2137,25.96788736,2.541389859,111,단독주거시설,1,101.933,0.064,0,0,0,0,0,0,없음,,0,거짓,0.525,0.243,0,0,0,0,17
2138,24.0868092,2.771295986,111,단독주거시설,1,67.755,0.042,0,0,0,0,0,0,없음,,0,거짓,0.566,0.227,0,0,0,0,18
2139,24.0868092,2.771295986,112,공동주거시설,1,103.306,0.065,0,0,0.3,521.4,2011,0,없음,,0,거짓,0.566,0.227,0,0,1,0.1,18
2140,20.86249605,1.473952575,112,공동주거시설,1,4.175,0.003,0,0,0.3,521.4,2011,0,없음,,0,거짓,0.646,0.344,0,0,1,0.1,23
2141,20.8366,1.463532974,111,단독주거시설,1,68.843,0.043,30,1,0,0,0,0,없음,,0.2,거짓,0.646,0.346,0.1,0.15,0,0,26
2142,20.8366,0.970516848,154,도로,1,928.905,0.581,30,1,0.5,304.6,2011,0,없음,,0.2,거짓,0.646,0.422,0.1,0.15,2,0.2,31
2143,20.8366,0.799119858,154,도로,1,805.008,0.503,30,1,0.3,5919.6,2022,0,없음,,0.2,거짓,0.646,0.458,0.1,0.15,1,0.1,34
2144,19.49425856,0.732411958,154,도로,1,1022.459,0.639,30,1,0.3,5919.6,2022,0,없음,,0.2,거짓,0.683,0.475,0.1,0.15,1,0.1,38
2145,18.10844395,0.663543651,154,도로,1,912.013,0.57,30,1,0.5,229,2010,0,없음,,0.2,거짓,0.724,0.493,0.1,0.15,2,0.2,37
2146,18.31084915,0.682949005,154,도로,1,880.275,0.55,100,1,0.5,177.6,2010,0,없음,,1,거짓,0.718,0.488,0.1,0.55,2,0.2,36
2147,18.94471676,0.743720296,154,도로,1,836.296,0.523,30,1,0.5,205.6,2010,0,없음,,0.2,거짓,0.699,0.472,0.1,0.15,2,0.2,35
2148,18.94471676,0.743720296,154,도로,1,1223.372,0.765,30,1,0.2,160.55,2022,0,없음,,0.2,거짓,0.699,0.472,0.1,0.15,1,0.1,34
2149,19.72415784,1.364598602,154,도로,1,10.329,0.006,30,1,0,0,0,0,없음,,0.2,거짓,0.677,0.359,0.1,0.15,0,0,29
2150,19.73041792,1.36958518,112,공동주거시설,1,201.882,0.126,30,1,0,0,0,0,없음,,0.2,거짓,0.677,0.358,0.1,0.15,0,0,33
2151,22.11273598,1.986998459,154,도로,1,1097.442,0.686,30,1,0,0,0,0,없음,,0.2,거짓,0.614,0.289,0.1,0.15,0,0,30
2152,22.94094853,2.201642104,154,도로,1,1183.884,0.74,30,1,0,0,0,0,없음,,0.2,거짓,0.593,0.27,0.1,0.15,0,0,26
2153,25.08243717,1.949607393,131,상업·업무시설,1,0.178,0,30,1,0,0,0,0,없음,,0.2,거짓,0.544,0.292,0.1,0.15,0,0,25
2154,27.29328022,1.689410268,131,상업·업무시설,1,14.871,0.009,30,1,0,0,0,0,없음,,0.2,거짓,0.497,0.319,0.1,0.15,0,0,25
2155,27.12813315,1.66899247,154,도로,1,424.897,0.266,30,1,0,0,0,0,없음,,0.2,거짓,0.501,0.321,0.1,0.15,0,0,29
2156,43.8079834,4.193480492,154,도로,1,75.681,0.047,100,1,0,0,0,0,없음,,1,거짓,0.236,0.15,0.1,0.55,0,0,20
2157,43.8079834,4.193480492,154,도로,1,593.737,0.371,100,1,0,0,0,0,없음,,1,거짓,0.236,0.15,0.1,0.55,0,0,26
2158,52.66966522,3.364745061,154,도로,1,976.887,0.611,0,0,0,0,0,0,없음,,0,거짓,0.134,0.191,0,0,0,0,11
2159,55.0291214,3.144091129,154,도로,1,1081.121,0.676,0,0,0,0,0,0,없음,,0,거짓,0.11,0.203,0,0,0,0,11
2160,55.0291214,1.94628984,154,도로,1,779.169,0.487,0,0,0,0,0,0,없음,,0,거짓,0.11,0.293,0,0,0,0,10
2161,55.0291214,0.709696472,154,도로,1,678.453,0.424,0,0,0,0,0,0,없음,,0,거짓,0.11,0.481,0,0,0,0,14
2162,54.12011553,1.508128356,154,도로,1,940.485,0.588,0,0,0,0,0,0,없음,,0,거짓,0.119,0.34,0,0,0,0,12
2163,51.27340317,4.00855875,154,도로,1,837.008,0.523,0,0,0,0,0,0,없음,,0,거짓,0.149,0.158,0,0,0,0,8
2164,51.27340317,4.00855875,154,도로,1,902.174,0.564,0,0,0,0,0,0,없음,,0,거짓,0.149,0.158,0,0,0,0,8
2165,41.63878931,4.988897279,154,도로,1,820.572,0.513,0,0,0,0,0,0,없음,,0,거짓,0.264,0.117,0,0,0,0,10
2166,41.561409,4.996770859,154,도로,1,1016.857,0.636,0,0,0,0,0,0,없음,,0,거짓,0.265,0.117,0,0,0,0,10
2167,39.81628071,4.044326534,131,상업·업무시설,1,288.754,0.18,0,0,0.2,195.17,2022,0,없음,,0,거짓,0.289,0.156,0,0,1,0.1,12
2168,39.2095871,3.713209391,131,상업·업무시설,1,0.082,0,0,0,0,0,0,28,역삼역,4,0,참,0.297,0.172,0,0,0,0,23
2169,36.99967338,3.441298552,131,상업·업무시설,1,182.28,0.114,100,1,0,0,0,28,역삼역,4,1,참,0.329,0.187,0.1,0.55,0,0,39
2170,34.71818924,3.160581589,154,도로,1,1295.984,0.81,100,2,0,0,0,28,역삼역,4,1,참,0.365,0.202,0.2,0.6,0,0,46
2171,34.3232476,3.092084258,154,도로,1,304.876,0.191,50,1,0,0,0,28,역삼역,4,0.6,참,0.371,0.206,0.1,0.35,0,0,46
2172,33.08641815,2.877572775,131,상업·업무시설,1,1339.359,0.837,50,1,0,0,0,28,역삼역,4,0.6,참,0.391,0.22,0.1,0.35,0,0,47
2173,33.08641815,2.877572775,131,상업·업무시설,1,52.98,0.033,50,1,0,0,0,29,역삼역,3,0.6,참,0.391,0.22,0.1,0.35,0,0,34
2174,29.42240804,2.878378832,154,도로,1,785.632,0.491,30,1,0,0,0,0,없음,,0.2,거짓,0.456,0.22,0.1,0.15,0,0,20
2175,29.39298058,2.878385305,131,상업·업무시설,1,885.575,0.553,30,1,0,0,0,0,없음,,0.2,거짓,0.456,0.22,0.1,0.15,0,0,26
2176,27.97135077,2.77919333,131,상업·업무시설,1,178.121,0.111,30,1,0,0,0,0,없음,,0.2,거짓,0.484,0.226,0.1,0.15,0,0,26
2177,27.47712135,2.744709253,154,도로,1,783.325,0.49,30,1,0,0,0,0,없음,,0.2,거짓,0.494,0.229,0.1,0.15,0,0,21
2178,28.63605381,2.882038663,154,도로,1,585.949,0.366,100,1,0.2,241.19,2022,0,없음,,1,거짓,0.471,0.22,0.1,0.55,1,0.1,23
2179,29.83251953,3.023815632,112,공동주거시설,1,20.887,0.013,100,1,0.3,192.7,2010,0,없음,,1,거짓,0.448,0.211,0.1,0.55,1,0.1,22
2180,29.11786425,3.146231345,111,단독주거시설,1,0.053,0,0,0,0,0,0,0,없음,,0,거짓,0.462,0.203,0,0,0,0,15
2181,26.87979507,3.529597759,111,단독주거시설,1,46.628,0.029,0,0,0,0,0,0,없음,,0,거짓,0.506,0.182,0,0,0,0,16
2182,26.87979507,3.529597759,111,단독주거시설,1,168.93,0.106,0,0,0,0,0,0,없음,,0,거짓,0.506,0.182,0,0,0,0,16
2183,20.28541131,2.048907588,111,단독주거시설,1,2.123,0.001,0,0,0,0,0,0,없음,,0,거짓,0.661,0.283,0,0,0,0,21
2184,20.23244858,2.037015438,154,도로,1,792.3,0.495,30,1,0,0,0,0,없음,,0.2,거짓,0.663,0.284,0.1,0.15,0,0,24
2185,20.23244858,1.10295636,131,상업·업무시설,1,32.067,0.02,30,1,0,0,0,0,없음,,0.2,거짓,0.663,0.398,0.1,0.15,0,0,28
2186,20.23244858,0.778230846,154,도로,1,1000.272,0.625,50,1,0.3,5919.6,2022,0,없음,,0.6,거짓,0.663,0.463,0.1,0.35,1,0.1,35
2187,19.30227096,0.751477022,154,도로,1,836.547,0.523,30,2,0.3,5919.6,2022,0,없음,,0.2,거짓,0.689,0.47,0.2,0.2,1,0.1,36
2188,18.34196854,0.723856747,154,도로,1,735.361,0.46,100,1,0.3,1266.8,2022,0,없음,,1,거짓,0.717,0.477,0.1,0.55,1,0.1,35
2189,18.55187733,0.795641462,154,도로,1,549.495,0.343,30,1,0.3,320.7,2022,0,없음,,0.2,거짓,0.711,0.459,0.1,0.15,1,0.1,34
2190,19.20924377,1.020447969,154,도로,1,578.643,0.362,30,1,0.3,320.7,2022,0,없음,,0.2,거짓,0.691,0.413,0.1,0.15,1,0.1,32
2191,19.20924377,1.020447969,111,단독주거시설,1,71.923,0.045,30,1,0,0,0,0,없음,,0.2,거짓,0.691,0.413,0.1,0.15,0,0,32
2192,20.37429464,1.446220211,141,문화·체육·휴양시설,1,132.034,0.083,30,1,0,0,0,0,없음,,0.2,거짓,0.659,0.348,0.1,0.15,0,0,29
2193,20.38365173,1.449639797,112,공동주거시설,1,208.474,0.13,30,1,0,0,0,0,없음,,0.2,거짓,0.659,0.348,0.1,0.15,0,0,33
2194,21.76173656,1.940221831,154,도로,1,1210.764,0.757,30,1,0.2,764.31,2022,0,없음,,0.2,거짓,0.622,0.293,0.1,0.15,1,0.1,31
2195,22.24082756,2.11077261,154,도로,1,1075.915,0.672,100,2,0.2,764.31,2022,0,없음,,1,거짓,0.61,0.278,0.2,0.6,1,0.1,30
2196,25.00380203,1.937695712,154,도로,1,1154.098,0.721,30,1,0,0,0,0,없음,,0.2,거짓,0.546,0.293,0.1,0.15,0,0,28
2197,27.85625839,1.759013534,131,상업·업무시설,1,140.549,0.088,30,1,0,0,0,0,없음,,0.2,거짓,0.486,0.311,0.1,0.15,0,0,28
2198,27.85625839,1.759013534,154,도로,1,11.926,0.007,30,1,0,0,0,0,없음,,0.2,거짓,0.486,0.311,0.1,0.15,0,0,23
2199,55.0291214,3.144091129,154,도로,1,185.013,0.116,0,0,0,0,0,0,없음,,0,거짓,0.11,0.203,0,0,0,0,9
2200,55.0291214,1.710828582,154,도로,1,671.84,0.42,0,0,0,0,0,0,없음,,0,거짓,0.11,0.317,0,0,0,0,12
2201,54.9389122,0.755655931,154,도로,1,1024.269,0.64,0,0,0,0,0,0,없음,,0,거짓,0.111,0.469,0,0,0,0,16
2202,54.11592045,1.590644236,154,도로,1,917.571,0.573,0,0,0,0,0,0,없음,,0,거짓,0.119,0.33,0,0,0,0,12
2203,52.0665106,3.936587546,154,도로,1,864.739,0.54,0,0,0,0,0,0,없음,,0,거짓,0.141,0.161,0,0,0,0,8
2204,52.0665106,3.936587546,154,도로,1,828.308,0.518,0,0,0,0,0,0,없음,,0,거짓,0.141,0.161,0,0,0,0,8
2205,42.757731,5.035829626,154,도로,1,1010.766,0.632,0,0,0,0,0,0,없음,,0,거짓,0.249,0.116,0,0,0,0,9
2206,42.68296762,5.044658179,154,도로,1,947.832,0.592,0,0,0,0,0,0,없음,,0,거짓,0.25,0.115,0,0,0,0,11
2207,40.61672916,4.10723696,131,상업·업무시설,1,51.334,0.032,0,0,0,0,0,0,없음,,0,거짓,0.278,0.154,0,0,0,0,12
2208,39.89840164,3.781342598,131,상업·업무시설,1,0.636,0,0,0,0,0,0,28,역삼역,4,0,참,0.288,0.169,0,0,0,0,29
2209,37.77057367,3.517843907,131,상업·업무시설,1,360.907,0.226,0,0,0,0,0,28,역삼역,4,0,참,0.318,0.182,0,0,0,0,33
2210,35.57383372,3.245811528,131,상업·업무시설,1,44.786,0.028,50,1,0,0,0,28,역삼역,4,0.6,참,0.351,0.197,0.1,0.35,0,0,45
2211,35.16465587,3.196155172,131,상업·업무시설,1,10.351,0.006,0,0,0,0,0,28,역삼역,4,0,참,0.357,0.2,0,0,0,0,40
2212,33.8832432,3.040647527,131,상업·업무시설,1,295.373,0.185,0,0,0,0,0,28,역삼역,4,0,참,0.378,0.21,0,0,0,0,34
2213,33.8832432,3.040647527,131,상업·업무시설,1,117.893,0.074,0,0,0,0,0,29,역삼역,3,0,참,0.378,0.21,0,0,0,0,26
2214,30.33017453,3.114860793,131,상업·업무시설,1,330.379,0.206,0,0,0,0,0,0,없음,,0,거짓,0.439,0.205,0,0,0,0,15
2215,30.30163809,3.115456836,131,상업·업무시설,1,358.776,0.224,30,1,0,0,0,0,없음,,0.2,거짓,0.44,0.205,0.1,0.15,0,0,25
2216,29.00749409,3.004883344,154,도로,1,996.825,0.623,30,1,0,0,0,0,없음,,0.2,거짓,0.464,0.212,0.1,0.15,0,0,22
2217,28.5575851,2.966442484,111,단독주거시설,1,37.299,0.023,0,0,0,0,0,0,없음,,0,거짓,0.472,0.214,0,0,0,0,16
2218,29.51925915,2.999734368,131,상업·업무시설,1,125.718,0.079,100,1,0.2,241.19,2022,0,없음,,1,거짓,0.454,0.212,0.1,0.55,1,0.1,21
2219,30.51207804,3.034104446,131,상업·업무시설,1,21.604,0.014,0,0,0.2,241.19,2022,0,없음,,0,거짓,0.436,0.21,0,0,1,0.1,18
2220,29.79016279,3.175429397,154,도로,1,493.487,0.308,100,1,0.3,264.7,2011,0,없음,,1,거짓,0.449,0.201,0.1,0.55,1,0.1,19
2221,27.52935773,3.618013432,154,도로,1,885.004,0.553,100,1,0,0,0,0,없음,,1,거짓,0.493,0.177,0.1,0.55,0,0,18
2222,27.52935773,3.618013432,154,도로,1,872.672,0.545,30,1,0,0,0,0,없음,,0.2,거짓,0.493,0.177,0.1,0.15,0,0,23
2223,20.55734417,2.14748608,111,단독주거시설,1,147.457,0.092,30,1,0,0,0,0,없음,,0.2,거짓,0.654,0.274,0.1,0.15,0,0,25
2224,20.5013485,2.135675553,112,공동주거시설,1,121.984,0.076,50,1,0,0,0,0,없음,,0.6,거짓,0.655,0.275,0.1,0.35,0,0,24
2225,20.5013485,1.125305568,131,상업·업무시설,1,129.48,0.081,30,1,0,0,0,0,없음,,0.2,거짓,0.655,0.395,0.1,0.15,0,0,31
2226,20.5013485,0.774050577,131,상업·업무시설,1,215.434,0.135,30,1,0,0,0,0,없음,,0.2,거짓,0.655,0.464,0.1,0.15,0,0,32
2227,19.58414747,0.757771145,112,공동주거시설,1,49.649,0.031,30,1,0,0,0,0,없음,,0.2,거짓,0.681,0.468,0.1,0.15,0,0,33
2228,18.6372419,0.740964486,131,상업·업무시설,1,85.212,0.053,30,1,0.3,198.3,2022,0,없음,,0.2,거짓,0.708,0.472,0.1,0.15,1,0.1,36
2229,18.7977804,0.830628178,111,단독주거시설,1,65.865,0.041,30,1,0.3,319.8,2011,0,없음,,0.2,거짓,0.703,0.451,0.1,0.15,1,0.1,34
2230,19.30053504,1.111425855,154,도로,1,677.001,0.423,30,1,0.3,224.7,2011,0,없음,,0.2,거짓,0.689,0.397,0.1,0.15,1,0.1,31
2231,19.30053504,1.111425855,131,상업·업무시설,1,82.793,0.052,30,1,0,0,0,0,없음,,0.2,거짓,0.689,0.397,0.1,0.15,0,0,33
2232,20.93958861,1.555854979,154,도로,1,1100.106,0.688,30,1,0,0,0,0,없음,,0.2,거짓,0.644,0.334,0.1,0.15,0,0,37
2233,20.95275265,1.559424407,112,공동주거시설,1,122.645,0.077,100,1,0,0,0,0,없음,,1,거짓,0.643,0.334,0.1,0.55,0,0,33
2234,22.09097087,1.938640664,112,공동주거시설,1,337.348,0.211,50,1,0.2,764.31,2022,0,없음,,0.6,거짓,0.614,0.293,0.1,0.35,1,0.1,28
2235,22.48667228,2.070475145,131,상업·업무시설,1,3.808,0.002,30,1,0,0,0,0,없음,,0.2,거짓,0.604,0.281,0.1,0.15,0,0,27
2236,25.08377462,1.935467445,131,상업·업무시설,1,356.873,0.223,30,1,0,0,0,0,없음,,0.2,거짓,0.544,0.294,0.1,0.15,0,0,24
2237,27.79386859,1.784355838,131,상업·업무시설,1,50.039,0.031,30,1,0,0,0,0,없음,,0.2,거짓,0.487,0.309,0.1,0.15,0,0,26
2238,53.40637207,1.536448956,154,도로,1,1.771,0.001,0,0,0,0,0,0,없음,,0,거짓,0.127,0.337,0,0,0,0,9
2239,54.54494665,2.346527182,154,도로,1,340.643,0.213,0,0,0,0,0,0,없음,,0,거짓,0.115,0.258,0,0,0,0,12
2240,56.24664307,3.557257891,154,도로,1,797.959,0.499,0,0,0,0,0,0,없음,,0,거짓,0.098,0.18,0,0,0,0,9
2241,56.24664307,3.557257891,154,도로,1,780.141,0.488,0,0,0,0,0,0,없음,,0,거짓,0.098,0.18,0,0,0,0,8
2242,48.65519746,5.283190098,154,도로,1,765.609,0.479,0,0,0,0,0,0,없음,,0,거짓,0.178,0.107,0,0,0,0,8
2243,48.59422684,5.297051907,154,도로,1,1052.801,0.658,0,0,0,0,0,0,없음,,0,거짓,0.179,0.106,0,0,0,0,8
2244,44.83555301,4.438811103,131,상업·업무시설,1,140.252,0.088,0,0,0,0,0,31,역삼역,5,0,참,0.223,0.139,0,0,0,0,24
2245,43.52885056,4.140443802,154,도로,1,1033.237,0.646,0,0,0,0,0,28,역삼역,4,0,참,0.24,0.152,0,0,0,0,31
2246,41.83366173,3.921281969,131,상업·업무시설,1,467.326,0.292,0,0,0,0,0,28,역삼역,4,0,참,0.262,0.162,0,0,0,0,35
2247,40.08357239,3.695022345,154,도로,1,1601.214,1,30,1,0,0,0,28,역삼역,4,0.2,참,0.285,0.173,0.1,0.15,0,0,56
2248,39.59936151,3.744668764,131,상업·업무시설,1,2.276,0.001,0,0,0,0,0,28,역삼역,4,0,참,0.292,0.171,0,0,0,0,38
2249,38.08296967,3.900145292,131,상업·업무시설,1,215.698,0.135,0,0,0,0,0,28,역삼역,4,0,참,0.313,0.163,0,0,0,0,34
2250,38.08296967,3.900145292,131,상업·업무시설,1,77.458,0.048,0,0,0,0,0,29,역삼역,3,0,참,0.313,0.163,0,0,0,0,26
2251,35.1146262,4.361256781,131,상업·업무시설,1,41.057,0.026,0,0,0,0,0,0,없음,,0,거짓,0.358,0.142,0,0,0,0,13
2252,35.09078598,4.364960194,131,상업·업무시설,1,36.116,0.023,0,0,0,0,0,0,없음,,0,거짓,0.359,0.142,0,0,0,0,13
2253,34.46856553,4.194399561,111,단독주거시설,1,7.309,0.005,0,0,0,0,0,0,없음,,0,거짓,0.368,0.15,0,0,0,0,13
2254,34.25225067,4.135104179,111,단독주거시설,1,22.934,0.014,0,0,0,0,0,0,없음,,0,거짓,0.372,0.152,0,0,0,0,13
2255,34.17425944,3.620058451,154,도로,1,694.464,0.434,100,1,0,0,0,0,없음,,1,거짓,0.373,0.177,0.1,0.55,0,0,15
2256,34.09374237,3.088332415,112,공동주거시설,1,9.242,0.006,100,1,0,0,0,0,없음,,1,거짓,0.375,0.207,0.1,0.55,0,0,23
2257,33.33356289,3.329319934,154,도로,1,725.053,0.453,100,1,0.3,264.7,2011,0,없음,,1,거짓,0.387,0.193,0.1,0.55,1,0.1,24
2258,30.95292664,4.084014893,623,기타나지,0.7,119.286,0.052,100,1,0,0,0,0,없음,,1,거짓,0.428,0.155,0.1,0.55,0,0,23
2259,30.95292664,4.084014893,112,공동주거시설,1,142.822,0.089,30,1,0,0,0,0,없음,,0.2,거짓,0.428,0.155,0.1,0.15,0,0,23
2260,21.99058676,2.667051449,154,도로,1,902.772,0.564,50,1,0.3,526.1,2011,0,없음,,0.6,거짓,0.617,0.234,0.1,0.35,1,0.1,25
2261,21.9186058,2.65567112,112,공동주거시설,1,176.367,0.11,50,1,0,0,0,0,없음,,0.6,거짓,0.619,0.235,0.1,0.35,0,0,27
2262,21.9186058,1.24309875,131,상업·업무시설,1,147.991,0.092,30,1,0,0,0,0,없음,,0.2,거짓,0.619,0.376,0.1,0.15,0,0,31
2263,21.9186058,0.752018154,112,공동주거시설,1,0.001,0,30,1,0,0,0,0,없음,,0.2,거짓,0.619,0.47,0.1,0.15,0,0,31
2264,21.06979888,0.790944793,154,도로,1,775.247,0.485,50,1,0.3,177.2,2011,0,없음,,0.6,거짓,0.64,0.46,0.1,0.35,1,0.1,31
2265,20.19350243,0.831132114,131,상업·업무시설,1,23.929,0.015,50,1,0.5,223.6,2011,0,없음,,0.6,거짓,0.664,0.451,0.1,0.35,2,0.2,33
2266,20.09383104,1.015028296,131,상업·업무시설,1,192.413,0.12,30,1,0.5,223.6,2011,0,없음,,0.2,거짓,0.667,0.414,0.1,0.15,2,0.2,33
2267,19.7816925,1.590931654,131,상업·업무시설,1,10.484,0.007,30,1,0,0,0,0,없음,,0.2,거짓,0.675,0.33,0.1,0.15,0,0,28
2268,19.7816925,1.590931654,131,상업·업무시설,1,13.173,0.008,30,1,0,0,0,0,없음,,0.2,거짓,0.675,0.33,0.1,0.15,0,0,32
2269,23.91901305,2.133693278,112,공동주거시설,1,291.919,0.182,100,1,0,0,0,0,없음,,1,거짓,0.57,0.276,0.1,0.55,0,0,31
2270,23.9522419,2.138052464,112,공동주거시설,1,641.1,0.401,50,1,0,0,0,0,없음,,0.6,거짓,0.57,0.275,0.1,0.35,0,0,32
2271,23.82622511,1.930307003,112,공동주거시설,1,546.9,0.342,50,1,0,0,0,0,없음,,0.6,거짓,0.572,0.294,0.1,0.35,0,0,26
2272,23.78241539,1.858084321,112,공동주거시설,1,253.17,0.158,50,1,0,0,0,0,없음,,0.6,거짓,0.573,0.301,0.1,0.35,0,0,29
2273,25.49522912,1.923340418,131,상업·업무시설,1,316.883,0.198,30,1,0,0,0,0,없음,,0.2,거짓,0.535,0.295,0.1,0.15,0,0,25
2274,27.28393364,1.991487861,154,도로,1,208.742,0.13,30,1,0,0,0,0,없음,,0.2,거짓,0.498,0.288,0.1,0.15,0,0,25
2275,56.24664307,3.557257891,154,도로,1,38.854,0.024,0,0,0,0,0,0,없음,,0,거짓,0.098,0.18,0,0,0,0,6
2276,48.62015239,5.291157674,154,도로,1,509.03,0.318,0,0,0,0,0,0,없음,,0,거짓,0.179,0.106,0,0,0,0,12
2277,48.59422684,5.297051907,154,도로,1,843.253,0.527,0,0,0,0,0,32,역삼역,6,0,참,0.179,0.106,0,0,0,0,17
2278,44.75635007,4.420726214,154,도로,1,840.384,0.525,0,0,0,0,0,31,역삼역,5,0,참,0.224,0.14,0,0,0,0,34
2279,43.52885056,4.140443802,131,상업·업무시설,1,208.296,0.13,0,0,0,0,0,30,역삼역,2,0,참,0.24,0.152,0,0,0,0,31
2280,41.83366173,3.921281969,131,상업·업무시설,1,5.067,0.003,0,0,0,0,0,30,역삼역,2,0,참,0.262,0.162,0,0,0,0,34
2281,40.08357239,3.695022345,154,도로,1,1595.794,0.997,0,0,0,0,0,29,역삼역,3,0,참,0.285,0.173,0,0,0,0,39
2282,39.59936151,3.744668764,154,도로,1,17.03,0.011,0,0,0,0,0,29,역삼역,3,0,참,0.292,0.171,0,0,0,0,32
2283,38.08296967,3.900145292,154,도로,1,876.064,0.548,0,0,0,0,0,29,역삼역,3,0,참,0.313,0.163,0,0,0,0,29
2284,38.08296967,3.900145292,131,상업·업무시설,1,5.269,0.003,0,0,0,0,0,0,없음,,0,거짓,0.313,0.163,0,0,0,0,20
2285,35.1146262,4.361256781,131,상업·업무시설,1,2.122,0.001,0,0,0,0,0,0,없음,,0,거짓,0.358,0.142,0,0,0,0,13
2286,35.09078598,4.364960194,131,상업·업무시설,1,133.687,0.084,0,0,0,0,0,0,없음,,0,거짓,0.359,0.142,0,0,0,0,14
2287,34.46856553,4.194399561,131,상업·업무시설,1,281.124,0.176,0,0,0,0,0,0,없음,,0,거짓,0.368,0.15,0,0,0,0,14
2288,34.25225067,4.135104179,111,단독주거시설,1,90.801,0.057,0,0,0,0,0,0,없음,,0,거짓,0.372,0.152,0,0,0,0,13
2289,34.17425944,3.620058451,111,단독주거시설,1,40.161,0.025,0,0,0,0,0,0,없음,,0,거짓,0.373,0.177,0,0,0,0,13
2290,34.09374237,3.088332415,154,도로,1,580.948,0.363,100,1,0,0,0,0,없음,,1,거짓,0.375,0.207,0.1,0.55,0,0,14
2291,33.33356289,3.329319934,112,공동주거시설,1,144.48,0.09,100,1,0,0,0,0,없음,,1,거짓,0.387,0.193,0.1,0.55,0,0,19
2292,30.95292664,4.084014893,623,기타나지,0.7,20.262,0.009,100,1,0,0,0,0,없음,,1,거짓,0.428,0.155,0.1,0.55,0,0,24
2293,30.95292664,4.084014893,154,도로,1,647.037,0.404,100,2,0,0,0,0,없음,,1,거짓,0.428,0.155,0.2,0.6,0,0,26
2294,21.99058676,2.667051449,154,도로,1,481.003,0.301,30,1,0.3,526.1,2011,0,없음,,0.2,거짓,0.617,0.234,0.1,0.15,1,0.1,27
2295,21.9186058,2.65567112,154,도로,1,873.811,0.546,30,1,0,0,0,0,없음,,0.2,거짓,0.619,0.235,0.1,0.15,0,0,29
2296,21.9186058,1.24309875,131,상업·업무시설,1,13.422,0.008,30,1,0,0,0,0,없음,,0.2,거짓,0.619,0.376,0.1,0.15,0,0,30
2297,21.9186058,0.752018154,423,기타초지,0.4,34.68,0.009,30,1,0,0,0,0,없음,,0.2,거짓,0.619,0.47,0.1,0.15,0,0,32
2298,21.06979888,0.790944793,111,단독주거시설,1,32.803,0.021,30,1,0.3,177.2,2011,0,없음,,0.2,거짓,0.64,0.46,0.1,0.15,1,0.1,31
2299,20.19350243,0.831132114,112,공동주거시설,1,72.905,0.046,30,1,0.3,168.3,2011,0,없음,,0.2,거짓,0.664,0.451,0.1,0.15,1,0.1,31
2300,20.09383104,1.015028296,154,도로,1,725.833,0.454,30,1,0.2,164.69,2022,0,없음,,0.2,거짓,0.667,0.414,0.1,0.15,1,0.1,31
2301,19.7816925,1.590931654,154,도로,1,803.89,0.502,30,1,0,0,0,0,없음,,0.2,거짓,0.675,0.33,0.1,0.15,0,0,26
2302,19.7816925,1.590931654,111,단독주거시설,1,17.899,0.011,100,1,0,0,0,0,없음,,1,거짓,0.675,0.33,0.1,0.55,0,0,22
2303,23.91901305,2.133693278,154,도로,1,789.608,0.494,100,1,0,0,0,0,없음,,1,거짓,0.57,0.276,0.1,0.55,0,0,20
2304,23.9522419,2.138052464,154,도로,1,1045.21,0.653,50,1,0,0,0,0,없음,,0.6,거짓,0.57,0.275,0.1,0.35,0,0,23
2305,23.82622511,1.930307003,112,공동주거시설,1,273.86,0.171,50,1,0,0,0,0,없음,,0.6,거짓,0.572,0.294,0.1,0.35,0,0,28
2306,23.78241539,1.858084321,131,상업·업무시설,1,29.151,0.018,50,1,0,0,0,0,없음,,0.6,거짓,0.573,0.301,0.1,0.35,0,0,25
2307,24.89501137,1.90047286,131,상업·업무시설,1,2.924,0.002,30,1,0,0,0,0,없음,,0.2,거짓,0.548,0.297,0.1,0.15,0,0,28
2308,45.50776104,4.075994055,154,도로,1,124.006,0.078,0,0,0,0,0,31,역삼역,5,0,참,0.215,0.155,0,0,0,0,29
2309,47.56193971,4.009092952,131,상업·업무시설,1,13.243,0.008,0,0,0,0,0,30,역삼역,2,0,참,0.191,0.158,0,0,0,0,30
2310,46.09993086,3.72749847,131,상업·업무시설,1,19.484,0.012,0,0,0,0,0,30,역삼역,2,0,참,0.208,0.172,0,0,0,0,36
2311,44.60711777,3.506450874,131,상업·업무시설,1,3.205,0.002,0,0,0,0,0,30,역삼역,2,0,참,0.226,0.183,0,0,0,0,33
2312,44.37410004,3.57645903,131,상업·업무시설,1,273.57,0.171,0,0,0,0,0,30,역삼역,2,0,참,0.229,0.179,0,0,0,0,33
2313,43.64322776,3.795749293,131,상업·업무시설,1,20.578,0.013,0,0,0,0,0,30,역삼역,2,0,참,0.238,0.168,0,0,0,0,28
2314,43.64322776,3.795749293,423,기타초지,0.4,134.15,0.034,0,0,0,0,0,0,없음,,0,거짓,0.238,0.168,0,0,0,0,12
2315,41.92004699,3.928462561,131,상업·업무시설,1,55.544,0.035,0,0,0,0,0,0,없음,,0,거짓,0.26,0.162,0,0,0,0,12
2316,41.90620728,3.929528447,131,상업·업무시설,1,102.873,0.064,0,0,0,0,0,0,없음,,0,거짓,0.261,0.162,0,0,0,0,11
2317,42.13331817,3.460553765,112,공동주거시설,1,157.334,0.098,0,0,0,0,0,0,없음,,0,거짓,0.258,0.185,0,0,0,0,12
2318,42.21227324,3.29751478,111,단독주거시설,1,51.371,0.032,0,0,0,0,0,0,없음,,0,거짓,0.257,0.194,0,0,0,0,12
2319,39.59482067,3.316622756,111,단독주거시설,1,3.953,0.002,0,0,0,0,0,0,없음,,0,거짓,0.292,0.193,0,0,0,0,12
2320,36.89259909,3.336349565,112,공동주거시설,1,56.828,0.036,0,0,0,0,0,0,없음,,0,거짓,0.331,0.192,0,0,0,0,12
2321,35.16282473,3.605988722,111,단독주거시설,1,10.734,0.007,0,0,0,0,0,0,없음,,0,거짓,0.357,0.178,0,0,0,0,13
2322,29.74573096,4.450411345,154,도로,1,579.478,0.362,100,1,0,0,0,0,없음,,1,거짓,0.45,0.139,0.1,0.55,0,0,19
2323,29.74573096,4.450411345,154,도로,1,794.642,0.497,30,1,0.3,216.8,2011,0,없음,,0.2,거짓,0.45,0.139,0.1,0.15,1,0.1,22
2324,21.83644504,2.653093761,154,도로,1,815.092,0.509,30,1,0.3,250.5,2010,0,없음,,0.2,거짓,0.621,0.235,0.1,0.15,1,0.1,28
2325,21.77292168,2.638658621,131,상업·업무시설,1,167.412,0.105,30,1,0,0,0,0,없음,,0.2,거짓,0.622,0.236,0.1,0.15,0,0,27
2326,21.77292168,1.238079595,131,상업·업무시설,1,13.29,0.008,30,1,0,0,0,0,없음,,0.2,거짓,0.622,0.377,0.1,0.15,0,0,31
2327,21.77292168,0.751168483,131,상업·업무시설,1,24.147,0.015,30,1,0,0,0,0,없음,,0.2,거짓,0.622,0.47,0.1,0.15,0,0,30
2328,21.30334731,0.825567703,112,공동주거시설,1,7.345,0.005,30,1,0,0,0,0,없음,,0.2,거짓,0.634,0.452,0.1,0.15,0,0,30
2329,20.81856527,0.902376423,154,도로,1,744.92,0.466,30,1,0.2,212.29,2022,0,없음,,0.2,거짓,0.647,0.436,0.1,0.15,1,0.1,31
2330,20.91582385,1.033755438,154,도로,1,642.663,0.402,100,1,0.5,375.7,2011,0,없음,,1,거짓,0.644,0.41,0.1,0.55,2,0.2,30
2331,21.22040629,1.445192018,154,도로,1,816.371,0.51,30,1,0,0,0,0,없음,,0.2,거짓,0.636,0.348,0.1,0.15,0,0,27
2332,21.22040629,1.445192018,111,단독주거시설,1,138.777,0.087,0,0,0,0,0,0,없음,,0,거짓,0.636,0.348,0,0,0,0,22
2333,26.25234421,1.759688995,111,단독주거시설,1,12.128,0.008,0,0,0,0,0,0,없음,,0,거짓,0.519,0.311,0,0,0,0,19
2334,26.29275817,1.762214875,111,단독주거시설,1,38.425,0.024,0,0,0,0,0,0,없음,,0,거짓,0.518,0.311,0,0,0,0,18
2335,27.29748922,1.316856505,111,단독주거시설,1,84.074,0.053,0,0,0,0,0,0,없음,,0,거짓,0.497,0.365,0,0,0,0,19
2336,27.64678384,1.162027727,154,도로,1,883.64,0.552,30,1,0,0,0,0,없음,,0.2,거짓,0.49,0.389,0.1,0.15,0,0,26
2337,27.48956445,1.196189455,154,도로,1,579.076,0.362,30,1,0,0,0,0,없음,,0.2,거짓,0.493,0.383,0.1,0.15,0,0,29
2338,45.05776978,3.4876647,154,도로,1,257.226,0.161,0,0,0,0,0,30,역삼역,2,0,참,0.221,0.184,0,0,0,0,31
2339,44.79427098,3.578759748,131,상업·업무시설,1,19.142,0.012,0,0,0,0,0,30,역삼역,2,0,참,0.224,0.179,0,0,0,0,31
2340,44.19667053,3.785358191,131,상업·업무시설,1,3.066,0.002,0,0,0,0,0,30,역삼역,2,0,참,0.231,0.169,0,0,0,0,27
2341,44.19667053,3.785358191,131,상업·업무시설,1,7.824,0.005,0,0,0,0,0,0,없음,,0,거짓,0.231,0.169,0,0,0,0,12
2342,42.59742759,3.885384195,131,상업·업무시설,1,88.119,0.055,0,0,0,0,0,0,없음,,0,거짓,0.252,0.164,0,0,0,0,11
2343,42.58458328,3.886187553,131,상업·업무시설,1,120.641,0.075,0,0,0,0,0,0,없음,,0,거짓,0.252,0.164,0,0,0,0,11
2344,42.89623274,3.387510097,131,상업·업무시설,1,308.546,0.193,30,1,0,0,0,0,없음,,0.2,거짓,0.248,0.189,0.1,0.15,0,0,19
2345,43.00457764,3.214144945,154,도로,1,841.648,0.526,30,1,0,0,0,0,없음,,0.2,거짓,0.246,0.199,0.1,0.15,0,0,16
2346,40.13435865,3.286420149,154,도로,1,712.617,0.445,50,1,0.3,172.6,2011,0,없음,,0.6,거짓,0.284,0.195,0.1,0.35,1,0.1,17
2347,37.17118454,3.361036062,154,도로,1,622.116,0.389,100,1,0.3,172.6,2011,0,없음,,1,거짓,0.327,0.191,0.1,0.55,1,0.1,17
2348,35.34490112,3.633527074,154,도로,1,731.161,0.457,30,1,0,0,0,0,없음,,0.2,거짓,0.355,0.176,0.1,0.15,0,0,20
2349,29.6255722,4.486880779,112,공동주거시설,1,184.647,0.115,30,1,0,0,0,0,없음,,0.2,거짓,0.452,0.137,0.1,0.15,0,0,20
2350,29.6255722,4.486880779,154,도로,1,912.624,0.57,100,1,0.3,216.8,2011,0,없음,,1,거짓,0.452,0.137,0.1,0.55,1,0.1,24
2351,21.82110247,2.651704477,154,도로,1,1108.829,0.693,30,1,0,0,0,0,없음,,0.2,거짓,0.621,0.235,0.1,0.15,0,0,29
2352,21.75842094,2.636965275,154,도로,1,828.548,0.518,30,1,0,0,0,0,없음,,0.2,거짓,0.623,0.236,0.1,0.15,0,0,29
2353,21.75842094,1.237580011,154,도로,1,1140.673,0.713,30,1,0,0,0,0,없음,,0.2,거짓,0.623,0.377,0.1,0.15,0,0,32
2354,21.75842094,0.75108391,131,상업·업무시설,1,1.795,0.001,30,1,0,0,0,0,없음,,0.2,거짓,0.623,0.47,0.1,0.15,0,0,30
2355,21.32659365,0.82901391,131,상업·업무시설,1,3.018,0.002,30,1,0,0,0,0,없음,,0.2,거짓,0.634,0.452,0.1,0.15,0,0,31
2356,20.88078117,0.909467757,154,도로,1,614.459,0.384,30,1,0.5,375.7,2011,0,없음,,0.2,거짓,0.645,0.434,0.1,0.15,2,0.2,31
2357,20.99764128,1.035619453,154,도로,1,753.466,0.471,50,1,0.5,375.7,2011,0,없음,,0.6,거짓,0.642,0.41,0.1,0.35,2,0.2,31
2358,21.36360931,1.430685759,111,단독주거시설,1,160.834,0.101,30,1,0,0,0,0,없음,,0.2,거짓,0.633,0.35,0.1,0.15,0,0,23
2359,21.36360931,1.430685759,111,단독주거시설,1,57.827,0.036,0,0,0,0,0,0,없음,,0,거짓,0.633,0.35,0,0,0,0,22
2360,26.48459337,1.722462312,112,공동주거시설,1,180.66,0.113,0,0,0.5,651,2010,0,없음,,0,거짓,0.514,0.315,0,0,2,0.2,19
2361,26.5257225,1.724805713,112,공동주거시설,1,15.588,0.01,0,0,0.5,651,2010,0,없음,,0,거짓,0.513,0.315,0,0,2,0.2,19
2362,27.64300304,1.255796436,112,공동주거시설,1,219.441,0.137,0,0,0,0,0,0,없음,,0,거짓,0.49,0.374,0,0,0,0,19
2363,28.03142548,1.092745423,154,도로,1,1150.785,0.719,30,1,0,0,0,0,없음,,0.2,거짓,0.483,0.4,0.1,0.15,0,0,26
2364,28.03142548,1.092745423,154,도로,1,63.928,0.04,30,1,0,0,0,0,없음,,0.2,거짓,0.483,0.4,0.1,0.15,0,0,25
2365,44.19667053,3.785358191,154,도로,1,14.191,0.009,0,0,0,0,0,0,없음,,0,거짓,0.231,0.169,0,0,0,0,8
2366,44.46232713,3.747276425,154,도로,1,423.444,0.265,50,1,0,0,0,0,없음,,0.6,거짓,0.228,0.171,0.1,0.35,0,0,17
2367,45.89423621,3.429081617,131,상업·업무시설,1,221.096,0.138,30,1,0,0,0,0,없음,,0.2,거짓,0.21,0.187,0.1,0.15,0,0,18
2368,47.18235494,3.250256399,131,상업·업무시설,1,617.785,0.386,30,1,0,0,0,0,없음,,0.2,거짓,0.195,0.197,0.1,0.15,0,0,22
2369,43.39762025,3.354112388,131,상업·업무시설,1,10.382,0.006,30,1,0,0,0,0,없음,,0.2,거짓,0.241,0.191,0.1,0.15,0,0,20
2370,42.04184034,3.395752832,131,상업·업무시설,1,179.715,0.112,30,1,0,0,0,0,없음,,0.2,거짓,0.259,0.189,0.1,0.15,0,0,19
2371,39.57739608,3.40372786,112,공동주거시설,1,0.573,0,100,1,0.3,172.6,2011,0,없음,,1,거짓,0.292,0.189,0.1,0.55,1,0.1,20
2372,37.03313816,3.411961169,112,공동주거시설,1,111.073,0.069,30,1,0.3,172.6,2011,0,없음,,0.2,거짓,0.329,0.188,0.1,0.15,1,0.1,19
2373,35.55301399,3.656352381,111,단독주거시설,1,1.013,0.001,30,1,0,0,0,0,없음,,0.2,거짓,0.351,0.175,0.1,0.15,0,0,19
2374,30.91774386,4.421706605,154,도로,1,0.929,0.001,30,1,0,0,0,0,없음,,0.2,거짓,0.429,0.14,0.1,0.15,0,0,21
2375,30.91774386,4.421706605,112,공동주거시설,1,3.206,0.002,30,1,0,0,0,0,없음,,0.2,거짓,0.429,0.14,0.1,0.15,0,0,20
2376,23.15540201,2.605960526,131,상업·업무시설,1,79.513,0.05,30,1,0,0,0,0,없음,,0.2,거짓,0.588,0.238,0.1,0.15,0,0,26
2377,23.09305883,2.591377377,131,상업·업무시설,1,21.784,0.014,30,1,0,0,0,0,없음,,0.2,거짓,0.59,0.239,0.1,0.15,0,0,29
2378,23.09305883,1.200766704,131,상업·업무시설,1,5.349,0.003,30,1,0,0,0,0,없음,,0.2,거짓,0.59,0.383,0.1,0.15,0,0,29
2379,23.09305883,0.717321088,112,공동주거시설,1,73.204,0.046,30,1,0,0,0,0,없음,,0.2,거짓,0.59,0.479,0.1,0.15,0,0,31
2380,22.70806142,0.73501571,111,단독주거시설,1,47.134,0.029,30,1,0.2,177.99,2022,0,없음,,0.2,거짓,0.599,0.474,0.1,0.15,1,0.1,31
2381,22.31059545,0.753283391,154,도로,1,617.267,0.386,30,1,0.2,177.99,2022,0,없음,,0.2,거짓,0.609,0.469,0.1,0.15,1,0.1,31
2382,22.34707905,0.786410345,112,공동주거시설,1,5.954,0.004,30,1,0,0,0,0,없음,,0.2,거짓,0.608,0.461,0.1,0.15,0,0,30
2383,22.46133391,0.89015325,154,도로,1,812.374,0.508,30,1,0,0,0,0,없음,,0.2,거짓,0.605,0.438,0.1,0.15,0,0,29
2384,22.46133391,0.89015325,111,단독주거시설,1,70.138,0.044,0,0,0,0,0,0,없음,,0,거짓,0.605,0.438,0,0,0,0,23
2385,24.56703926,1.552821372,423,기타초지,0.4,109.204,0.027,0,0,0.5,651,2010,0,없음,,0,거짓,0.556,0.335,0,0,2,0.2,20
2386,24.58395122,1.558143585,111,단독주거시설,1,238.38,0.149,0,0,0,0,0,0,없음,,0,거짓,0.555,0.334,0,0,0,0,19
2387,26.48430416,1.414250065,154,도로,1,665.64,0.416,100,1,0,0,0,0,없음,,1,거짓,0.514,0.352,0.1,0.55,0,0,21
2388,27.23998017,1.335126011,154,도로,1,878.934,0.549,30,1,0,0,0,0,없음,,0.2,거짓,0.498,0.363,0.1,0.15,0,0,28
2389,49.73099518,2.897746563,154,도로,1,75.162,0.047,30,1,0,0,0,0,없음,,0.2,거짓,0.166,0.219,0.1,0.15,0,0,16
2390,42.87676597,3.393234876,131,상업·업무시설,1,33.471,0.021,30,1,0,0,0,0,없음,,0.2,거짓,0.248,0.189,0.1,0.15,0,0,20
2391,41.54472351,3.489527464,154,도로,1,829.12,0.518,30,2,0,0,0,0,없음,,0.2,거짓,0.265,0.184,0.2,0.2,0,0,23
2392,39.27138852,3.464094577,131,상업·업무시설,1,103.852,0.065,30,1,0,0,0,0,없음,,0.2,거짓,0.296,0.185,0.1,0.15,0,0,22
2393,36.96185684,3.438256741,112,공동주거시설,1,0.337,0,30,1,0,0,0,0,없음,,0.2,거짓,0.33,0.187,0.1,0.15,0,0,20
2394,35.66047467,3.668138405,131,상업·업무시설,1,0.896,0.001,30,1,0,0,0,0,없음,,0.2,거짓,0.35,0.175,0.1,0.15,0,0,20
2395,31.58496666,4.388053417,423,기타초지,0.4,1.155,0,30,1,0,0,0,0,없음,,0.2,거짓,0.417,0.141,0.1,0.15,0,0,21
2396,31.58496666,4.388053417,131,상업·업무시설,1,0.569,0,30,1,0,0,0,0,없음,,0.2,거짓,0.417,0.141,0.1,0.15,0,0,20
2397,23.84437786,2.582340284,112,공동주거시설,1,143.689,0.09,30,1,0,0,0,0,없음,,0.2,거짓,0.572,0.24,0.1,0.15,0,0,26
2398,23.7822094,2.567837715,131,상업·업무시설,1,2.838,0.002,30,1,0,0,0,0,없음,,0.2,거짓,0.573,0.241,0.1,0.15,0,0,26
2399,23.7822094,1.181757869,131,상업·업무시설,1,13.249,0.008,30,1,0,0,0,0,없음,,0.2,거짓,0.573,0.386,0.1,0.15,0,0,27
2400,23.7822094,0.699887395,112,공동주거시설,1,43.251,0.027,30,1,0,0,0,0,없음,,0.2,거짓,0.573,0.483,0.1,0.15,0,0,30
2401,23.42139295,0.686479015,111,단독주거시설,1,3.979,0.002,30,1,0,0,0,0,없음,,0.2,거짓,0.582,0.487,0.1,0.15,0,0,30
2402,23.04889107,0.67263639,112,공동주거시설,1,35.236,0.022,30,1,0,0,0,0,없음,,0.2,거짓,0.591,0.49,0.1,0.15,0,0,31
2403,23.04387165,0.657729301,154,도로,1,758.507,0.474,30,1,0,0,0,0,없음,,0.2,거짓,0.591,0.495,0.1,0.15,0,0,32
2404,23.02815247,0.611045122,112,공동주거시설,1,59.375,0.037,50,1,0,0,0,0,없음,,0.6,거짓,0.591,0.508,0.1,0.35,0,0,32
2405,23.02815247,0.611045122,112,공동주거시설,1,304.558,0.19,30,1,0,0,0,0,없음,,0.2,거짓,0.591,0.508,0.1,0.15,0,0,33
2406,23.57689542,1.465225965,154,도로,1,1040.174,0.65,30,1,0,0,0,0,없음,,0.2,거짓,0.578,0.346,0.1,0.15,0,0,29
2407,23.58130264,1.47208631,111,단독주거시설,1,4.493,0.003,0,0,0,0,0,0,없음,,0,거짓,0.578,0.345,0,0,0,0,21
2408,25.88600106,1.496068818,154,도로,1,694.066,0.434,100,1,0,0,0,0,없음,,1,거짓,0.527,0.342,0.1,0.55,0,0,20
2409,26.68722916,1.504406333,154,도로,1,358.237,0.224,100,1,0,0,0,0,없음,,1,거짓,0.51,0.341,0.1,0.55,0,0,33
2410,37.61460008,3.445559292,154,도로,1,184.202,0.115,30,1,0,0,0,0,없음,,0.2,거짓,0.32,0.186,0.1,0.15,0,0,19
2411,36.96185684,3.437414594,131,상업·업무시설,1,15.89,0.01,30,1,0,0,0,0,없음,,0.2,거짓,0.33,0.187,0.1,0.15,0,0,21
2412,35.44997145,3.694170894,131,상업·업무시설,1,98.623,0.062,30,1,0,0,0,0,없음,,0.2,거짓,0.353,0.173,0.1,0.15,0,0,21
2413,31.58496666,4.389792925,154,도로,1,1088.68,0.68,30,1,0,0,0,0,없음,,0.2,거짓,0.417,0.141,0.1,0.15,0,0,22
2414,31.58496666,4.389792925,131,상업·업무시설,1,3.946,0.002,30,1,0,0,0,0,없음,,0.2,거짓,0.417,0.141,0.1,0.15,0,0,20
2415,23.84437786,2.597322967,131,상업·업무시설,1,303.463,0.19,30,1,0,0,0,0,없음,,0.2,거짓,0.572,0.239,0.1,0.15,0,0,27
2416,23.7822094,2.582926761,131,상업·업무시설,1,6.701,0.004,30,1,0,0,0,0,없음,,0.2,거짓,0.573,0.24,0.1,0.15,0,0,27
2417,23.7822094,1.171448787,131,상업·업무시설,1,44.383,0.028,30,1,0,0,0,0,없음,,0.2,거짓,0.573,0.387,0.1,0.15,0,0,28
2418,23.7822094,0.680748657,154,도로,1,902.85,0.564,30,1,0.2,234.62,2022,0,없음,,0.2,거짓,0.573,0.488,0.1,0.15,1,0.1,32
2419,23.42139295,0.686909953,154,도로,1,575.457,0.36,30,1,0,0,0,0,없음,,0.2,거짓,0.582,0.487,0.1,0.15,0,0,31
2420,23.04889107,0.693270789,112,공동주거시설,1,130.947,0.082,30,1,0,0,0,0,없음,,0.2,거짓,0.591,0.485,0.1,0.15,0,0,31
2421,23.04387165,0.67530368,111,단독주거시설,1,108.425,0.068,30,1,0,0,0,0,없음,,0.2,거짓,0.591,0.49,0.1,0.15,0,0,30
2422,23.02815247,0.619036506,111,단독주거시설,1,9.64,0.006,30,1,0,0,0,0,없음,,0.2,거짓,0.591,0.506,0.1,0.15,0,0,32
2423,23.02815247,0.619036506,112,공동주거시설,1,730.504,0.457,30,1,0,0,0,0,없음,,0.2,거짓,0.591,0.506,0.1,0.15,0,0,37
2424,23.57689542,1.287149113,423,기타초지,0.4,233.533,0.058,30,1,0,0,0,0,없음,,0.2,거짓,0.578,0.37,0.1,0.15,0,0,28
2425,23.58130264,1.292515054,112,공동주거시설,1,137.403,0.086,0,0,0,0,0,0,없음,,0,거짓,0.578,0.369,0,0,0,0,21
2426,25.73569405,1.485307971,131,상업·업무시설,1,2.807,0.002,0,0,0,0,0,0,없음,,0,거짓,0.53,0.343,0,0,0,0,20
2427,26.68722916,1.504406333,154,도로,1,2.381,0.001,0,0,0,0,0,0,없음,,0,거짓,0.51,0.341,0,0,0,0,17
2428,31.58496666,4.392301559,154,도로,1,1.693,0.001,30,1,0,0,0,0,없음,,0.2,거짓,0.417,0.141,0.1,0.15,0,0,18
2429,31.58496666,4.392301559,154,도로,1,339.618,0.212,30,1,0,0,0,0,없음,,0.2,거짓,0.417,0.141,0.1,0.15,0,0,22
2430,31.58496666,4.392301559,131,상업·업무시설,1,56.912,0.036,30,1,0,0,0,0,없음,,0.2,거짓,0.417,0.141,0.1,0.15,0,0,21
2431,23.83371044,2.616486357,131,상업·업무시설,1,194.952,0.122,30,1,0,0,0,0,없음,,0.2,거짓,0.572,0.238,0.1,0.15,0,0,29
2432,23.7822094,2.604687452,131,상업·업무시설,1,1.715,0.001,30,1,0,0,0,0,없음,,0.2,거짓,0.573,0.238,0.1,0.15,0,0,27
2433,23.7822094,1.156581529,154,도로,1,871.274,0.545,30,1,0.3,185.1,2011,0,없음,,0.2,거짓,0.573,0.39,0.1,0.15,1,0.1,28
2434,23.7822094,0.653147697,154,도로,1,791.131,0.494,30,1,0.3,180.4,2011,0,없음,,0.2,거짓,0.573,0.496,0.1,0.15,1,0.1,31
2435,23.42139295,0.687531431,154,도로,1,760.622,0.475,30,1,0,0,0,0,없음,,0.2,거짓,0.582,0.486,0.1,0.15,0,0,32
2436,23.04889107,0.723028719,154,도로,1,927.24,0.58,100,1,0,0,0,0,없음,,1,거짓,0.591,0.477,0.1,0.55,0,0,28
2437,23.04387165,0.700648597,154,도로,1,848.6,0.53,100,1,0.1,482.3,2010,0,없음,,1,거짓,0.591,0.483,0.1,0.55,1,0.1,27
2438,23.02815247,0.630561292,154,도로,1,746.363,0.466,50,1,0.1,482.3,2010,0,없음,,0.6,거짓,0.591,0.503,0.1,0.35,1,0.1,34
2439,23.02815247,0.630561292,131,상업·업무시설,1,1003.74,0.627,30,1,0,0,0,0,없음,,0.2,거짓,0.591,0.503,0.1,0.15,0,0,39
2440,23.57689542,1.030335309,131,상업·업무시설,1,81.42,0.051,30,1,0,0,0,0,없음,,0.2,거짓,0.578,0.411,0.1,0.15,0,0,29
2441,23.58130264,1.03354609,131,상업·업무시설,1,245.864,0.154,30,1,0,0,0,0,없음,,0.2,거짓,0.578,0.411,0.1,0.15,0,0,29
2442,24.95791175,1.330470632,154,도로,1,740.491,0.463,30,1,0,0,0,0,없음,,0.2,거짓,0.547,0.363,0.1,0.15,0,0,28
2443,23.7822094,2.604687452,154,도로,1,38.483,0.024,30,1,0,0,0,0,없음,,0.2,거짓,0.573,0.238,0.1,0.15,0,0,24
2444,23.7822094,2.604687452,131,상업·업무시설,1,8.749,0.005,30,1,0,0,0,0,없음,,0.2,거짓,0.573,0.238,0.1,0.15,0,0,26
2445,23.78527789,1.057111459,154,도로,1,830.058,0.519,30,1,0.3,185.1,2011,0,없음,,0.2,거짓,0.573,0.406,0.1,0.15,1,0.1,31
2446,24.03412905,0.725775846,112,공동주거시설,1,34.796,0.022,50,1,0.3,185.1,2011,0,없음,,0.6,거짓,0.568,0.476,0.1,0.35,1,0.1,30
2447,23.76225839,0.779827029,131,상업·업무시설,1,52.605,0.033,30,1,0,0,0,0,없음,,0.2,거짓,0.574,0.463,0.1,0.15,0,0,30
2448,23.44475492,0.825011246,154,도로,1,622.314,0.389,100,1,0,0,0,0,없음,,1,거짓,0.581,0.452,0.1,0.55,0,0,27
2449,23.41351659,0.808362949,112,공동주거시설,1,122.556,0.077,0,0,0,0,0,0,없음,,0,거짓,0.582,0.456,0,0,0,0,23
2450,23.31568824,0.75622587,131,상업·업무시설,1,108.338,0.068,30,1,0,0,0,0,없음,,0.2,거짓,0.584,0.469,0.1,0.15,0,0,32
2451,23.31568824,0.75622587,154,도로,1,991.797,0.62,50,1,0.3,479.7,2011,0,없음,,0.6,거짓,0.584,0.469,0.1,0.35,1,0.1,33
2452,23.85089314,1.08165509,131,상업·업무시설,1,40.069,0.025,0,0,0.3,479.7,2011,0,없음,,0,거짓,0.572,0.402,0,0,1,0.1,25
2453,23.83805761,1.081095649,154,도로,1,1100.546,0.688,30,1,0,0,0,0,없음,,0.2,거짓,0.572,0.402,0.1,0.15,0,0,32
2454,23.59098022,1.035633474,154,도로,1,157.189,0.098,30,1,0,0,0,0,없음,,0.2,거짓,0.578,0.41,0.1,0.15,0,0,29
2455,25.58557892,1.173057079,154,도로,1,123.342,0.077,30,1,0,0,0,0,없음,,0.2,거짓,0.533,0.387,0.1,0.15,0,0,27
2456,25.55288747,1.286925775,154,도로,1,676.392,0.423,30,1,0,0,0,0,없음,,0.2,거짓,0.534,0.37,0.1,0.15,0,0,34
2457,25.53118515,1.362517834,154,도로,1,841.189,0.526,30,1,0,0,0,0,없음,,0.2,거짓,0.534,0.359,0.1,0.15,0,0,31
2458,25.36161428,1.376091067,154,도로,1,714.85,0.447,100,1,0,0,0,0,없음,,1,거짓,0.538,0.357,0.1,0.55,0,0,24
2459,24.83116722,1.418550491,154,도로,1,1026.589,0.642,100,1,0.3,175.1,2011,0,없음,,1,거짓,0.55,0.352,0.1,0.55,1,0.1,27
2460,24.83116722,1.418550491,111,단독주거시설,1,39.63,0.025,100,1,0.3,175.1,2011,0,없음,,1,거짓,0.55,0.352,0.1,0.55,1,0.1,25
2461,25.29501878,1.352139865,112,공동주거시설,1,1.836,0.001,0,0,0.3,479.7,2011,0,없음,,0,거짓,0.539,0.36,0,0,1,0.1,24
2462,25.2987442,1.351606488,154,도로,1,1034.246,0.646,30,1,0,0,0,0,없음,,0.2,거짓,0.539,0.361,0.1,0.15,0,0,30
2463,25.21486034,1.387837928,154,도로,1,256.27,0.16,30,1,0,0,0,0,없음,,0.2,거짓,0.541,0.356,0.1,0.15,0,0,28
2464,24.83116722,1.418550491,154,도로,1,714.718,0.447,100,1,0,0,0,0,없음,,1,거짓,0.55,0.352,0.1,0.55,0,0,29
2465,24.83116722,1.418550491,131,상업·업무시설,1,137.709,0.086,100,1,0,0,0,0,없음,,1,거짓,0.55,0.352,0.1,0.55,0,0,26
2466,25.29501878,1.352139865,131,상업·업무시설,1,100.663,0.063,100,1,0,0,0,0,없음,,1,거짓,0.539,0.36,0.1,0.55,0,0,25
2467,25.2987442,1.351606488,154,도로,1,516.726,0.323,30,1,0,0,0,0,없음,,0.2,거짓,0.539,0.361,0.1,0.15,0,0,31
2468,24.83116722,1.418550491,154,도로,1,13.967,0.009,100,1,0,0,0,0,없음,,1,거짓,0.55,0.352,0.1,0.55,0,0,29
2469,27.1474139,1.762760986,154,도로,1,420.641,0.263,0,0,0,0,0,0,없음,,0,거짓,0.5,0.311,0,0,0,0,21
2470,26.84487332,1.695120528,154,도로,1,37.028,0.023,50,1,0,0,0,0,없음,,0.6,거짓,0.507,0.318,0.1,0.35,0,0,26
